source,application_bits,ebn0_db,repeat,seed,delivered_application_bits,transmitted_bits,packet_count,delivered_packets,attempts,retransmissions,crc_failures,duration_s,latency_budget_exhausted,payload_delivery_ratio,packet_delivery_ratio,frame_success,goodput_bps,gross_bitrate_bps
hard_semantic,262,0.0,0,20260711,0,1316,1,0,2,1,2,0.0027579999999999996,False,0.0,0.0,False,0.0,477157.36040609144
hard_semantic,262,0.0,1,20260712,0,1316,1,0,2,1,2,0.0027579999999999996,False,0.0,0.0,False,0.0,477157.36040609144
hard_semantic,262,0.0,2,20260713,0,1316,1,0,2,1,2,0.0027579999999999996,False,0.0,0.0,False,0.0,477157.36040609144
hard_semantic,262,0.0,3,20260714,0,1316,1,0,2,1,2,0.0027579999999999996,False,0.0,0.0,False,0.0,477157.36040609144
hard_semantic,262,0.0,4,20260715,0,1316,1,0,2,1,2,0.0027579999999999996,False,0.0,0.0,False,0.0,477157.36040609144
hard_semantic,262,0.0,5,20260716,0,1316,1,0,2,1,2,0.0027579999999999996,False,0.0,0.0,False,0.0,477157.36040609144
hard_semantic,262,0.0,6,20260717,0,1316,1,0,2,1,2,0.0027579999999999996,False,0.0,0.0,False,0.0,477157.36040609144
hard_semantic,262,0.0,7,20260718,0,1316,1,0,2,1,2,0.0027579999999999996,False,0.0,0.0,False,0.0,477157.36040609144
hard_semantic,262,0.0,8,20260719,0,1316,1,0,2,1,2,0.0027579999999999996,False,0.0,0.0,False,0.0,477157.36040609144
hard_semantic,262,0.0,9,20260720,0,1316,1,0,2,1,2,0.0027579999999999996,False,0.0,0.0,False,0.0,477157.36040609144
hard_semantic,262,0.0,10,20260721,0,1316,1,0,2,1,2,0.0027579999999999996,False,0.0,0.0,False,0.0,477157.36040609144
hard_semantic,262,0.0,11,20260722,0,1316,1,0,2,1,2,0.0027579999999999996,False,0.0,0.0,False,0.0,477157.36040609144
hard_semantic,262,0.0,12,20260723,0,1316,1,0,2,1,2,0.0027579999999999996,False,0.0,0.0,False,0.0,477157.36040609144
hard_semantic,262,0.0,13,20260724,0,1316,1,0,2,1,2,0.0027579999999999996,False,0.0,0.0,False,0.0,477157.36040609144
hard_semantic,262,0.0,14,20260725,0,1316,1,0,2,1,2,0.0027579999999999996,False,0.0,0.0,False,0.0,477157.36040609144
hard_semantic,262,0.0,15,20260726,0,1316,1,0,2,1,2,0.0027579999999999996,False,0.0,0.0,False,0.0,477157.36040609144
hard_semantic,262,0.0,16,20260727,0,1316,1,0,2,1,2,0.0027579999999999996,False,0.0,0.0,False,0.0,477157.36040609144
hard_semantic,262,0.0,17,20260728,0,1316,1,0,2,1,2,0.0027579999999999996,False,0.0,0.0,False,0.0,477157.36040609144
hard_semantic,262,0.0,18,20260729,0,1316,1,0,2,1,2,0.0027579999999999996,False,0.0,0.0,False,0.0,477157.36040609144
hard_semantic,262,0.0,19,20260730,0,1316,1,0,2,1,2,0.0027579999999999996,False,0.0,0.0,False,0.0,477157.36040609144
hard_semantic,262,0.0,20,20260731,0,1316,1,0,2,1,2,0.0027579999999999996,False,0.0,0.0,False,0.0,477157.36040609144
hard_semantic,262,0.0,21,20260732,0,1316,1,0,2,1,2,0.0027579999999999996,False,0.0,0.0,False,0.0,477157.36040609144
hard_semantic,262,0.0,22,20260733,0,1316,1,0,2,1,2,0.0027579999999999996,False,0.0,0.0,False,0.0,477157.36040609144
hard_semantic,262,0.0,23,20260734,0,1316,1,0,2,1,2,0.0027579999999999996,False,0.0,0.0,False,0.0,477157.36040609144
hard_semantic,262,0.0,24,20260735,0,1316,1,0,2,1,2,0.0027579999999999996,False,0.0,0.0,False,0.0,477157.36040609144
hard_semantic,262,0.0,25,20260736,0,1316,1,0,2,1,2,0.0027579999999999996,False,0.0,0.0,False,0.0,477157.36040609144
hard_semantic,262,0.0,26,20260737,0,1316,1,0,2,1,2,0.0027579999999999996,False,0.0,0.0,False,0.0,477157.36040609144
hard_semantic,262,0.0,27,20260738,0,1316,1,0,2,1,2,0.0027579999999999996,False,0.0,0.0,False,0.0,477157.36040609144
hard_semantic,262,0.0,28,20260739,0,1316,1,0,2,1,2,0.0027579999999999996,False,0.0,0.0,False,0.0,477157.36040609144
hard_semantic,262,0.0,29,20260740,0,1316,1,0,2,1,2,0.0027579999999999996,False,0.0,0.0,False,0.0,477157.36040609144
hard_semantic,262,3.0,0,20270711,0,1316,1,0,2,1,2,0.0027579999999999996,False,0.0,0.0,False,0.0,477157.36040609144
hard_semantic,262,3.0,1,20270712,0,1316,1,0,2,1,2,0.0027579999999999996,False,0.0,0.0,False,0.0,477157.36040609144
hard_semantic,262,3.0,2,20270713,262,658,1,1,1,0,0,0.0013789999999999998,False,1.0,1.0,True,189992.74836838292,477157.36040609144
hard_semantic,262,3.0,3,20270714,262,658,1,1,1,0,0,0.0013789999999999998,False,1.0,1.0,True,189992.74836838292,477157.36040609144
hard_semantic,262,3.0,4,20270715,262,658,1,1,1,0,0,0.0013789999999999998,False,1.0,1.0,True,189992.74836838292,477157.36040609144
hard_semantic,262,3.0,5,20270716,262,658,1,1,1,0,0,0.0013789999999999998,False,1.0,1.0,True,189992.74836838292,477157.36040609144
hard_semantic,262,3.0,6,20270717,262,658,1,1,1,0,0,0.0013789999999999998,False,1.0,1.0,True,189992.74836838292,477157.36040609144
hard_semantic,262,3.0,7,20270718,262,658,1,1,1,0,0,0.0013789999999999998,False,1.0,1.0,True,189992.74836838292,477157.36040609144
hard_semantic,262,3.0,8,20270719,0,1316,1,0,2,1,2,0.0027579999999999996,False,0.0,0.0,False,0.0,477157.36040609144
hard_semantic,262,3.0,9,20270720,262,658,1,1,1,0,0,0.0013789999999999998,False,1.0,1.0,True,189992.74836838292,477157.36040609144
hard_semantic,262,3.0,10,20270721,262,658,1,1,1,0,0,0.0013789999999999998,False,1.0,1.0,True,189992.74836838292,477157.36040609144
hard_semantic,262,3.0,11,20270722,262,658,1,1,1,0,0,0.0013789999999999998,False,1.0,1.0,True,189992.74836838292,477157.36040609144
hard_semantic,262,3.0,12,20270723,262,658,1,1,1,0,0,0.0013789999999999998,False,1.0,1.0,True,189992.74836838292,477157.36040609144
hard_semantic,262,3.0,13,20270724,0,1316,1,0,2,1,2,0.0027579999999999996,False,0.0,0.0,False,0.0,477157.36040609144
hard_semantic,262,3.0,14,20270725,0,1316,1,0,2,1,2,0.0027579999999999996,False,0.0,0.0,False,0.0,477157.36040609144
hard_semantic,262,3.0,15,20270726,0,1316,1,0,2,1,2,0.0027579999999999996,False,0.0,0.0,False,0.0,477157.36040609144
hard_semantic,262,3.0,16,20270727,262,658,1,1,1,0,0,0.0013789999999999998,False,1.0,1.0,True,189992.74836838292,477157.36040609144
hard_semantic,262,3.0,17,20270728,262,1316,1,1,2,1,1,0.0027579999999999996,False,1.0,1.0,True,94996.37418419146,477157.36040609144
hard_semantic,262,3.0,18,20270729,262,1316,1,1,2,1,1,0.0027579999999999996,False,1.0,1.0,True,94996.37418419146,477157.36040609144
hard_semantic,262,3.0,19,20270730,0,1316,1,0,2,1,2,0.0027579999999999996,False,0.0,0.0,False,0.0,477157.36040609144
hard_semantic,262,3.0,20,20270731,0,1316,1,0,2,1,2,0.0027579999999999996,False,0.0,0.0,False,0.0,477157.36040609144
hard_semantic,262,3.0,21,20270732,262,658,1,1,1,0,0,0.0013789999999999998,False,1.0,1.0,True,189992.74836838292,477157.36040609144
hard_semantic,262,3.0,22,20270733,262,1316,1,1,2,1,1,0.0027579999999999996,False,1.0,1.0,True,94996.37418419146,477157.36040609144
hard_semantic,262,3.0,23,20270734,0,1316,1,0,2,1,2,0.0027579999999999996,False,0.0,0.0,False,0.0,477157.36040609144
hard_semantic,262,3.0,24,20270735,262,658,1,1,1,0,0,0.0013789999999999998,False,1.0,1.0,True,189992.74836838292,477157.36040609144
hard_semantic,262,3.0,25,20270736,262,658,1,1,1,0,0,0.0013789999999999998,False,1.0,1.0,True,189992.74836838292,477157.36040609144
hard_semantic,262,3.0,26,20270737,0,1316,1,0,2,1,2,0.0027579999999999996,False,0.0,0.0,False,0.0,477157.36040609144
hard_semantic,262,3.0,27,20270738,262,658,1,1,1,0,0,0.0013789999999999998,False,1.0,1.0,True,189992.74836838292,477157.36040609144
hard_semantic,262,3.0,28,20270739,262,1316,1,1,2,1,1,0.0027579999999999996,False,1.0,1.0,True,94996.37418419146,477157.36040609144
hard_semantic,262,3.0,29,20270740,0,1316,1,0,2,1,2,0.0027579999999999996,False,0.0,0.0,False,0.0,477157.36040609144
hard_semantic,262,6.0,0,20280711,262,658,1,1,1,0,0,0.0013789999999999998,False,1.0,1.0,True,189992.74836838292,477157.36040609144
hard_semantic,262,6.0,1,20280712,262,658,1,1,1,0,0,0.0013789999999999998,False,1.0,1.0,True,189992.74836838292,477157.36040609144
hard_semantic,262,6.0,2,20280713,262,658,1,1,1,0,0,0.0013789999999999998,False,1.0,1.0,True,189992.74836838292,477157.36040609144
hard_semantic,262,6.0,3,20280714,262,658,1,1,1,0,0,0.0013789999999999998,False,1.0,1.0,True,189992.74836838292,477157.36040609144
hard_semantic,262,6.0,4,20280715,262,658,1,1,1,0,0,0.0013789999999999998,False,1.0,1.0,True,189992.74836838292,477157.36040609144
hard_semantic,262,6.0,5,20280716,262,658,1,1,1,0,0,0.0013789999999999998,False,1.0,1.0,True,189992.74836838292,477157.36040609144
hard_semantic,262,6.0,6,20280717,262,658,1,1,1,0,0,0.0013789999999999998,False,1.0,1.0,True,189992.74836838292,477157.36040609144
hard_semantic,262,6.0,7,20280718,262,658,1,1,1,0,0,0.0013789999999999998,False,1.0,1.0,True,189992.74836838292,477157.36040609144
hard_semantic,262,6.0,8,20280719,262,658,1,1,1,0,0,0.0013789999999999998,False,1.0,1.0,True,189992.74836838292,477157.36040609144
hard_semantic,262,6.0,9,20280720,262,658,1,1,1,0,0,0.0013789999999999998,False,1.0,1.0,True,189992.74836838292,477157.36040609144
hard_semantic,262,6.0,10,20280721,262,658,1,1,1,0,0,0.0013789999999999998,False,1.0,1.0,True,189992.74836838292,477157.36040609144
hard_semantic,262,6.0,11,20280722,262,658,1,1,1,0,0,0.0013789999999999998,False,1.0,1.0,True,189992.74836838292,477157.36040609144
hard_semantic,262,6.0,12,20280723,262,658,1,1,1,0,0,0.0013789999999999998,False,1.0,1.0,True,189992.74836838292,477157.36040609144
hard_semantic,262,6.0,13,20280724,262,658,1,1,1,0,0,0.0013789999999999998,False,1.0,1.0,True,189992.74836838292,477157.36040609144
hard_semantic,262,6.0,14,20280725,262,658,1,1,1,0,0,0.0013789999999999998,False,1.0,1.0,True,189992.74836838292,477157.36040609144
hard_semantic,262,6.0,15,20280726,262,658,1,1,1,0,0,0.0013789999999999998,False,1.0,1.0,True,189992.74836838292,477157.36040609144
hard_semantic,262,6.0,16,20280727,262,658,1,1,1,0,0,0.0013789999999999998,False,1.0,1.0,True,189992.74836838292,477157.36040609144
hard_semantic,262,6.0,17,20280728,262,658,1,1,1,0,0,0.0013789999999999998,False,1.0,1.0,True,189992.74836838292,477157.36040609144
hard_semantic,262,6.0,18,20280729,262,658,1,1,1,0,0,0.0013789999999999998,False,1.0,1.0,True,189992.74836838292,477157.36040609144
hard_semantic,262,6.0,19,20280730,262,658,1,1,1,0,0,0.0013789999999999998,False,1.0,1.0,True,189992.74836838292,477157.36040609144
hard_semantic,262,6.0,20,20280731,262,658,1,1,1,0,0,0.0013789999999999998,False,1.0,1.0,True,189992.74836838292,477157.36040609144
hard_semantic,262,6.0,21,20280732,262,658,1,1,1,0,0,0.0013789999999999998,False,1.0,1.0,True,189992.74836838292,477157.36040609144
hard_semantic,262,6.0,22,20280733,262,658,1,1,1,0,0,0.0013789999999999998,False,1.0,1.0,True,189992.74836838292,477157.36040609144
hard_semantic,262,6.0,23,20280734,262,658,1,1,1,0,0,0.0013789999999999998,False,1.0,1.0,True,189992.74836838292,477157.36040609144
hard_semantic,262,6.0,24,20280735,262,658,1,1,1,0,0,0.0013789999999999998,False,1.0,1.0,True,189992.74836838292,477157.36040609144
hard_semantic,262,6.0,25,20280736,262,658,1,1,1,0,0,0.0013789999999999998,False,1.0,1.0,True,189992.74836838292,477157.36040609144
hard_semantic,262,6.0,26,20280737,262,658,1,1,1,0,0,0.0013789999999999998,False,1.0,1.0,True,189992.74836838292,477157.36040609144
hard_semantic,262,6.0,27,20280738,262,658,1,1,1,0,0,0.0013789999999999998,False,1.0,1.0,True,189992.74836838292,477157.36040609144
hard_semantic,262,6.0,28,20280739,262,658,1,1,1,0,0,0.0013789999999999998,False,1.0,1.0,True,189992.74836838292,477157.36040609144
hard_semantic,262,6.0,29,20280740,262,658,1,1,1,0,0,0.0013789999999999998,False,1.0,1.0,True,189992.74836838292,477157.36040609144
hard_semantic,262,9.0,0,20290711,262,658,1,1,1,0,0,0.0013789999999999998,False,1.0,1.0,True,189992.74836838292,477157.36040609144
hard_semantic,262,9.0,1,20290712,262,658,1,1,1,0,0,0.0013789999999999998,False,1.0,1.0,True,189992.74836838292,477157.36040609144
hard_semantic,262,9.0,2,20290713,262,658,1,1,1,0,0,0.0013789999999999998,False,1.0,1.0,True,189992.74836838292,477157.36040609144
hard_semantic,262,9.0,3,20290714,262,658,1,1,1,0,0,0.0013789999999999998,False,1.0,1.0,True,189992.74836838292,477157.36040609144
hard_semantic,262,9.0,4,20290715,262,658,1,1,1,0,0,0.0013789999999999998,False,1.0,1.0,True,189992.74836838292,477157.36040609144
hard_semantic,262,9.0,5,20290716,262,658,1,1,1,0,0,0.0013789999999999998,False,1.0,1.0,True,189992.74836838292,477157.36040609144
hard_semantic,262,9.0,6,20290717,262,658,1,1,1,0,0,0.0013789999999999998,False,1.0,1.0,True,189992.74836838292,477157.36040609144
hard_semantic,262,9.0,7,20290718,262,658,1,1,1,0,0,0.0013789999999999998,False,1.0,1.0,True,189992.74836838292,477157.36040609144
hard_semantic,262,9.0,8,20290719,262,658,1,1,1,0,0,0.0013789999999999998,False,1.0,1.0,True,189992.74836838292,477157.36040609144
hard_semantic,262,9.0,9,20290720,262,658,1,1,1,0,0,0.0013789999999999998,False,1.0,1.0,True,189992.74836838292,477157.36040609144
hard_semantic,262,9.0,10,20290721,262,658,1,1,1,0,0,0.0013789999999999998,False,1.0,1.0,True,189992.74836838292,477157.36040609144
hard_semantic,262,9.0,11,20290722,262,658,1,1,1,0,0,0.0013789999999999998,False,1.0,1.0,True,189992.74836838292,477157.36040609144
hard_semantic,262,9.0,12,20290723,262,658,1,1,1,0,0,0.0013789999999999998,False,1.0,1.0,True,189992.74836838292,477157.36040609144
hard_semantic,262,9.0,13,20290724,262,658,1,1,1,0,0,0.0013789999999999998,False,1.0,1.0,True,189992.74836838292,477157.36040609144
hard_semantic,262,9.0,14,20290725,262,658,1,1,1,0,0,0.0013789999999999998,False,1.0,1.0,True,189992.74836838292,477157.36040609144
hard_semantic,262,9.0,15,20290726,262,658,1,1,1,0,0,0.0013789999999999998,False,1.0,1.0,True,189992.74836838292,477157.36040609144
hard_semantic,262,9.0,16,20290727,262,658,1,1,1,0,0,0.0013789999999999998,False,1.0,1.0,True,189992.74836838292,477157.36040609144
hard_semantic,262,9.0,17,20290728,262,658,1,1,1,0,0,0.0013789999999999998,False,1.0,1.0,True,189992.74836838292,477157.36040609144
hard_semantic,262,9.0,18,20290729,262,658,1,1,1,0,0,0.0013789999999999998,False,1.0,1.0,True,189992.74836838292,477157.36040609144
hard_semantic,262,9.0,19,20290730,262,658,1,1,1,0,0,0.0013789999999999998,False,1.0,1.0,True,189992.74836838292,477157.36040609144
hard_semantic,262,9.0,20,20290731,262,658,1,1,1,0,0,0.0013789999999999998,False,1.0,1.0,True,189992.74836838292,477157.36040609144
hard_semantic,262,9.0,21,20290732,262,658,1,1,1,0,0,0.0013789999999999998,False,1.0,1.0,True,189992.74836838292,477157.36040609144
hard_semantic,262,9.0,22,20290733,262,658,1,1,1,0,0,0.0013789999999999998,False,1.0,1.0,True,189992.74836838292,477157.36040609144
hard_semantic,262,9.0,23,20290734,262,658,1,1,1,0,0,0.0013789999999999998,False,1.0,1.0,True,189992.74836838292,477157.36040609144
hard_semantic,262,9.0,24,20290735,262,658,1,1,1,0,0,0.0013789999999999998,False,1.0,1.0,True,189992.74836838292,477157.36040609144
hard_semantic,262,9.0,25,20290736,262,658,1,1,1,0,0,0.0013789999999999998,False,1.0,1.0,True,189992.74836838292,477157.36040609144
hard_semantic,262,9.0,26,20290737,262,658,1,1,1,0,0,0.0013789999999999998,False,1.0,1.0,True,189992.74836838292,477157.36040609144
hard_semantic,262,9.0,27,20290738,262,658,1,1,1,0,0,0.0013789999999999998,False,1.0,1.0,True,189992.74836838292,477157.36040609144
hard_semantic,262,9.0,28,20290739,262,658,1,1,1,0,0,0.0013789999999999998,False,1.0,1.0,True,189992.74836838292,477157.36040609144
hard_semantic,262,9.0,29,20290740,262,658,1,1,1,0,0,0.0013789999999999998,False,1.0,1.0,True,189992.74836838292,477157.36040609144
hard_semantic,262,12.0,0,20300711,262,658,1,1,1,0,0,0.0013789999999999998,False,1.0,1.0,True,189992.74836838292,477157.36040609144
hard_semantic,262,12.0,1,20300712,262,658,1,1,1,0,0,0.0013789999999999998,False,1.0,1.0,True,189992.74836838292,477157.36040609144
hard_semantic,262,12.0,2,20300713,262,658,1,1,1,0,0,0.0013789999999999998,False,1.0,1.0,True,189992.74836838292,477157.36040609144
hard_semantic,262,12.0,3,20300714,262,658,1,1,1,0,0,0.0013789999999999998,False,1.0,1.0,True,189992.74836838292,477157.36040609144
hard_semantic,262,12.0,4,20300715,262,658,1,1,1,0,0,0.0013789999999999998,False,1.0,1.0,True,189992.74836838292,477157.36040609144
hard_semantic,262,12.0,5,20300716,262,658,1,1,1,0,0,0.0013789999999999998,False,1.0,1.0,True,189992.74836838292,477157.36040609144
hard_semantic,262,12.0,6,20300717,262,658,1,1,1,0,0,0.0013789999999999998,False,1.0,1.0,True,189992.74836838292,477157.36040609144
hard_semantic,262,12.0,7,20300718,262,658,1,1,1,0,0,0.0013789999999999998,False,1.0,1.0,True,189992.74836838292,477157.36040609144
hard_semantic,262,12.0,8,20300719,262,658,1,1,1,0,0,0.0013789999999999998,False,1.0,1.0,True,189992.74836838292,477157.36040609144
hard_semantic,262,12.0,9,20300720,262,658,1,1,1,0,0,0.0013789999999999998,False,1.0,1.0,True,189992.74836838292,477157.36040609144
hard_semantic,262,12.0,10,20300721,262,658,1,1,1,0,0,0.0013789999999999998,False,1.0,1.0,True,189992.74836838292,477157.36040609144
hard_semantic,262,12.0,11,20300722,262,658,1,1,1,0,0,0.0013789999999999998,False,1.0,1.0,True,189992.74836838292,477157.36040609144
hard_semantic,262,12.0,12,20300723,262,658,1,1,1,0,0,0.0013789999999999998,False,1.0,1.0,True,189992.74836838292,477157.36040609144
hard_semantic,262,12.0,13,20300724,262,658,1,1,1,0,0,0.0013789999999999998,False,1.0,1.0,True,189992.74836838292,477157.36040609144
hard_semantic,262,12.0,14,20300725,262,658,1,1,1,0,0,0.0013789999999999998,False,1.0,1.0,True,189992.74836838292,477157.36040609144
hard_semantic,262,12.0,15,20300726,262,658,1,1,1,0,0,0.0013789999999999998,False,1.0,1.0,True,189992.74836838292,477157.36040609144
hard_semantic,262,12.0,16,20300727,262,658,1,1,1,0,0,0.0013789999999999998,False,1.0,1.0,True,189992.74836838292,477157.36040609144
hard_semantic,262,12.0,17,20300728,262,658,1,1,1,0,0,0.0013789999999999998,False,1.0,1.0,True,189992.74836838292,477157.36040609144
hard_semantic,262,12.0,18,20300729,262,658,1,1,1,0,0,0.0013789999999999998,False,1.0,1.0,True,189992.74836838292,477157.36040609144
hard_semantic,262,12.0,19,20300730,262,658,1,1,1,0,0,0.0013789999999999998,False,1.0,1.0,True,189992.74836838292,477157.36040609144
hard_semantic,262,12.0,20,20300731,262,658,1,1,1,0,0,0.0013789999999999998,False,1.0,1.0,True,189992.74836838292,477157.36040609144
hard_semantic,262,12.0,21,20300732,262,658,1,1,1,0,0,0.0013789999999999998,False,1.0,1.0,True,189992.74836838292,477157.36040609144
hard_semantic,262,12.0,22,20300733,262,658,1,1,1,0,0,0.0013789999999999998,False,1.0,1.0,True,189992.74836838292,477157.36040609144
hard_semantic,262,12.0,23,20300734,262,658,1,1,1,0,0,0.0013789999999999998,False,1.0,1.0,True,189992.74836838292,477157.36040609144
hard_semantic,262,12.0,24,20300735,262,658,1,1,1,0,0,0.0013789999999999998,False,1.0,1.0,True,189992.74836838292,477157.36040609144
hard_semantic,262,12.0,25,20300736,262,658,1,1,1,0,0,0.0013789999999999998,False,1.0,1.0,True,189992.74836838292,477157.36040609144
hard_semantic,262,12.0,26,20300737,262,658,1,1,1,0,0,0.0013789999999999998,False,1.0,1.0,True,189992.74836838292,477157.36040609144
hard_semantic,262,12.0,27,20300738,262,658,1,1,1,0,0,0.0013789999999999998,False,1.0,1.0,True,189992.74836838292,477157.36040609144
hard_semantic,262,12.0,28,20300739,262,658,1,1,1,0,0,0.0013789999999999998,False,1.0,1.0,True,189992.74836838292,477157.36040609144
hard_semantic,262,12.0,29,20300740,262,658,1,1,1,0,0,0.0013789999999999998,False,1.0,1.0,True,189992.74836838292,477157.36040609144
quantized_soft_semantic,327,0.0,0,21260711,0,1540,1,0,2,1,2,0.0028699999999999997,False,0.0,0.0,False,0.0,536585.3658536586
quantized_soft_semantic,327,0.0,1,21260712,0,1540,1,0,2,1,2,0.0028699999999999997,False,0.0,0.0,False,0.0,536585.3658536586
quantized_soft_semantic,327,0.0,2,21260713,0,1540,1,0,2,1,2,0.0028699999999999997,False,0.0,0.0,False,0.0,536585.3658536586
quantized_soft_semantic,327,0.0,3,21260714,0,1540,1,0,2,1,2,0.0028699999999999997,False,0.0,0.0,False,0.0,536585.3658536586
quantized_soft_semantic,327,0.0,4,21260715,0,1540,1,0,2,1,2,0.0028699999999999997,False,0.0,0.0,False,0.0,536585.3658536586
quantized_soft_semantic,327,0.0,5,21260716,0,1540,1,0,2,1,2,0.0028699999999999997,False,0.0,0.0,False,0.0,536585.3658536586
quantized_soft_semantic,327,0.0,6,21260717,0,1540,1,0,2,1,2,0.0028699999999999997,False,0.0,0.0,False,0.0,536585.3658536586
quantized_soft_semantic,327,0.0,7,21260718,0,1540,1,0,2,1,2,0.0028699999999999997,False,0.0,0.0,False,0.0,536585.3658536586
quantized_soft_semantic,327,0.0,8,21260719,0,1540,1,0,2,1,2,0.0028699999999999997,False,0.0,0.0,False,0.0,536585.3658536586
quantized_soft_semantic,327,0.0,9,21260720,0,1540,1,0,2,1,2,0.0028699999999999997,False,0.0,0.0,False,0.0,536585.3658536586
quantized_soft_semantic,327,0.0,10,21260721,0,1540,1,0,2,1,2,0.0028699999999999997,False,0.0,0.0,False,0.0,536585.3658536586
quantized_soft_semantic,327,0.0,11,21260722,0,1540,1,0,2,1,2,0.0028699999999999997,False,0.0,0.0,False,0.0,536585.3658536586
quantized_soft_semantic,327,0.0,12,21260723,0,1540,1,0,2,1,2,0.0028699999999999997,False,0.0,0.0,False,0.0,536585.3658536586
quantized_soft_semantic,327,0.0,13,21260724,0,1540,1,0,2,1,2,0.0028699999999999997,False,0.0,0.0,False,0.0,536585.3658536586
quantized_soft_semantic,327,0.0,14,21260725,0,1540,1,0,2,1,2,0.0028699999999999997,False,0.0,0.0,False,0.0,536585.3658536586
quantized_soft_semantic,327,0.0,15,21260726,0,1540,1,0,2,1,2,0.0028699999999999997,False,0.0,0.0,False,0.0,536585.3658536586
quantized_soft_semantic,327,0.0,16,21260727,0,1540,1,0,2,1,2,0.0028699999999999997,False,0.0,0.0,False,0.0,536585.3658536586
quantized_soft_semantic,327,0.0,17,21260728,0,1540,1,0,2,1,2,0.0028699999999999997,False,0.0,0.0,False,0.0,536585.3658536586
quantized_soft_semantic,327,0.0,18,21260729,0,1540,1,0,2,1,2,0.0028699999999999997,False,0.0,0.0,False,0.0,536585.3658536586
quantized_soft_semantic,327,0.0,19,21260730,0,1540,1,0,2,1,2,0.0028699999999999997,False,0.0,0.0,False,0.0,536585.3658536586
quantized_soft_semantic,327,0.0,20,21260731,0,1540,1,0,2,1,2,0.0028699999999999997,False,0.0,0.0,False,0.0,536585.3658536586
quantized_soft_semantic,327,0.0,21,21260732,0,1540,1,0,2,1,2,0.0028699999999999997,False,0.0,0.0,False,0.0,536585.3658536586
quantized_soft_semantic,327,0.0,22,21260733,0,1540,1,0,2,1,2,0.0028699999999999997,False,0.0,0.0,False,0.0,536585.3658536586
quantized_soft_semantic,327,0.0,23,21260734,0,1540,1,0,2,1,2,0.0028699999999999997,False,0.0,0.0,False,0.0,536585.3658536586
quantized_soft_semantic,327,0.0,24,21260735,0,1540,1,0,2,1,2,0.0028699999999999997,False,0.0,0.0,False,0.0,536585.3658536586
quantized_soft_semantic,327,0.0,25,21260736,0,1540,1,0,2,1,2,0.0028699999999999997,False,0.0,0.0,False,0.0,536585.3658536586
quantized_soft_semantic,327,0.0,26,21260737,0,1540,1,0,2,1,2,0.0028699999999999997,False,0.0,0.0,False,0.0,536585.3658536586
quantized_soft_semantic,327,0.0,27,21260738,0,1540,1,0,2,1,2,0.0028699999999999997,False,0.0,0.0,False,0.0,536585.3658536586
quantized_soft_semantic,327,0.0,28,21260739,0,1540,1,0,2,1,2,0.0028699999999999997,False,0.0,0.0,False,0.0,536585.3658536586
quantized_soft_semantic,327,0.0,29,21260740,0,1540,1,0,2,1,2,0.0028699999999999997,False,0.0,0.0,False,0.0,536585.3658536586
quantized_soft_semantic,327,3.0,0,21270711,327,770,1,1,1,0,0,0.0014349999999999999,False,1.0,1.0,True,227874.56445993035,536585.3658536586
quantized_soft_semantic,327,3.0,1,21270712,0,1540,1,0,2,1,2,0.0028699999999999997,False,0.0,0.0,False,0.0,536585.3658536586
quantized_soft_semantic,327,3.0,2,21270713,327,770,1,1,1,0,0,0.0014349999999999999,False,1.0,1.0,True,227874.56445993035,536585.3658536586
quantized_soft_semantic,327,3.0,3,21270714,0,1540,1,0,2,1,2,0.0028699999999999997,False,0.0,0.0,False,0.0,536585.3658536586
quantized_soft_semantic,327,3.0,4,21270715,327,770,1,1,1,0,0,0.0014349999999999999,False,1.0,1.0,True,227874.56445993035,536585.3658536586
quantized_soft_semantic,327,3.0,5,21270716,327,770,1,1,1,0,0,0.0014349999999999999,False,1.0,1.0,True,227874.56445993035,536585.3658536586
quantized_soft_semantic,327,3.0,6,21270717,327,770,1,1,1,0,0,0.0014349999999999999,False,1.0,1.0,True,227874.56445993035,536585.3658536586
quantized_soft_semantic,327,3.0,7,21270718,0,1540,1,0,2,1,2,0.0028699999999999997,False,0.0,0.0,False,0.0,536585.3658536586
quantized_soft_semantic,327,3.0,8,21270719,327,770,1,1,1,0,0,0.0014349999999999999,False,1.0,1.0,True,227874.56445993035,536585.3658536586
quantized_soft_semantic,327,3.0,9,21270720,0,1540,1,0,2,1,2,0.0028699999999999997,False,0.0,0.0,False,0.0,536585.3658536586
quantized_soft_semantic,327,3.0,10,21270721,327,1540,1,1,2,1,1,0.0028699999999999997,False,1.0,1.0,True,113937.28222996517,536585.3658536586
quantized_soft_semantic,327,3.0,11,21270722,327,1540,1,1,2,1,1,0.0028699999999999997,False,1.0,1.0,True,113937.28222996517,536585.3658536586
quantized_soft_semantic,327,3.0,12,21270723,327,770,1,1,1,0,0,0.0014349999999999999,False,1.0,1.0,True,227874.56445993035,536585.3658536586
quantized_soft_semantic,327,3.0,13,21270724,327,1540,1,1,2,1,1,0.0028699999999999997,False,1.0,1.0,True,113937.28222996517,536585.3658536586
quantized_soft_semantic,327,3.0,14,21270725,0,1540,1,0,2,1,2,0.0028699999999999997,False,0.0,0.0,False,0.0,536585.3658536586
quantized_soft_semantic,327,3.0,15,21270726,327,1540,1,1,2,1,1,0.0028699999999999997,False,1.0,1.0,True,113937.28222996517,536585.3658536586
quantized_soft_semantic,327,3.0,16,21270727,327,1540,1,1,2,1,1,0.0028699999999999997,False,1.0,1.0,True,113937.28222996517,536585.3658536586
quantized_soft_semantic,327,3.0,17,21270728,0,1540,1,0,2,1,2,0.0028699999999999997,False,0.0,0.0,False,0.0,536585.3658536586
quantized_soft_semantic,327,3.0,18,21270729,327,770,1,1,1,0,0,0.0014349999999999999,False,1.0,1.0,True,227874.56445993035,536585.3658536586
quantized_soft_semantic,327,3.0,19,21270730,327,1540,1,1,2,1,1,0.0028699999999999997,False,1.0,1.0,True,113937.28222996517,536585.3658536586
quantized_soft_semantic,327,3.0,20,21270731,327,770,1,1,1,0,0,0.0014349999999999999,False,1.0,1.0,True,227874.56445993035,536585.3658536586
quantized_soft_semantic,327,3.0,21,21270732,327,770,1,1,1,0,0,0.0014349999999999999,False,1.0,1.0,True,227874.56445993035,536585.3658536586
quantized_soft_semantic,327,3.0,22,21270733,327,770,1,1,1,0,0,0.0014349999999999999,False,1.0,1.0,True,227874.56445993035,536585.3658536586
quantized_soft_semantic,327,3.0,23,21270734,0,1540,1,0,2,1,2,0.0028699999999999997,False,0.0,0.0,False,0.0,536585.3658536586
quantized_soft_semantic,327,3.0,24,21270735,0,1540,1,0,2,1,2,0.0028699999999999997,False,0.0,0.0,False,0.0,536585.3658536586
quantized_soft_semantic,327,3.0,25,21270736,327,1540,1,1,2,1,1,0.0028699999999999997,False,1.0,1.0,True,113937.28222996517,536585.3658536586
quantized_soft_semantic,327,3.0,26,21270737,327,770,1,1,1,0,0,0.0014349999999999999,False,1.0,1.0,True,227874.56445993035,536585.3658536586
quantized_soft_semantic,327,3.0,27,21270738,0,1540,1,0,2,1,2,0.0028699999999999997,False,0.0,0.0,False,0.0,536585.3658536586
quantized_soft_semantic,327,3.0,28,21270739,327,770,1,1,1,0,0,0.0014349999999999999,False,1.0,1.0,True,227874.56445993035,536585.3658536586
quantized_soft_semantic,327,3.0,29,21270740,327,770,1,1,1,0,0,0.0014349999999999999,False,1.0,1.0,True,227874.56445993035,536585.3658536586
quantized_soft_semantic,327,6.0,0,21280711,327,770,1,1,1,0,0,0.0014349999999999999,False,1.0,1.0,True,227874.56445993035,536585.3658536586
quantized_soft_semantic,327,6.0,1,21280712,327,770,1,1,1,0,0,0.0014349999999999999,False,1.0,1.0,True,227874.56445993035,536585.3658536586
quantized_soft_semantic,327,6.0,2,21280713,327,770,1,1,1,0,0,0.0014349999999999999,False,1.0,1.0,True,227874.56445993035,536585.3658536586
quantized_soft_semantic,327,6.0,3,21280714,327,770,1,1,1,0,0,0.0014349999999999999,False,1.0,1.0,True,227874.56445993035,536585.3658536586
quantized_soft_semantic,327,6.0,4,21280715,327,770,1,1,1,0,0,0.0014349999999999999,False,1.0,1.0,True,227874.56445993035,536585.3658536586
quantized_soft_semantic,327,6.0,5,21280716,327,770,1,1,1,0,0,0.0014349999999999999,False,1.0,1.0,True,227874.56445993035,536585.3658536586
quantized_soft_semantic,327,6.0,6,21280717,327,770,1,1,1,0,0,0.0014349999999999999,False,1.0,1.0,True,227874.56445993035,536585.3658536586
quantized_soft_semantic,327,6.0,7,21280718,327,770,1,1,1,0,0,0.0014349999999999999,False,1.0,1.0,True,227874.56445993035,536585.3658536586
quantized_soft_semantic,327,6.0,8,21280719,327,770,1,1,1,0,0,0.0014349999999999999,False,1.0,1.0,True,227874.56445993035,536585.3658536586
quantized_soft_semantic,327,6.0,9,21280720,327,770,1,1,1,0,0,0.0014349999999999999,False,1.0,1.0,True,227874.56445993035,536585.3658536586
quantized_soft_semantic,327,6.0,10,21280721,327,770,1,1,1,0,0,0.0014349999999999999,False,1.0,1.0,True,227874.56445993035,536585.3658536586
quantized_soft_semantic,327,6.0,11,21280722,327,770,1,1,1,0,0,0.0014349999999999999,False,1.0,1.0,True,227874.56445993035,536585.3658536586
quantized_soft_semantic,327,6.0,12,21280723,327,770,1,1,1,0,0,0.0014349999999999999,False,1.0,1.0,True,227874.56445993035,536585.3658536586
quantized_soft_semantic,327,6.0,13,21280724,327,770,1,1,1,0,0,0.0014349999999999999,False,1.0,1.0,True,227874.56445993035,536585.3658536586
quantized_soft_semantic,327,6.0,14,21280725,327,770,1,1,1,0,0,0.0014349999999999999,False,1.0,1.0,True,227874.56445993035,536585.3658536586
quantized_soft_semantic,327,6.0,15,21280726,327,770,1,1,1,0,0,0.0014349999999999999,False,1.0,1.0,True,227874.56445993035,536585.3658536586
quantized_soft_semantic,327,6.0,16,21280727,327,770,1,1,1,0,0,0.0014349999999999999,False,1.0,1.0,True,227874.56445993035,536585.3658536586
quantized_soft_semantic,327,6.0,17,21280728,327,770,1,1,1,0,0,0.0014349999999999999,False,1.0,1.0,True,227874.56445993035,536585.3658536586
quantized_soft_semantic,327,6.0,18,21280729,327,770,1,1,1,0,0,0.0014349999999999999,False,1.0,1.0,True,227874.56445993035,536585.3658536586
quantized_soft_semantic,327,6.0,19,21280730,327,770,1,1,1,0,0,0.0014349999999999999,False,1.0,1.0,True,227874.56445993035,536585.3658536586
quantized_soft_semantic,327,6.0,20,21280731,327,770,1,1,1,0,0,0.0014349999999999999,False,1.0,1.0,True,227874.56445993035,536585.3658536586
quantized_soft_semantic,327,6.0,21,21280732,327,770,1,1,1,0,0,0.0014349999999999999,False,1.0,1.0,True,227874.56445993035,536585.3658536586
quantized_soft_semantic,327,6.0,22,21280733,327,770,1,1,1,0,0,0.0014349999999999999,False,1.0,1.0,True,227874.56445993035,536585.3658536586
quantized_soft_semantic,327,6.0,23,21280734,327,770,1,1,1,0,0,0.0014349999999999999,False,1.0,1.0,True,227874.56445993035,536585.3658536586
quantized_soft_semantic,327,6.0,24,21280735,327,770,1,1,1,0,0,0.0014349999999999999,False,1.0,1.0,True,227874.56445993035,536585.3658536586
quantized_soft_semantic,327,6.0,25,21280736,327,770,1,1,1,0,0,0.0014349999999999999,False,1.0,1.0,True,227874.56445993035,536585.3658536586
quantized_soft_semantic,327,6.0,26,21280737,327,770,1,1,1,0,0,0.0014349999999999999,False,1.0,1.0,True,227874.56445993035,536585.3658536586
quantized_soft_semantic,327,6.0,27,21280738,327,770,1,1,1,0,0,0.0014349999999999999,False,1.0,1.0,True,227874.56445993035,536585.3658536586
quantized_soft_semantic,327,6.0,28,21280739,327,770,1,1,1,0,0,0.0014349999999999999,False,1.0,1.0,True,227874.56445993035,536585.3658536586
quantized_soft_semantic,327,6.0,29,21280740,327,770,1,1,1,0,0,0.0014349999999999999,False,1.0,1.0,True,227874.56445993035,536585.3658536586
quantized_soft_semantic,327,9.0,0,21290711,327,770,1,1,1,0,0,0.0014349999999999999,False,1.0,1.0,True,227874.56445993035,536585.3658536586
quantized_soft_semantic,327,9.0,1,21290712,327,770,1,1,1,0,0,0.0014349999999999999,False,1.0,1.0,True,227874.56445993035,536585.3658536586
quantized_soft_semantic,327,9.0,2,21290713,327,770,1,1,1,0,0,0.0014349999999999999,False,1.0,1.0,True,227874.56445993035,536585.3658536586
quantized_soft_semantic,327,9.0,3,21290714,327,770,1,1,1,0,0,0.0014349999999999999,False,1.0,1.0,True,227874.56445993035,536585.3658536586
quantized_soft_semantic,327,9.0,4,21290715,327,770,1,1,1,0,0,0.0014349999999999999,False,1.0,1.0,True,227874.56445993035,536585.3658536586
quantized_soft_semantic,327,9.0,5,21290716,327,770,1,1,1,0,0,0.0014349999999999999,False,1.0,1.0,True,227874.56445993035,536585.3658536586
quantized_soft_semantic,327,9.0,6,21290717,327,770,1,1,1,0,0,0.0014349999999999999,False,1.0,1.0,True,227874.56445993035,536585.3658536586
quantized_soft_semantic,327,9.0,7,21290718,327,770,1,1,1,0,0,0.0014349999999999999,False,1.0,1.0,True,227874.56445993035,536585.3658536586
quantized_soft_semantic,327,9.0,8,21290719,327,770,1,1,1,0,0,0.0014349999999999999,False,1.0,1.0,True,227874.56445993035,536585.3658536586
quantized_soft_semantic,327,9.0,9,21290720,327,770,1,1,1,0,0,0.0014349999999999999,False,1.0,1.0,True,227874.56445993035,536585.3658536586
quantized_soft_semantic,327,9.0,10,21290721,327,770,1,1,1,0,0,0.0014349999999999999,False,1.0,1.0,True,227874.56445993035,536585.3658536586
quantized_soft_semantic,327,9.0,11,21290722,327,770,1,1,1,0,0,0.0014349999999999999,False,1.0,1.0,True,227874.56445993035,536585.3658536586
quantized_soft_semantic,327,9.0,12,21290723,327,770,1,1,1,0,0,0.0014349999999999999,False,1.0,1.0,True,227874.56445993035,536585.3658536586
quantized_soft_semantic,327,9.0,13,21290724,327,770,1,1,1,0,0,0.0014349999999999999,False,1.0,1.0,True,227874.56445993035,536585.3658536586
quantized_soft_semantic,327,9.0,14,21290725,327,770,1,1,1,0,0,0.0014349999999999999,False,1.0,1.0,True,227874.56445993035,536585.3658536586
quantized_soft_semantic,327,9.0,15,21290726,327,770,1,1,1,0,0,0.0014349999999999999,False,1.0,1.0,True,227874.56445993035,536585.3658536586
quantized_soft_semantic,327,9.0,16,21290727,327,770,1,1,1,0,0,0.0014349999999999999,False,1.0,1.0,True,227874.56445993035,536585.3658536586
quantized_soft_semantic,327,9.0,17,21290728,327,770,1,1,1,0,0,0.0014349999999999999,False,1.0,1.0,True,227874.56445993035,536585.3658536586
quantized_soft_semantic,327,9.0,18,21290729,327,770,1,1,1,0,0,0.0014349999999999999,False,1.0,1.0,True,227874.56445993035,536585.3658536586
quantized_soft_semantic,327,9.0,19,21290730,327,770,1,1,1,0,0,0.0014349999999999999,False,1.0,1.0,True,227874.56445993035,536585.3658536586
quantized_soft_semantic,327,9.0,20,21290731,327,770,1,1,1,0,0,0.0014349999999999999,False,1.0,1.0,True,227874.56445993035,536585.3658536586
quantized_soft_semantic,327,9.0,21,21290732,327,770,1,1,1,0,0,0.0014349999999999999,False,1.0,1.0,True,227874.56445993035,536585.3658536586
quantized_soft_semantic,327,9.0,22,21290733,327,770,1,1,1,0,0,0.0014349999999999999,False,1.0,1.0,True,227874.56445993035,536585.3658536586
quantized_soft_semantic,327,9.0,23,21290734,327,770,1,1,1,0,0,0.0014349999999999999,False,1.0,1.0,True,227874.56445993035,536585.3658536586
quantized_soft_semantic,327,9.0,24,21290735,327,770,1,1,1,0,0,0.0014349999999999999,False,1.0,1.0,True,227874.56445993035,536585.3658536586
quantized_soft_semantic,327,9.0,25,21290736,327,770,1,1,1,0,0,0.0014349999999999999,False,1.0,1.0,True,227874.56445993035,536585.3658536586
quantized_soft_semantic,327,9.0,26,21290737,327,770,1,1,1,0,0,0.0014349999999999999,False,1.0,1.0,True,227874.56445993035,536585.3658536586
quantized_soft_semantic,327,9.0,27,21290738,327,770,1,1,1,0,0,0.0014349999999999999,False,1.0,1.0,True,227874.56445993035,536585.3658536586
quantized_soft_semantic,327,9.0,28,21290739,327,770,1,1,1,0,0,0.0014349999999999999,False,1.0,1.0,True,227874.56445993035,536585.3658536586
quantized_soft_semantic,327,9.0,29,21290740,327,770,1,1,1,0,0,0.0014349999999999999,False,1.0,1.0,True,227874.56445993035,536585.3658536586
quantized_soft_semantic,327,12.0,0,21300711,327,770,1,1,1,0,0,0.0014349999999999999,False,1.0,1.0,True,227874.56445993035,536585.3658536586
quantized_soft_semantic,327,12.0,1,21300712,327,770,1,1,1,0,0,0.0014349999999999999,False,1.0,1.0,True,227874.56445993035,536585.3658536586
quantized_soft_semantic,327,12.0,2,21300713,327,770,1,1,1,0,0,0.0014349999999999999,False,1.0,1.0,True,227874.56445993035,536585.3658536586
quantized_soft_semantic,327,12.0,3,21300714,327,770,1,1,1,0,0,0.0014349999999999999,False,1.0,1.0,True,227874.56445993035,536585.3658536586
quantized_soft_semantic,327,12.0,4,21300715,327,770,1,1,1,0,0,0.0014349999999999999,False,1.0,1.0,True,227874.56445993035,536585.3658536586
quantized_soft_semantic,327,12.0,5,21300716,327,770,1,1,1,0,0,0.0014349999999999999,False,1.0,1.0,True,227874.56445993035,536585.3658536586
quantized_soft_semantic,327,12.0,6,21300717,327,770,1,1,1,0,0,0.0014349999999999999,False,1.0,1.0,True,227874.56445993035,536585.3658536586
quantized_soft_semantic,327,12.0,7,21300718,327,770,1,1,1,0,0,0.0014349999999999999,False,1.0,1.0,True,227874.56445993035,536585.3658536586
quantized_soft_semantic,327,12.0,8,21300719,327,770,1,1,1,0,0,0.0014349999999999999,False,1.0,1.0,True,227874.56445993035,536585.3658536586
quantized_soft_semantic,327,12.0,9,21300720,327,770,1,1,1,0,0,0.0014349999999999999,False,1.0,1.0,True,227874.56445993035,536585.3658536586
quantized_soft_semantic,327,12.0,10,21300721,327,770,1,1,1,0,0,0.0014349999999999999,False,1.0,1.0,True,227874.56445993035,536585.3658536586
quantized_soft_semantic,327,12.0,11,21300722,327,770,1,1,1,0,0,0.0014349999999999999,False,1.0,1.0,True,227874.56445993035,536585.3658536586
quantized_soft_semantic,327,12.0,12,21300723,327,770,1,1,1,0,0,0.0014349999999999999,False,1.0,1.0,True,227874.56445993035,536585.3658536586
quantized_soft_semantic,327,12.0,13,21300724,327,770,1,1,1,0,0,0.0014349999999999999,False,1.0,1.0,True,227874.56445993035,536585.3658536586
quantized_soft_semantic,327,12.0,14,21300725,327,770,1,1,1,0,0,0.0014349999999999999,False,1.0,1.0,True,227874.56445993035,536585.3658536586
quantized_soft_semantic,327,12.0,15,21300726,327,770,1,1,1,0,0,0.0014349999999999999,False,1.0,1.0,True,227874.56445993035,536585.3658536586
quantized_soft_semantic,327,12.0,16,21300727,327,770,1,1,1,0,0,0.0014349999999999999,False,1.0,1.0,True,227874.56445993035,536585.3658536586
quantized_soft_semantic,327,12.0,17,21300728,327,770,1,1,1,0,0,0.0014349999999999999,False,1.0,1.0,True,227874.56445993035,536585.3658536586
quantized_soft_semantic,327,12.0,18,21300729,327,770,1,1,1,0,0,0.0014349999999999999,False,1.0,1.0,True,227874.56445993035,536585.3658536586
quantized_soft_semantic,327,12.0,19,21300730,327,770,1,1,1,0,0,0.0014349999999999999,False,1.0,1.0,True,227874.56445993035,536585.3658536586
quantized_soft_semantic,327,12.0,20,21300731,327,770,1,1,1,0,0,0.0014349999999999999,False,1.0,1.0,True,227874.56445993035,536585.3658536586
quantized_soft_semantic,327,12.0,21,21300732,327,770,1,1,1,0,0,0.0014349999999999999,False,1.0,1.0,True,227874.56445993035,536585.3658536586
quantized_soft_semantic,327,12.0,22,21300733,327,770,1,1,1,0,0,0.0014349999999999999,False,1.0,1.0,True,227874.56445993035,536585.3658536586
quantized_soft_semantic,327,12.0,23,21300734,327,770,1,1,1,0,0,0.0014349999999999999,False,1.0,1.0,True,227874.56445993035,536585.3658536586
quantized_soft_semantic,327,12.0,24,21300735,327,770,1,1,1,0,0,0.0014349999999999999,False,1.0,1.0,True,227874.56445993035,536585.3658536586
quantized_soft_semantic,327,12.0,25,21300736,327,770,1,1,1,0,0,0.0014349999999999999,False,1.0,1.0,True,227874.56445993035,536585.3658536586
quantized_soft_semantic,327,12.0,26,21300737,327,770,1,1,1,0,0,0.0014349999999999999,False,1.0,1.0,True,227874.56445993035,536585.3658536586
quantized_soft_semantic,327,12.0,27,21300738,327,770,1,1,1,0,0,0.0014349999999999999,False,1.0,1.0,True,227874.56445993035,536585.3658536586
quantized_soft_semantic,327,12.0,28,21300739,327,770,1,1,1,0,0,0.0014349999999999999,False,1.0,1.0,True,227874.56445993035,536585.3658536586
quantized_soft_semantic,327,12.0,29,21300740,327,770,1,1,1,0,0,0.0014349999999999999,False,1.0,1.0,True,227874.56445993035,536585.3658536586
compressed_spectrogram_png,116541,0.0,0,22260711,0,242536,114,0,122,61,122,0.2493679999999995,True,0.0,0.0,False,0.0,972602.7397260293
compressed_spectrogram_png,116541,0.0,1,22260712,0,242536,114,0,122,61,122,0.2493679999999995,True,0.0,0.0,False,0.0,972602.7397260293
compressed_spectrogram_png,116541,0.0,2,22260713,0,242536,114,0,122,61,122,0.2493679999999995,True,0.0,0.0,False,0.0,972602.7397260293
compressed_spectrogram_png,116541,0.0,3,22260714,0,242536,114,0,122,61,122,0.2493679999999995,True,0.0,0.0,False,0.0,972602.7397260293
compressed_spectrogram_png,116541,0.0,4,22260715,0,242536,114,0,122,61,122,0.2493679999999995,True,0.0,0.0,False,0.0,972602.7397260293
compressed_spectrogram_png,116541,0.0,5,22260716,0,242536,114,0,122,61,122,0.2493679999999995,True,0.0,0.0,False,0.0,972602.7397260293
compressed_spectrogram_png,116541,0.0,6,22260717,0,242536,114,0,122,61,122,0.2493679999999995,True,0.0,0.0,False,0.0,972602.7397260293
compressed_spectrogram_png,116541,0.0,7,22260718,0,242536,114,0,122,61,122,0.2493679999999995,True,0.0,0.0,False,0.0,972602.7397260293
compressed_spectrogram_png,116541,0.0,8,22260719,0,242536,114,0,122,61,122,0.2493679999999995,True,0.0,0.0,False,0.0,972602.7397260293
compressed_spectrogram_png,116541,0.0,9,22260720,0,242536,114,0,122,61,122,0.2493679999999995,True,0.0,0.0,False,0.0,972602.7397260293
compressed_spectrogram_png,116541,0.0,10,22260721,0,242536,114,0,122,61,122,0.2493679999999995,True,0.0,0.0,False,0.0,972602.7397260293
compressed_spectrogram_png,116541,0.0,11,22260722,0,242536,114,0,122,61,122,0.2493679999999995,True,0.0,0.0,False,0.0,972602.7397260293
compressed_spectrogram_png,116541,0.0,12,22260723,0,242536,114,0,122,61,122,0.2493679999999995,True,0.0,0.0,False,0.0,972602.7397260293
compressed_spectrogram_png,116541,0.0,13,22260724,0,242536,114,0,122,61,122,0.2493679999999995,True,0.0,0.0,False,0.0,972602.7397260293
compressed_spectrogram_png,116541,0.0,14,22260725,0,242536,114,0,122,61,122,0.2493679999999995,True,0.0,0.0,False,0.0,972602.7397260293
compressed_spectrogram_png,116541,0.0,15,22260726,0,242536,114,0,122,61,122,0.2493679999999995,True,0.0,0.0,False,0.0,972602.7397260293
compressed_spectrogram_png,116541,0.0,16,22260727,0,242536,114,0,122,61,122,0.2493679999999995,True,0.0,0.0,False,0.0,972602.7397260293
compressed_spectrogram_png,116541,0.0,17,22260728,0,242536,114,0,122,61,122,0.2493679999999995,True,0.0,0.0,False,0.0,972602.7397260293
compressed_spectrogram_png,116541,0.0,18,22260729,0,242536,114,0,122,61,122,0.2493679999999995,True,0.0,0.0,False,0.0,972602.7397260293
compressed_spectrogram_png,116541,0.0,19,22260730,0,242536,114,0,122,61,122,0.2493679999999995,True,0.0,0.0,False,0.0,972602.7397260293
compressed_spectrogram_png,116541,0.0,20,22260731,0,242536,114,0,122,61,122,0.2493679999999995,True,0.0,0.0,False,0.0,972602.7397260293
compressed_spectrogram_png,116541,0.0,21,22260732,0,242536,114,0,122,61,122,0.2493679999999995,True,0.0,0.0,False,0.0,972602.7397260293
compressed_spectrogram_png,116541,0.0,22,22260733,0,242536,114,0,122,61,122,0.2493679999999995,True,0.0,0.0,False,0.0,972602.7397260293
compressed_spectrogram_png,116541,0.0,23,22260734,0,242536,114,0,122,61,122,0.2493679999999995,True,0.0,0.0,False,0.0,972602.7397260293
compressed_spectrogram_png,116541,0.0,24,22260735,0,242536,114,0,122,61,122,0.2493679999999995,True,0.0,0.0,False,0.0,972602.7397260293
compressed_spectrogram_png,116541,0.0,25,22260736,0,242536,114,0,122,61,122,0.2493679999999995,True,0.0,0.0,False,0.0,972602.7397260293
compressed_spectrogram_png,116541,0.0,26,22260737,0,242536,114,0,122,61,122,0.2493679999999995,True,0.0,0.0,False,0.0,972602.7397260293
compressed_spectrogram_png,116541,0.0,27,22260738,0,242536,114,0,122,61,122,0.2493679999999995,True,0.0,0.0,False,0.0,972602.7397260293
compressed_spectrogram_png,116541,0.0,28,22260739,0,242536,114,0,122,61,122,0.2493679999999995,True,0.0,0.0,False,0.0,972602.7397260293
compressed_spectrogram_png,116541,0.0,29,22260740,0,242536,114,0,122,61,122,0.2493679999999995,True,0.0,0.0,False,0.0,972602.7397260293
compressed_spectrogram_png,116541,3.0,0,22270711,2048,242536,114,2,122,61,120,0.2493679999999995,True,0.0175732145768442,0.017543859649122806,False,8212.76186198712,972602.7397260293
compressed_spectrogram_png,116541,3.0,1,22270712,9216,242536,114,9,122,59,113,0.2493679999999995,True,0.0790794655957989,0.07894736842105263,False,36957.42837894204,972602.7397260293
compressed_spectrogram_png,116541,3.0,2,22270713,9216,242536,114,9,122,58,113,0.2493679999999995,True,0.0790794655957989,0.07894736842105263,False,36957.42837894204,972602.7397260293
compressed_spectrogram_png,116541,3.0,3,22270714,6144,242536,114,6,122,59,116,0.2493679999999995,True,0.0527196437305326,0.05263157894736842,False,24638.28558596136,972602.7397260293
compressed_spectrogram_png,116541,3.0,4,22270715,9216,242536,114,9,122,60,113,0.2493679999999995,True,0.0790794655957989,0.07894736842105263,False,36957.42837894204,972602.7397260293
compressed_spectrogram_png,116541,3.0,5,22270716,12288,242536,114,12,122,58,110,0.2493679999999995,True,0.1054392874610652,0.10526315789473684,False,49276.57117192272,972602.7397260293
compressed_spectrogram_png,116541,3.0,6,22270717,4096,242536,114,4,122,60,118,0.2493679999999995,True,0.0351464291536884,0.03508771929824561,False,16425.52372397424,972602.7397260293
compressed_spectrogram_png,116541,3.0,7,22270718,3072,242536,114,3,122,60,119,0.2493679999999995,True,0.0263598218652663,0.02631578947368421,False,12319.14279298068,972602.7397260293
compressed_spectrogram_png,116541,3.0,8,22270719,4096,242536,114,4,122,60,118,0.2493679999999995,True,0.0351464291536884,0.03508771929824561,False,16425.52372397424,972602.7397260293
compressed_spectrogram_png,116541,3.0,9,22270720,3072,242536,114,3,122,60,119,0.2493679999999995,True,0.0263598218652663,0.02631578947368421,False,12319.14279298068,972602.7397260293
compressed_spectrogram_png,116541,3.0,10,22270721,4096,242536,114,4,122,60,118,0.2493679999999995,True,0.0351464291536884,0.03508771929824561,False,16425.52372397424,972602.7397260293
compressed_spectrogram_png,116541,3.0,11,22270722,6144,242536,114,6,122,61,116,0.2493679999999995,True,0.0527196437305326,0.05263157894736842,False,24638.28558596136,972602.7397260293
compressed_spectrogram_png,116541,3.0,12,22270723,8192,242536,114,8,122,59,114,0.2493679999999995,True,0.0702928583073768,0.07017543859649122,False,32851.04744794848,972602.7397260293
compressed_spectrogram_png,116541,3.0,13,22270724,8192,242536,114,8,122,59,114,0.2493679999999995,True,0.0702928583073768,0.07017543859649122,False,32851.04744794848,972602.7397260293
compressed_spectrogram_png,116541,3.0,14,22270725,4096,242536,114,4,122,60,118,0.2493679999999995,True,0.0351464291536884,0.03508771929824561,False,16425.52372397424,972602.7397260293
compressed_spectrogram_png,116541,3.0,15,22270726,6144,242536,114,6,122,59,116,0.2493679999999995,True,0.0527196437305326,0.05263157894736842,False,24638.28558596136,972602.7397260293
compressed_spectrogram_png,116541,3.0,16,22270727,9216,242536,114,9,122,58,113,0.2493679999999995,True,0.0790794655957989,0.07894736842105263,False,36957.42837894204,972602.7397260293
compressed_spectrogram_png,116541,3.0,17,22270728,7168,242536,114,7,122,58,115,0.2493679999999995,True,0.061506251018954704,0.06140350877192982,False,28744.66651695492,972602.7397260293
compressed_spectrogram_png,116541,3.0,18,22270729,6144,242536,114,6,122,58,116,0.2493679999999995,True,0.0527196437305326,0.05263157894736842,False,24638.28558596136,972602.7397260293
compressed_spectrogram_png,116541,3.0,19,22270730,9216,242536,114,9,122,58,113,0.2493679999999995,True,0.0790794655957989,0.07894736842105263,False,36957.42837894204,972602.7397260293
compressed_spectrogram_png,116541,3.0,20,22270731,6144,242536,114,6,122,59,116,0.2493679999999995,True,0.0527196437305326,0.05263157894736842,False,24638.28558596136,972602.7397260293
compressed_spectrogram_png,116541,3.0,21,22270732,5120,242536,114,5,122,59,117,0.2493679999999995,True,0.0439330364421105,0.043859649122807015,False,20531.9046549678,972602.7397260293
compressed_spectrogram_png,116541,3.0,22,22270733,2048,242536,114,2,122,60,120,0.2493679999999995,True,0.0175732145768442,0.017543859649122806,False,8212.76186198712,972602.7397260293
compressed_spectrogram_png,116541,3.0,23,22270734,3072,242536,114,3,122,60,119,0.2493679999999995,True,0.0263598218652663,0.02631578947368421,False,12319.14279298068,972602.7397260293
compressed_spectrogram_png,116541,3.0,24,22270735,7168,242536,114,7,122,58,115,0.2493679999999995,True,0.061506251018954704,0.06140350877192982,False,28744.66651695492,972602.7397260293
compressed_spectrogram_png,116541,3.0,25,22270736,4096,242536,114,4,122,60,118,0.2493679999999995,True,0.0351464291536884,0.03508771929824561,False,16425.52372397424,972602.7397260293
compressed_spectrogram_png,116541,3.0,26,22270737,11264,242536,114,11,122,58,111,0.2493679999999995,True,0.0966526801726431,0.09649122807017543,False,45170.19024092916,972602.7397260293
compressed_spectrogram_png,116541,3.0,27,22270738,3072,242536,114,3,122,60,119,0.2493679999999995,True,0.0263598218652663,0.02631578947368421,False,12319.14279298068,972602.7397260293
compressed_spectrogram_png,116541,3.0,28,22270739,5120,242536,114,5,122,59,117,0.2493679999999995,True,0.0439330364421105,0.043859649122807015,False,20531.9046549678,972602.7397260293
compressed_spectrogram_png,116541,3.0,29,22270740,6144,242536,114,6,122,60,116,0.2493679999999995,True,0.0527196437305326,0.05263157894736842,False,24638.28558596136,972602.7397260293
compressed_spectrogram_png,116541,6.0,0,22280711,116541,232260,114,114,117,3,3,0.23897999999999955,False,1.0,1.0,True,487660.0552347486,971880.4920913902
compressed_spectrogram_png,116541,6.0,1,22280712,116541,234248,114,114,118,4,4,0.24102399999999954,False,1.0,1.0,True,483524.46229421225,971886.6171003736
compressed_spectrogram_png,116541,6.0,2,22280713,115517,234248,114,113,118,4,5,0.24102399999999954,False,0.9912133927115779,0.9912280701754386,False,479275.9227296876,971886.6171003736
compressed_spectrogram_png,116541,6.0,3,22280714,116541,228284,114,114,115,1,1,0.23489199999999957,False,1.0,1.0,True,496147.1655058504,971867.9222791769
compressed_spectrogram_png,116541,6.0,4,22280715,116541,236236,114,114,119,5,5,0.24306799999999953,False,1.0,1.0,True,479458.4231573067,971892.6390968801
compressed_spectrogram_png,116541,6.0,5,22280716,116541,236236,114,114,119,5,5,0.24306799999999953,False,1.0,1.0,True,479458.4231573067,971892.6390968801
compressed_spectrogram_png,116541,6.0,6,22280717,116541,236236,114,114,119,5,5,0.24306799999999953,False,1.0,1.0,True,479458.4231573067,971892.6390968801
compressed_spectrogram_png,116541,6.0,7,22280718,114688,242536,114,112,122,9,10,0.2493679999999995,True,0.9841000163032753,0.9824561403508771,False,459914.6642712787,972602.7397260293
compressed_spectrogram_png,116541,6.0,8,22280719,116541,240212,114,114,121,7,7,0.24715599999999951,False,1.0,1.0,True,471528.10370778065,971904.3842755202
compressed_spectrogram_png,116541,6.0,9,22280720,116541,236236,114,114,119,5,5,0.24306799999999953,False,1.0,1.0,True,479458.4231573067,971892.6390968801
compressed_spectrogram_png,116541,6.0,10,22280721,115517,234248,114,113,118,4,5,0.24102399999999954,False,0.9912133927115779,0.9912280701754386,False,479275.9227296876,971886.6171003736
compressed_spectrogram_png,116541,6.0,11,22280722,116541,230272,114,114,116,2,2,0.23693599999999956,False,1.0,1.0,True,491867.00205962884,971874.2614039253
compressed_spectrogram_png,116541,6.0,12,22280723,115517,238224,114,113,120,6,7,0.24511199999999952,False,0.9912133927115779,0.9912280701754386,False,471282.5157479039,971898.5606579868
compressed_spectrogram_png,116541,6.0,13,22280724,116541,232260,114,114,117,3,3,0.23897999999999955,False,1.0,1.0,True,487660.0552347486,971880.4920913902
compressed_spectrogram_png,116541,6.0,14,22280725,116541,232260,114,114,117,3,3,0.23897999999999955,False,1.0,1.0,True,487660.0552347486,971880.4920913902
compressed_spectrogram_png,116541,6.0,15,22280726,115517,238224,114,113,120,6,7,0.24511199999999952,False,0.9912133927115779,0.9912280701754386,False,471282.5157479039,971898.5606579868
compressed_spectrogram_png,116541,6.0,16,22280727,116541,232260,114,114,117,3,3,0.23897999999999955,False,1.0,1.0,True,487660.0552347486,971880.4920913902
compressed_spectrogram_png,116541,6.0,17,22280728,116541,228284,114,114,115,1,1,0.23489199999999957,False,1.0,1.0,True,496147.1655058504,971867.9222791769
compressed_spectrogram_png,116541,6.0,18,22280729,116541,234248,114,114,118,4,4,0.24102399999999954,False,1.0,1.0,True,483524.46229421225,971886.6171003736
compressed_spectrogram_png,116541,6.0,19,22280730,116541,228284,114,114,115,1,1,0.23489199999999957,False,1.0,1.0,True,496147.1655058504,971867.9222791769
compressed_spectrogram_png,116541,6.0,20,22280731,116541,232260,114,114,117,3,3,0.23897999999999955,False,1.0,1.0,True,487660.0552347486,971880.4920913902
compressed_spectrogram_png,116541,6.0,21,22280732,115517,232260,114,113,117,3,4,0.23897999999999955,False,0.9912133927115779,0.9912280701754386,False,483375.1778391506,971880.4920913902
compressed_spectrogram_png,116541,6.0,22,22280733,116541,238224,114,114,120,6,6,0.24511199999999952,False,1.0,1.0,True,475460.19778713497,971898.5606579868
compressed_spectrogram_png,116541,6.0,23,22280734,116541,228284,114,114,115,1,1,0.23489199999999957,False,1.0,1.0,True,496147.1655058504,971867.9222791769
compressed_spectrogram_png,116541,6.0,24,22280735,116541,233912,114,114,118,4,4,0.24085599999999954,False,1.0,1.0,True,483861.72650878626,971169.4954661725
compressed_spectrogram_png,116541,6.0,25,22280736,116541,232260,114,114,117,3,3,0.23897999999999955,False,1.0,1.0,True,487660.0552347486,971880.4920913902
compressed_spectrogram_png,116541,6.0,26,22280737,116541,232260,114,114,117,3,3,0.23897999999999955,False,1.0,1.0,True,487660.0552347486,971880.4920913902
compressed_spectrogram_png,116541,6.0,27,22280738,116541,230272,114,114,116,2,2,0.23693599999999956,False,1.0,1.0,True,491867.00205962884,971874.2614039253
compressed_spectrogram_png,116541,6.0,28,22280739,116541,232260,114,114,117,3,3,0.23897999999999955,False,1.0,1.0,True,487660.0552347486,971880.4920913902
compressed_spectrogram_png,116541,6.0,29,22280740,116541,232260,114,114,117,3,3,0.23897999999999955,False,1.0,1.0,True,487660.0552347486,971880.4920913902
compressed_spectrogram_png,116541,9.0,0,22290711,116541,226296,114,114,114,0,0,0.23284799999999958,False,1.0,1.0,True,500502.47371676035,971861.4718614736
compressed_spectrogram_png,116541,9.0,1,22290712,116541,226296,114,114,114,0,0,0.23284799999999958,False,1.0,1.0,True,500502.47371676035,971861.4718614736
compressed_spectrogram_png,116541,9.0,2,22290713,116541,226296,114,114,114,0,0,0.23284799999999958,False,1.0,1.0,True,500502.47371676035,971861.4718614736
compressed_spectrogram_png,116541,9.0,3,22290714,116541,226296,114,114,114,0,0,0.23284799999999958,False,1.0,1.0,True,500502.47371676035,971861.4718614736
compressed_spectrogram_png,116541,9.0,4,22290715,116541,226296,114,114,114,0,0,0.23284799999999958,False,1.0,1.0,True,500502.47371676035,971861.4718614736
compressed_spectrogram_png,116541,9.0,5,22290716,116541,226296,114,114,114,0,0,0.23284799999999958,False,1.0,1.0,True,500502.47371676035,971861.4718614736
compressed_spectrogram_png,116541,9.0,6,22290717,116541,226296,114,114,114,0,0,0.23284799999999958,False,1.0,1.0,True,500502.47371676035,971861.4718614736
compressed_spectrogram_png,116541,9.0,7,22290718,116541,226296,114,114,114,0,0,0.23284799999999958,False,1.0,1.0,True,500502.47371676035,971861.4718614736
compressed_spectrogram_png,116541,9.0,8,22290719,116541,226296,114,114,114,0,0,0.23284799999999958,False,1.0,1.0,True,500502.47371676035,971861.4718614736
compressed_spectrogram_png,116541,9.0,9,22290720,116541,226296,114,114,114,0,0,0.23284799999999958,False,1.0,1.0,True,500502.47371676035,971861.4718614736
compressed_spectrogram_png,116541,9.0,10,22290721,116541,226296,114,114,114,0,0,0.23284799999999958,False,1.0,1.0,True,500502.47371676035,971861.4718614736
compressed_spectrogram_png,116541,9.0,11,22290722,116541,226296,114,114,114,0,0,0.23284799999999958,False,1.0,1.0,True,500502.47371676035,971861.4718614736
compressed_spectrogram_png,116541,9.0,12,22290723,116541,226296,114,114,114,0,0,0.23284799999999958,False,1.0,1.0,True,500502.47371676035,971861.4718614736
compressed_spectrogram_png,116541,9.0,13,22290724,116541,226296,114,114,114,0,0,0.23284799999999958,False,1.0,1.0,True,500502.47371676035,971861.4718614736
compressed_spectrogram_png,116541,9.0,14,22290725,116541,226296,114,114,114,0,0,0.23284799999999958,False,1.0,1.0,True,500502.47371676035,971861.4718614736
compressed_spectrogram_png,116541,9.0,15,22290726,116541,226296,114,114,114,0,0,0.23284799999999958,False,1.0,1.0,True,500502.47371676035,971861.4718614736
compressed_spectrogram_png,116541,9.0,16,22290727,116541,226296,114,114,114,0,0,0.23284799999999958,False,1.0,1.0,True,500502.47371676035,971861.4718614736
compressed_spectrogram_png,116541,9.0,17,22290728,116541,226296,114,114,114,0,0,0.23284799999999958,False,1.0,1.0,True,500502.47371676035,971861.4718614736
compressed_spectrogram_png,116541,9.0,18,22290729,116541,226296,114,114,114,0,0,0.23284799999999958,False,1.0,1.0,True,500502.47371676035,971861.4718614736
compressed_spectrogram_png,116541,9.0,19,22290730,116541,226296,114,114,114,0,0,0.23284799999999958,False,1.0,1.0,True,500502.47371676035,971861.4718614736
compressed_spectrogram_png,116541,9.0,20,22290731,116541,226296,114,114,114,0,0,0.23284799999999958,False,1.0,1.0,True,500502.47371676035,971861.4718614736
compressed_spectrogram_png,116541,9.0,21,22290732,116541,226296,114,114,114,0,0,0.23284799999999958,False,1.0,1.0,True,500502.47371676035,971861.4718614736
compressed_spectrogram_png,116541,9.0,22,22290733,116541,226296,114,114,114,0,0,0.23284799999999958,False,1.0,1.0,True,500502.47371676035,971861.4718614736
compressed_spectrogram_png,116541,9.0,23,22290734,116541,226296,114,114,114,0,0,0.23284799999999958,False,1.0,1.0,True,500502.47371676035,971861.4718614736
compressed_spectrogram_png,116541,9.0,24,22290735,116541,226296,114,114,114,0,0,0.23284799999999958,False,1.0,1.0,True,500502.47371676035,971861.4718614736
compressed_spectrogram_png,116541,9.0,25,22290736,116541,226296,114,114,114,0,0,0.23284799999999958,False,1.0,1.0,True,500502.47371676035,971861.4718614736
compressed_spectrogram_png,116541,9.0,26,22290737,116541,226296,114,114,114,0,0,0.23284799999999958,False,1.0,1.0,True,500502.47371676035,971861.4718614736
compressed_spectrogram_png,116541,9.0,27,22290738,116541,226296,114,114,114,0,0,0.23284799999999958,False,1.0,1.0,True,500502.47371676035,971861.4718614736
compressed_spectrogram_png,116541,9.0,28,22290739,116541,226296,114,114,114,0,0,0.23284799999999958,False,1.0,1.0,True,500502.47371676035,971861.4718614736
compressed_spectrogram_png,116541,9.0,29,22290740,116541,226296,114,114,114,0,0,0.23284799999999958,False,1.0,1.0,True,500502.47371676035,971861.4718614736
compressed_spectrogram_png,116541,12.0,0,22300711,116541,226296,114,114,114,0,0,0.23284799999999958,False,1.0,1.0,True,500502.47371676035,971861.4718614736
compressed_spectrogram_png,116541,12.0,1,22300712,116541,226296,114,114,114,0,0,0.23284799999999958,False,1.0,1.0,True,500502.47371676035,971861.4718614736
compressed_spectrogram_png,116541,12.0,2,22300713,116541,226296,114,114,114,0,0,0.23284799999999958,False,1.0,1.0,True,500502.47371676035,971861.4718614736
compressed_spectrogram_png,116541,12.0,3,22300714,116541,226296,114,114,114,0,0,0.23284799999999958,False,1.0,1.0,True,500502.47371676035,971861.4718614736
compressed_spectrogram_png,116541,12.0,4,22300715,116541,226296,114,114,114,0,0,0.23284799999999958,False,1.0,1.0,True,500502.47371676035,971861.4718614736
compressed_spectrogram_png,116541,12.0,5,22300716,116541,226296,114,114,114,0,0,0.23284799999999958,False,1.0,1.0,True,500502.47371676035,971861.4718614736
compressed_spectrogram_png,116541,12.0,6,22300717,116541,226296,114,114,114,0,0,0.23284799999999958,False,1.0,1.0,True,500502.47371676035,971861.4718614736
compressed_spectrogram_png,116541,12.0,7,22300718,116541,226296,114,114,114,0,0,0.23284799999999958,False,1.0,1.0,True,500502.47371676035,971861.4718614736
compressed_spectrogram_png,116541,12.0,8,22300719,116541,226296,114,114,114,0,0,0.23284799999999958,False,1.0,1.0,True,500502.47371676035,971861.4718614736
compressed_spectrogram_png,116541,12.0,9,22300720,116541,226296,114,114,114,0,0,0.23284799999999958,False,1.0,1.0,True,500502.47371676035,971861.4718614736
compressed_spectrogram_png,116541,12.0,10,22300721,116541,226296,114,114,114,0,0,0.23284799999999958,False,1.0,1.0,True,500502.47371676035,971861.4718614736
compressed_spectrogram_png,116541,12.0,11,22300722,116541,226296,114,114,114,0,0,0.23284799999999958,False,1.0,1.0,True,500502.47371676035,971861.4718614736
compressed_spectrogram_png,116541,12.0,12,22300723,116541,226296,114,114,114,0,0,0.23284799999999958,False,1.0,1.0,True,500502.47371676035,971861.4718614736
compressed_spectrogram_png,116541,12.0,13,22300724,116541,226296,114,114,114,0,0,0.23284799999999958,False,1.0,1.0,True,500502.47371676035,971861.4718614736
compressed_spectrogram_png,116541,12.0,14,22300725,116541,226296,114,114,114,0,0,0.23284799999999958,False,1.0,1.0,True,500502.47371676035,971861.4718614736
compressed_spectrogram_png,116541,12.0,15,22300726,116541,226296,114,114,114,0,0,0.23284799999999958,False,1.0,1.0,True,500502.47371676035,971861.4718614736
compressed_spectrogram_png,116541,12.0,16,22300727,116541,226296,114,114,114,0,0,0.23284799999999958,False,1.0,1.0,True,500502.47371676035,971861.4718614736
compressed_spectrogram_png,116541,12.0,17,22300728,116541,226296,114,114,114,0,0,0.23284799999999958,False,1.0,1.0,True,500502.47371676035,971861.4718614736
compressed_spectrogram_png,116541,12.0,18,22300729,116541,226296,114,114,114,0,0,0.23284799999999958,False,1.0,1.0,True,500502.47371676035,971861.4718614736
compressed_spectrogram_png,116541,12.0,19,22300730,116541,226296,114,114,114,0,0,0.23284799999999958,False,1.0,1.0,True,500502.47371676035,971861.4718614736
compressed_spectrogram_png,116541,12.0,20,22300731,116541,226296,114,114,114,0,0,0.23284799999999958,False,1.0,1.0,True,500502.47371676035,971861.4718614736
compressed_spectrogram_png,116541,12.0,21,22300732,116541,226296,114,114,114,0,0,0.23284799999999958,False,1.0,1.0,True,500502.47371676035,971861.4718614736
compressed_spectrogram_png,116541,12.0,22,22300733,116541,226296,114,114,114,0,0,0.23284799999999958,False,1.0,1.0,True,500502.47371676035,971861.4718614736
compressed_spectrogram_png,116541,12.0,23,22300734,116541,226296,114,114,114,0,0,0.23284799999999958,False,1.0,1.0,True,500502.47371676035,971861.4718614736
compressed_spectrogram_png,116541,12.0,24,22300735,116541,226296,114,114,114,0,0,0.23284799999999958,False,1.0,1.0,True,500502.47371676035,971861.4718614736
compressed_spectrogram_png,116541,12.0,25,22300736,116541,226296,114,114,114,0,0,0.23284799999999958,False,1.0,1.0,True,500502.47371676035,971861.4718614736
compressed_spectrogram_png,116541,12.0,26,22300737,116541,226296,114,114,114,0,0,0.23284799999999958,False,1.0,1.0,True,500502.47371676035,971861.4718614736
compressed_spectrogram_png,116541,12.0,27,22300738,116541,226296,114,114,114,0,0,0.23284799999999958,False,1.0,1.0,True,500502.47371676035,971861.4718614736
compressed_spectrogram_png,116541,12.0,28,22300739,116541,226296,114,114,114,0,0,0.23284799999999958,False,1.0,1.0,True,500502.47371676035,971861.4718614736
compressed_spectrogram_png,116541,12.0,29,22300740,116541,226296,114,114,114,0,0,0.23284799999999958,False,1.0,1.0,True,500502.47371676035,971861.4718614736
spectrogram_uint8,131072,0.0,0,23260711,0,242536,128,0,122,61,122,0.2493679999999995,True,0.0,0.0,False,0.0,972602.7397260293
spectrogram_uint8,131072,0.0,1,23260712,0,242536,128,0,122,61,122,0.2493679999999995,True,0.0,0.0,False,0.0,972602.7397260293
spectrogram_uint8,131072,0.0,2,23260713,0,242536,128,0,122,61,122,0.2493679999999995,True,0.0,0.0,False,0.0,972602.7397260293
spectrogram_uint8,131072,0.0,3,23260714,0,242536,128,0,122,61,122,0.2493679999999995,True,0.0,0.0,False,0.0,972602.7397260293
spectrogram_uint8,131072,0.0,4,23260715,0,242536,128,0,122,61,122,0.2493679999999995,True,0.0,0.0,False,0.0,972602.7397260293
spectrogram_uint8,131072,0.0,5,23260716,0,242536,128,0,122,61,122,0.2493679999999995,True,0.0,0.0,False,0.0,972602.7397260293
spectrogram_uint8,131072,0.0,6,23260717,0,242536,128,0,122,61,122,0.2493679999999995,True,0.0,0.0,False,0.0,972602.7397260293
spectrogram_uint8,131072,0.0,7,23260718,0,242536,128,0,122,61,122,0.2493679999999995,True,0.0,0.0,False,0.0,972602.7397260293
spectrogram_uint8,131072,0.0,8,23260719,0,242536,128,0,122,61,122,0.2493679999999995,True,0.0,0.0,False,0.0,972602.7397260293
spectrogram_uint8,131072,0.0,9,23260720,0,242536,128,0,122,61,122,0.2493679999999995,True,0.0,0.0,False,0.0,972602.7397260293
spectrogram_uint8,131072,0.0,10,23260721,0,242536,128,0,122,61,122,0.2493679999999995,True,0.0,0.0,False,0.0,972602.7397260293
spectrogram_uint8,131072,0.0,11,23260722,0,242536,128,0,122,61,122,0.2493679999999995,True,0.0,0.0,False,0.0,972602.7397260293
spectrogram_uint8,131072,0.0,12,23260723,0,242536,128,0,122,61,122,0.2493679999999995,True,0.0,0.0,False,0.0,972602.7397260293
spectrogram_uint8,131072,0.0,13,23260724,0,242536,128,0,122,61,122,0.2493679999999995,True,0.0,0.0,False,0.0,972602.7397260293
spectrogram_uint8,131072,0.0,14,23260725,0,242536,128,0,122,61,122,0.2493679999999995,True,0.0,0.0,False,0.0,972602.7397260293
spectrogram_uint8,131072,0.0,15,23260726,0,242536,128,0,122,61,122,0.2493679999999995,True,0.0,0.0,False,0.0,972602.7397260293
spectrogram_uint8,131072,0.0,16,23260727,0,242536,128,0,122,61,122,0.2493679999999995,True,0.0,0.0,False,0.0,972602.7397260293
spectrogram_uint8,131072,0.0,17,23260728,0,242536,128,0,122,61,122,0.2493679999999995,True,0.0,0.0,False,0.0,972602.7397260293
spectrogram_uint8,131072,0.0,18,23260729,0,242536,128,0,122,61,122,0.2493679999999995,True,0.0,0.0,False,0.0,972602.7397260293
spectrogram_uint8,131072,0.0,19,23260730,0,242536,128,0,122,61,122,0.2493679999999995,True,0.0,0.0,False,0.0,972602.7397260293
spectrogram_uint8,131072,0.0,20,23260731,0,242536,128,0,122,61,122,0.2493679999999995,True,0.0,0.0,False,0.0,972602.7397260293
spectrogram_uint8,131072,0.0,21,23260732,0,242536,128,0,122,61,122,0.2493679999999995,True,0.0,0.0,False,0.0,972602.7397260293
spectrogram_uint8,131072,0.0,22,23260733,0,242536,128,0,122,61,122,0.2493679999999995,True,0.0,0.0,False,0.0,972602.7397260293
spectrogram_uint8,131072,0.0,23,23260734,0,242536,128,0,122,61,122,0.2493679999999995,True,0.0,0.0,False,0.0,972602.7397260293
spectrogram_uint8,131072,0.0,24,23260735,0,242536,128,0,122,61,122,0.2493679999999995,True,0.0,0.0,False,0.0,972602.7397260293
spectrogram_uint8,131072,0.0,25,23260736,0,242536,128,0,122,61,122,0.2493679999999995,True,0.0,0.0,False,0.0,972602.7397260293
spectrogram_uint8,131072,0.0,26,23260737,0,242536,128,0,122,61,122,0.2493679999999995,True,0.0,0.0,False,0.0,972602.7397260293
spectrogram_uint8,131072,0.0,27,23260738,0,242536,128,0,122,61,122,0.2493679999999995,True,0.0,0.0,False,0.0,972602.7397260293
spectrogram_uint8,131072,0.0,28,23260739,0,242536,128,0,122,61,122,0.2493679999999995,True,0.0,0.0,False,0.0,972602.7397260293
spectrogram_uint8,131072,0.0,29,23260740,0,242536,128,0,122,61,122,0.2493679999999995,True,0.0,0.0,False,0.0,972602.7397260293
spectrogram_uint8,131072,3.0,0,23270711,6144,242536,128,6,122,59,116,0.2493679999999995,True,0.046875,0.046875,False,24638.28558596136,972602.7397260293
spectrogram_uint8,131072,3.0,1,23270712,4096,242536,128,4,122,59,118,0.2493679999999995,True,0.03125,0.03125,False,16425.52372397424,972602.7397260293
spectrogram_uint8,131072,3.0,2,23270713,6144,242536,128,6,122,59,116,0.2493679999999995,True,0.046875,0.046875,False,24638.28558596136,972602.7397260293
spectrogram_uint8,131072,3.0,3,23270714,9216,242536,128,9,122,58,113,0.2493679999999995,True,0.0703125,0.0703125,False,36957.42837894204,972602.7397260293
spectrogram_uint8,131072,3.0,4,23270715,4096,242536,128,4,122,60,118,0.2493679999999995,True,0.03125,0.03125,False,16425.52372397424,972602.7397260293
spectrogram_uint8,131072,3.0,5,23270716,6144,242536,128,6,122,59,116,0.2493679999999995,True,0.046875,0.046875,False,24638.28558596136,972602.7397260293
spectrogram_uint8,131072,3.0,6,23270717,6144,242536,128,6,122,58,116,0.2493679999999995,True,0.046875,0.046875,False,24638.28558596136,972602.7397260293
spectrogram_uint8,131072,3.0,7,23270718,10240,242536,128,10,122,57,112,0.2493679999999995,True,0.078125,0.078125,False,41063.8093099356,972602.7397260293
spectrogram_uint8,131072,3.0,8,23270719,7168,242536,128,7,122,59,115,0.2493679999999995,True,0.0546875,0.0546875,False,28744.66651695492,972602.7397260293
spectrogram_uint8,131072,3.0,9,23270720,6144,242536,128,6,122,59,116,0.2493679999999995,True,0.046875,0.046875,False,24638.28558596136,972602.7397260293
spectrogram_uint8,131072,3.0,10,23270721,12288,242536,128,12,122,58,110,0.2493679999999995,True,0.09375,0.09375,False,49276.57117192272,972602.7397260293
spectrogram_uint8,131072,3.0,11,23270722,6144,242536,128,6,122,58,116,0.2493679999999995,True,0.046875,0.046875,False,24638.28558596136,972602.7397260293
spectrogram_uint8,131072,3.0,12,23270723,5120,242536,128,5,122,60,117,0.2493679999999995,True,0.0390625,0.0390625,False,20531.9046549678,972602.7397260293
spectrogram_uint8,131072,3.0,13,23270724,7168,242536,128,7,122,59,115,0.2493679999999995,True,0.0546875,0.0546875,False,28744.66651695492,972602.7397260293
spectrogram_uint8,131072,3.0,14,23270725,4096,242536,128,4,122,60,118,0.2493679999999995,True,0.03125,0.03125,False,16425.52372397424,972602.7397260293
spectrogram_uint8,131072,3.0,15,23270726,7168,242536,128,7,122,59,115,0.2493679999999995,True,0.0546875,0.0546875,False,28744.66651695492,972602.7397260293
spectrogram_uint8,131072,3.0,16,23270727,2048,242536,128,2,122,61,120,0.2493679999999995,True,0.015625,0.015625,False,8212.76186198712,972602.7397260293
spectrogram_uint8,131072,3.0,17,23270728,2048,242536,128,2,122,61,120,0.2493679999999995,True,0.015625,0.015625,False,8212.76186198712,972602.7397260293
spectrogram_uint8,131072,3.0,18,23270729,8192,242536,128,8,122,58,114,0.2493679999999995,True,0.0625,0.0625,False,32851.04744794848,972602.7397260293
spectrogram_uint8,131072,3.0,19,23270730,5120,242536,128,5,122,59,117,0.2493679999999995,True,0.0390625,0.0390625,False,20531.9046549678,972602.7397260293
spectrogram_uint8,131072,3.0,20,23270731,6144,242536,128,6,122,60,116,0.2493679999999995,True,0.046875,0.046875,False,24638.28558596136,972602.7397260293
spectrogram_uint8,131072,3.0,21,23270732,3072,242536,128,3,122,60,119,0.2493679999999995,True,0.0234375,0.0234375,False,12319.14279298068,972602.7397260293
spectrogram_uint8,131072,3.0,22,23270733,3072,242536,128,3,122,60,119,0.2493679999999995,True,0.0234375,0.0234375,False,12319.14279298068,972602.7397260293
spectrogram_uint8,131072,3.0,23,23270734,12288,242536,128,12,122,57,110,0.2493679999999995,True,0.09375,0.09375,False,49276.57117192272,972602.7397260293
spectrogram_uint8,131072,3.0,24,23270735,9216,242536,128,9,122,58,113,0.2493679999999995,True,0.0703125,0.0703125,False,36957.42837894204,972602.7397260293
spectrogram_uint8,131072,3.0,25,23270736,5120,242536,128,5,122,60,117,0.2493679999999995,True,0.0390625,0.0390625,False,20531.9046549678,972602.7397260293
spectrogram_uint8,131072,3.0,26,23270737,10240,242536,128,10,122,58,112,0.2493679999999995,True,0.078125,0.078125,False,41063.8093099356,972602.7397260293
spectrogram_uint8,131072,3.0,27,23270738,8192,242536,128,8,122,58,114,0.2493679999999995,True,0.0625,0.0625,False,32851.04744794848,972602.7397260293
spectrogram_uint8,131072,3.0,28,23270739,8192,242536,128,8,122,58,114,0.2493679999999995,True,0.0625,0.0625,False,32851.04744794848,972602.7397260293
spectrogram_uint8,131072,3.0,29,23270740,2048,242536,128,2,122,60,120,0.2493679999999995,True,0.015625,0.015625,False,8212.76186198712,972602.7397260293
spectrogram_uint8,131072,6.0,0,23280711,117760,242536,128,115,122,7,7,0.2493679999999995,True,0.8984375,0.8984375,False,472233.80706425937,972602.7397260293
spectrogram_uint8,131072,6.0,1,23280712,118784,242536,128,116,122,5,6,0.2493679999999995,True,0.90625,0.90625,False,476340.18799525296,972602.7397260293
spectrogram_uint8,131072,6.0,2,23280713,118784,242536,128,116,122,5,6,0.2493679999999995,True,0.90625,0.90625,False,476340.18799525296,972602.7397260293
spectrogram_uint8,131072,6.0,3,23280714,123904,242536,128,121,122,1,1,0.2493679999999995,True,0.9453125,0.9453125,False,496872.09265022073,972602.7397260293
spectrogram_uint8,131072,6.0,4,23280715,122880,242536,128,120,122,2,2,0.2493679999999995,True,0.9375,0.9375,False,492765.7117192272,972602.7397260293
spectrogram_uint8,131072,6.0,5,23280716,119808,242536,128,117,122,5,5,0.2493679999999995,True,0.9140625,0.9140625,False,480446.5689262465,972602.7397260293
spectrogram_uint8,131072,6.0,6,23280717,118784,242536,128,116,122,6,6,0.2493679999999995,True,0.90625,0.90625,False,476340.18799525296,972602.7397260293
spectrogram_uint8,131072,6.0,7,23280718,119808,242536,128,117,122,4,5,0.2493679999999995,True,0.9140625,0.9140625,False,480446.5689262465,972602.7397260293
spectrogram_uint8,131072,6.0,8,23280719,119808,242536,128,117,122,5,5,0.2493679999999995,True,0.9140625,0.9140625,False,480446.5689262465,972602.7397260293
spectrogram_uint8,131072,6.0,9,23280720,121856,242536,128,119,122,3,3,0.2493679999999995,True,0.9296875,0.9296875,False,488659.3307882336,972602.7397260293
spectrogram_uint8,131072,6.0,10,23280721,116736,242536,128,114,122,8,8,0.2493679999999995,True,0.890625,0.890625,False,468127.42613326584,972602.7397260293
spectrogram_uint8,131072,6.0,11,23280722,120832,242536,128,118,122,4,4,0.2493679999999995,True,0.921875,0.921875,False,484552.9498572401,972602.7397260293
spectrogram_uint8,131072,6.0,12,23280723,119808,242536,128,117,122,3,5,0.2493679999999995,True,0.9140625,0.9140625,False,480446.5689262465,972602.7397260293
spectrogram_uint8,131072,6.0,13,23280724,120832,242536,128,118,122,4,4,0.2493679999999995,True,0.921875,0.921875,False,484552.9498572401,972602.7397260293
spectrogram_uint8,131072,6.0,14,23280725,122880,242536,128,120,122,2,2,0.2493679999999995,True,0.9375,0.9375,False,492765.7117192272,972602.7397260293
spectrogram_uint8,131072,6.0,15,23280726,117760,242536,128,115,122,7,7,0.2493679999999995,True,0.8984375,0.8984375,False,472233.80706425937,972602.7397260293
spectrogram_uint8,131072,6.0,16,23280727,120832,242536,128,118,122,4,4,0.2493679999999995,True,0.921875,0.921875,False,484552.9498572401,972602.7397260293
spectrogram_uint8,131072,6.0,17,23280728,121856,242536,128,119,122,3,3,0.2493679999999995,True,0.9296875,0.9296875,False,488659.3307882336,972602.7397260293
spectrogram_uint8,131072,6.0,18,23280729,121856,242536,128,119,122,3,3,0.2493679999999995,True,0.9296875,0.9296875,False,488659.3307882336,972602.7397260293
spectrogram_uint8,131072,6.0,19,23280730,122880,242536,128,120,122,2,2,0.2493679999999995,True,0.9375,0.9375,False,492765.7117192272,972602.7397260293
spectrogram_uint8,131072,6.0,20,23280731,119808,242536,128,117,122,5,5,0.2493679999999995,True,0.9140625,0.9140625,False,480446.5689262465,972602.7397260293
spectrogram_uint8,131072,6.0,21,23280732,122880,242536,128,120,122,2,2,0.2493679999999995,True,0.9375,0.9375,False,492765.7117192272,972602.7397260293
spectrogram_uint8,131072,6.0,22,23280733,116736,242536,128,114,122,8,8,0.2493679999999995,True,0.890625,0.890625,False,468127.42613326584,972602.7397260293
spectrogram_uint8,131072,6.0,23,23280734,121856,242536,128,119,122,3,3,0.2493679999999995,True,0.9296875,0.9296875,False,488659.3307882336,972602.7397260293
spectrogram_uint8,131072,6.0,24,23280735,121856,242536,128,119,122,3,3,0.2493679999999995,True,0.9296875,0.9296875,False,488659.3307882336,972602.7397260293
spectrogram_uint8,131072,6.0,25,23280736,123904,242536,128,121,122,1,1,0.2493679999999995,True,0.9453125,0.9453125,False,496872.09265022073,972602.7397260293
spectrogram_uint8,131072,6.0,26,23280737,119808,242536,128,117,122,5,5,0.2493679999999995,True,0.9140625,0.9140625,False,480446.5689262465,972602.7397260293
spectrogram_uint8,131072,6.0,27,23280738,121856,242536,128,119,122,3,3,0.2493679999999995,True,0.9296875,0.9296875,False,488659.3307882336,972602.7397260293
spectrogram_uint8,131072,6.0,28,23280739,118784,242536,128,116,122,6,6,0.2493679999999995,True,0.90625,0.90625,False,476340.18799525296,972602.7397260293
spectrogram_uint8,131072,6.0,29,23280740,119808,242536,128,117,122,5,5,0.2493679999999995,True,0.9140625,0.9140625,False,480446.5689262465,972602.7397260293
spectrogram_uint8,131072,9.0,0,23290711,124928,242536,128,122,122,0,0,0.2493679999999995,True,0.953125,0.953125,False,500978.4735812143,972602.7397260293
spectrogram_uint8,131072,9.0,1,23290712,124928,242536,128,122,122,0,0,0.2493679999999995,True,0.953125,0.953125,False,500978.4735812143,972602.7397260293
spectrogram_uint8,131072,9.0,2,23290713,124928,242536,128,122,122,0,0,0.2493679999999995,True,0.953125,0.953125,False,500978.4735812143,972602.7397260293
spectrogram_uint8,131072,9.0,3,23290714,124928,242536,128,122,122,0,0,0.2493679999999995,True,0.953125,0.953125,False,500978.4735812143,972602.7397260293
spectrogram_uint8,131072,9.0,4,23290715,124928,242536,128,122,122,0,0,0.2493679999999995,True,0.953125,0.953125,False,500978.4735812143,972602.7397260293
spectrogram_uint8,131072,9.0,5,23290716,124928,242536,128,122,122,0,0,0.2493679999999995,True,0.953125,0.953125,False,500978.4735812143,972602.7397260293
spectrogram_uint8,131072,9.0,6,23290717,124928,242536,128,122,122,0,0,0.2493679999999995,True,0.953125,0.953125,False,500978.4735812143,972602.7397260293
spectrogram_uint8,131072,9.0,7,23290718,124928,242536,128,122,122,0,0,0.2493679999999995,True,0.953125,0.953125,False,500978.4735812143,972602.7397260293
spectrogram_uint8,131072,9.0,8,23290719,124928,242536,128,122,122,0,0,0.2493679999999995,True,0.953125,0.953125,False,500978.4735812143,972602.7397260293
spectrogram_uint8,131072,9.0,9,23290720,124928,242536,128,122,122,0,0,0.2493679999999995,True,0.953125,0.953125,False,500978.4735812143,972602.7397260293
spectrogram_uint8,131072,9.0,10,23290721,124928,242536,128,122,122,0,0,0.2493679999999995,True,0.953125,0.953125,False,500978.4735812143,972602.7397260293
spectrogram_uint8,131072,9.0,11,23290722,124928,242536,128,122,122,0,0,0.2493679999999995,True,0.953125,0.953125,False,500978.4735812143,972602.7397260293
spectrogram_uint8,131072,9.0,12,23290723,124928,242536,128,122,122,0,0,0.2493679999999995,True,0.953125,0.953125,False,500978.4735812143,972602.7397260293
spectrogram_uint8,131072,9.0,13,23290724,124928,242536,128,122,122,0,0,0.2493679999999995,True,0.953125,0.953125,False,500978.4735812143,972602.7397260293
spectrogram_uint8,131072,9.0,14,23290725,124928,242536,128,122,122,0,0,0.2493679999999995,True,0.953125,0.953125,False,500978.4735812143,972602.7397260293
spectrogram_uint8,131072,9.0,15,23290726,124928,242536,128,122,122,0,0,0.2493679999999995,True,0.953125,0.953125,False,500978.4735812143,972602.7397260293
spectrogram_uint8,131072,9.0,16,23290727,124928,242536,128,122,122,0,0,0.2493679999999995,True,0.953125,0.953125,False,500978.4735812143,972602.7397260293
spectrogram_uint8,131072,9.0,17,23290728,124928,242536,128,122,122,0,0,0.2493679999999995,True,0.953125,0.953125,False,500978.4735812143,972602.7397260293
spectrogram_uint8,131072,9.0,18,23290729,124928,242536,128,122,122,0,0,0.2493679999999995,True,0.953125,0.953125,False,500978.4735812143,972602.7397260293
spectrogram_uint8,131072,9.0,19,23290730,124928,242536,128,122,122,0,0,0.2493679999999995,True,0.953125,0.953125,False,500978.4735812143,972602.7397260293
spectrogram_uint8,131072,9.0,20,23290731,124928,242536,128,122,122,0,0,0.2493679999999995,True,0.953125,0.953125,False,500978.4735812143,972602.7397260293
spectrogram_uint8,131072,9.0,21,23290732,124928,242536,128,122,122,0,0,0.2493679999999995,True,0.953125,0.953125,False,500978.4735812143,972602.7397260293
spectrogram_uint8,131072,9.0,22,23290733,124928,242536,128,122,122,0,0,0.2493679999999995,True,0.953125,0.953125,False,500978.4735812143,972602.7397260293
spectrogram_uint8,131072,9.0,23,23290734,124928,242536,128,122,122,0,0,0.2493679999999995,True,0.953125,0.953125,False,500978.4735812143,972602.7397260293
spectrogram_uint8,131072,9.0,24,23290735,124928,242536,128,122,122,0,0,0.2493679999999995,True,0.953125,0.953125,False,500978.4735812143,972602.7397260293
spectrogram_uint8,131072,9.0,25,23290736,124928,242536,128,122,122,0,0,0.2493679999999995,True,0.953125,0.953125,False,500978.4735812143,972602.7397260293
spectrogram_uint8,131072,9.0,26,23290737,124928,242536,128,122,122,0,0,0.2493679999999995,True,0.953125,0.953125,False,500978.4735812143,972602.7397260293
spectrogram_uint8,131072,9.0,27,23290738,124928,242536,128,122,122,0,0,0.2493679999999995,True,0.953125,0.953125,False,500978.4735812143,972602.7397260293
spectrogram_uint8,131072,9.0,28,23290739,124928,242536,128,122,122,0,0,0.2493679999999995,True,0.953125,0.953125,False,500978.4735812143,972602.7397260293
spectrogram_uint8,131072,9.0,29,23290740,124928,242536,128,122,122,0,0,0.2493679999999995,True,0.953125,0.953125,False,500978.4735812143,972602.7397260293
spectrogram_uint8,131072,12.0,0,23300711,124928,242536,128,122,122,0,0,0.2493679999999995,True,0.953125,0.953125,False,500978.4735812143,972602.7397260293
spectrogram_uint8,131072,12.0,1,23300712,124928,242536,128,122,122,0,0,0.2493679999999995,True,0.953125,0.953125,False,500978.4735812143,972602.7397260293
spectrogram_uint8,131072,12.0,2,23300713,124928,242536,128,122,122,0,0,0.2493679999999995,True,0.953125,0.953125,False,500978.4735812143,972602.7397260293
spectrogram_uint8,131072,12.0,3,23300714,124928,242536,128,122,122,0,0,0.2493679999999995,True,0.953125,0.953125,False,500978.4735812143,972602.7397260293
spectrogram_uint8,131072,12.0,4,23300715,124928,242536,128,122,122,0,0,0.2493679999999995,True,0.953125,0.953125,False,500978.4735812143,972602.7397260293
spectrogram_uint8,131072,12.0,5,23300716,124928,242536,128,122,122,0,0,0.2493679999999995,True,0.953125,0.953125,False,500978.4735812143,972602.7397260293
spectrogram_uint8,131072,12.0,6,23300717,124928,242536,128,122,122,0,0,0.2493679999999995,True,0.953125,0.953125,False,500978.4735812143,972602.7397260293
spectrogram_uint8,131072,12.0,7,23300718,124928,242536,128,122,122,0,0,0.2493679999999995,True,0.953125,0.953125,False,500978.4735812143,972602.7397260293
spectrogram_uint8,131072,12.0,8,23300719,124928,242536,128,122,122,0,0,0.2493679999999995,True,0.953125,0.953125,False,500978.4735812143,972602.7397260293
spectrogram_uint8,131072,12.0,9,23300720,124928,242536,128,122,122,0,0,0.2493679999999995,True,0.953125,0.953125,False,500978.4735812143,972602.7397260293
spectrogram_uint8,131072,12.0,10,23300721,124928,242536,128,122,122,0,0,0.2493679999999995,True,0.953125,0.953125,False,500978.4735812143,972602.7397260293
spectrogram_uint8,131072,12.0,11,23300722,124928,242536,128,122,122,0,0,0.2493679999999995,True,0.953125,0.953125,False,500978.4735812143,972602.7397260293
spectrogram_uint8,131072,12.0,12,23300723,124928,242536,128,122,122,0,0,0.2493679999999995,True,0.953125,0.953125,False,500978.4735812143,972602.7397260293
spectrogram_uint8,131072,12.0,13,23300724,124928,242536,128,122,122,0,0,0.2493679999999995,True,0.953125,0.953125,False,500978.4735812143,972602.7397260293
spectrogram_uint8,131072,12.0,14,23300725,124928,242536,128,122,122,0,0,0.2493679999999995,True,0.953125,0.953125,False,500978.4735812143,972602.7397260293
spectrogram_uint8,131072,12.0,15,23300726,124928,242536,128,122,122,0,0,0.2493679999999995,True,0.953125,0.953125,False,500978.4735812143,972602.7397260293
spectrogram_uint8,131072,12.0,16,23300727,124928,242536,128,122,122,0,0,0.2493679999999995,True,0.953125,0.953125,False,500978.4735812143,972602.7397260293
spectrogram_uint8,131072,12.0,17,23300728,124928,242536,128,122,122,0,0,0.2493679999999995,True,0.953125,0.953125,False,500978.4735812143,972602.7397260293
spectrogram_uint8,131072,12.0,18,23300729,124928,242536,128,122,122,0,0,0.2493679999999995,True,0.953125,0.953125,False,500978.4735812143,972602.7397260293
spectrogram_uint8,131072,12.0,19,23300730,124928,242536,128,122,122,0,0,0.2493679999999995,True,0.953125,0.953125,False,500978.4735812143,972602.7397260293
spectrogram_uint8,131072,12.0,20,23300731,124928,242536,128,122,122,0,0,0.2493679999999995,True,0.953125,0.953125,False,500978.4735812143,972602.7397260293
spectrogram_uint8,131072,12.0,21,23300732,124928,242536,128,122,122,0,0,0.2493679999999995,True,0.953125,0.953125,False,500978.4735812143,972602.7397260293
spectrogram_uint8,131072,12.0,22,23300733,124928,242536,128,122,122,0,0,0.2493679999999995,True,0.953125,0.953125,False,500978.4735812143,972602.7397260293
spectrogram_uint8,131072,12.0,23,23300734,124928,242536,128,122,122,0,0,0.2493679999999995,True,0.953125,0.953125,False,500978.4735812143,972602.7397260293
spectrogram_uint8,131072,12.0,24,23300735,124928,242536,128,122,122,0,0,0.2493679999999995,True,0.953125,0.953125,False,500978.4735812143,972602.7397260293
spectrogram_uint8,131072,12.0,25,23300736,124928,242536,128,122,122,0,0,0.2493679999999995,True,0.953125,0.953125,False,500978.4735812143,972602.7397260293
spectrogram_uint8,131072,12.0,26,23300737,124928,242536,128,122,122,0,0,0.2493679999999995,True,0.953125,0.953125,False,500978.4735812143,972602.7397260293
spectrogram_uint8,131072,12.0,27,23300738,124928,242536,128,122,122,0,0,0.2493679999999995,True,0.953125,0.953125,False,500978.4735812143,972602.7397260293
spectrogram_uint8,131072,12.0,28,23300739,124928,242536,128,122,122,0,0,0.2493679999999995,True,0.953125,0.953125,False,500978.4735812143,972602.7397260293
spectrogram_uint8,131072,12.0,29,23300740,124928,242536,128,122,122,0,0,0.2493679999999995,True,0.953125,0.953125,False,500978.4735812143,972602.7397260293
iq_int12_complex,24000000,0.0,0,24260711,0,242536,23438,0,122,61,122,0.2493679999999995,True,0.0,0.0,False,0.0,972602.7397260293
iq_int12_complex,24000000,0.0,1,24260712,0,242536,23438,0,122,61,122,0.2493679999999995,True,0.0,0.0,False,0.0,972602.7397260293
iq_int12_complex,24000000,0.0,2,24260713,0,242536,23438,0,122,61,122,0.2493679999999995,True,0.0,0.0,False,0.0,972602.7397260293
iq_int12_complex,24000000,0.0,3,24260714,0,242536,23438,0,122,61,122,0.2493679999999995,True,0.0,0.0,False,0.0,972602.7397260293
iq_int12_complex,24000000,0.0,4,24260715,0,242536,23438,0,122,61,122,0.2493679999999995,True,0.0,0.0,False,0.0,972602.7397260293
iq_int12_complex,24000000,0.0,5,24260716,0,242536,23438,0,122,61,122,0.2493679999999995,True,0.0,0.0,False,0.0,972602.7397260293
iq_int12_complex,24000000,0.0,6,24260717,0,242536,23438,0,122,61,122,0.2493679999999995,True,0.0,0.0,False,0.0,972602.7397260293
iq_int12_complex,24000000,0.0,7,24260718,0,242536,23438,0,122,61,122,0.2493679999999995,True,0.0,0.0,False,0.0,972602.7397260293
iq_int12_complex,24000000,0.0,8,24260719,0,242536,23438,0,122,61,122,0.2493679999999995,True,0.0,0.0,False,0.0,972602.7397260293
iq_int12_complex,24000000,0.0,9,24260720,0,242536,23438,0,122,61,122,0.2493679999999995,True,0.0,0.0,False,0.0,972602.7397260293
iq_int12_complex,24000000,0.0,10,24260721,0,242536,23438,0,122,61,122,0.2493679999999995,True,0.0,0.0,False,0.0,972602.7397260293
iq_int12_complex,24000000,0.0,11,24260722,0,242536,23438,0,122,61,122,0.2493679999999995,True,0.0,0.0,False,0.0,972602.7397260293
iq_int12_complex,24000000,0.0,12,24260723,0,242536,23438,0,122,61,122,0.2493679999999995,True,0.0,0.0,False,0.0,972602.7397260293
iq_int12_complex,24000000,0.0,13,24260724,0,242536,23438,0,122,61,122,0.2493679999999995,True,0.0,0.0,False,0.0,972602.7397260293
iq_int12_complex,24000000,0.0,14,24260725,0,242536,23438,0,122,61,122,0.2493679999999995,True,0.0,0.0,False,0.0,972602.7397260293
iq_int12_complex,24000000,0.0,15,24260726,0,242536,23438,0,122,61,122,0.2493679999999995,True,0.0,0.0,False,0.0,972602.7397260293
iq_int12_complex,24000000,0.0,16,24260727,0,242536,23438,0,122,61,122,0.2493679999999995,True,0.0,0.0,False,0.0,972602.7397260293
iq_int12_complex,24000000,0.0,17,24260728,0,242536,23438,0,122,61,122,0.2493679999999995,True,0.0,0.0,False,0.0,972602.7397260293
iq_int12_complex,24000000,0.0,18,24260729,0,242536,23438,0,122,61,122,0.2493679999999995,True,0.0,0.0,False,0.0,972602.7397260293
iq_int12_complex,24000000,0.0,19,24260730,0,242536,23438,0,122,61,122,0.2493679999999995,True,0.0,0.0,False,0.0,972602.7397260293
iq_int12_complex,24000000,0.0,20,24260731,0,242536,23438,0,122,61,122,0.2493679999999995,True,0.0,0.0,False,0.0,972602.7397260293
iq_int12_complex,24000000,0.0,21,24260732,0,242536,23438,0,122,61,122,0.2493679999999995,True,0.0,0.0,False,0.0,972602.7397260293
iq_int12_complex,24000000,0.0,22,24260733,0,242536,23438,0,122,61,122,0.2493679999999995,True,0.0,0.0,False,0.0,972602.7397260293
iq_int12_complex,24000000,0.0,23,24260734,0,242536,23438,0,122,61,122,0.2493679999999995,True,0.0,0.0,False,0.0,972602.7397260293
iq_int12_complex,24000000,0.0,24,24260735,0,242536,23438,0,122,61,122,0.2493679999999995,True,0.0,0.0,False,0.0,972602.7397260293
iq_int12_complex,24000000,0.0,25,24260736,0,242536,23438,0,122,61,122,0.2493679999999995,True,0.0,0.0,False,0.0,972602.7397260293
iq_int12_complex,24000000,0.0,26,24260737,0,242536,23438,0,122,61,122,0.2493679999999995,True,0.0,0.0,False,0.0,972602.7397260293
iq_int12_complex,24000000,0.0,27,24260738,0,242536,23438,0,122,61,122,0.2493679999999995,True,0.0,0.0,False,0.0,972602.7397260293
iq_int12_complex,24000000,0.0,28,24260739,0,242536,23438,0,122,61,122,0.2493679999999995,True,0.0,0.0,False,0.0,972602.7397260293
iq_int12_complex,24000000,0.0,29,24260740,0,242536,23438,0,122,61,122,0.2493679999999995,True,0.0,0.0,False,0.0,972602.7397260293
iq_int12_complex,24000000,3.0,0,24270711,10240,242536,23438,10,122,59,112,0.2493679999999995,True,0.00042666666666666667,0.00042665756463862106,False,41063.8093099356,972602.7397260293
iq_int12_complex,24000000,3.0,1,24270712,10240,242536,23438,10,122,58,112,0.2493679999999995,True,0.00042666666666666667,0.00042665756463862106,False,41063.8093099356,972602.7397260293
iq_int12_complex,24000000,3.0,2,24270713,7168,242536,23438,7,122,58,115,0.2493679999999995,True,0.00029866666666666664,0.00029866029524703474,False,28744.66651695492,972602.7397260293
iq_int12_complex,24000000,3.0,3,24270714,3072,242536,23438,3,122,59,119,0.2493679999999995,True,0.000128,0.00012799726939158632,False,12319.14279298068,972602.7397260293
iq_int12_complex,24000000,3.0,4,24270715,9216,242536,23438,9,122,57,113,0.2493679999999995,True,0.000384,0.0003839918081747589,False,36957.42837894204,972602.7397260293
iq_int12_complex,24000000,3.0,5,24270716,9216,242536,23438,9,122,58,113,0.2493679999999995,True,0.000384,0.0003839918081747589,False,36957.42837894204,972602.7397260293
iq_int12_complex,24000000,3.0,6,24270717,10240,242536,23438,10,122,58,112,0.2493679999999995,True,0.00042666666666666667,0.00042665756463862106,False,41063.8093099356,972602.7397260293
iq_int12_complex,24000000,3.0,7,24270718,6144,242536,23438,6,122,60,116,0.2493679999999995,True,0.000256,0.00025599453878317265,False,24638.28558596136,972602.7397260293
iq_int12_complex,24000000,3.0,8,24270719,10240,242536,23438,10,122,57,112,0.2493679999999995,True,0.00042666666666666667,0.00042665756463862106,False,41063.8093099356,972602.7397260293
iq_int12_complex,24000000,3.0,9,24270720,5120,242536,23438,5,122,59,117,0.2493679999999995,True,0.00021333333333333333,0.00021332878231931053,False,20531.9046549678,972602.7397260293
iq_int12_complex,24000000,3.0,10,24270721,4096,242536,23438,4,122,60,118,0.2493679999999995,True,0.00017066666666666668,0.0001706630258554484,False,16425.52372397424,972602.7397260293
iq_int12_complex,24000000,3.0,11,24270722,7168,242536,23438,7,122,59,115,0.2493679999999995,True,0.00029866666666666664,0.00029866029524703474,False,28744.66651695492,972602.7397260293
iq_int12_complex,24000000,3.0,12,24270723,8192,242536,23438,8,122,60,114,0.2493679999999995,True,0.00034133333333333335,0.0003413260517108968,False,32851.04744794848,972602.7397260293
iq_int12_complex,24000000,3.0,13,24270724,12288,242536,23438,12,122,57,110,0.2493679999999995,True,0.000512,0.0005119890775663453,False,49276.57117192272,972602.7397260293
iq_int12_complex,24000000,3.0,14,24270725,3072,242536,23438,3,122,60,119,0.2493679999999995,True,0.000128,0.00012799726939158632,False,12319.14279298068,972602.7397260293
iq_int12_complex,24000000,3.0,15,24270726,5120,242536,23438,5,122,59,117,0.2493679999999995,True,0.00021333333333333333,0.00021332878231931053,False,20531.9046549678,972602.7397260293
iq_int12_complex,24000000,3.0,16,24270727,4096,242536,23438,4,122,60,118,0.2493679999999995,True,0.00017066666666666668,0.0001706630258554484,False,16425.52372397424,972602.7397260293
iq_int12_complex,24000000,3.0,17,24270728,4096,242536,23438,4,122,60,118,0.2493679999999995,True,0.00017066666666666668,0.0001706630258554484,False,16425.52372397424,972602.7397260293
iq_int12_complex,24000000,3.0,18,24270729,4096,242536,23438,4,122,60,118,0.2493679999999995,True,0.00017066666666666668,0.0001706630258554484,False,16425.52372397424,972602.7397260293
iq_int12_complex,24000000,3.0,19,24270730,4096,242536,23438,4,122,60,118,0.2493679999999995,True,0.00017066666666666668,0.0001706630258554484,False,16425.52372397424,972602.7397260293
iq_int12_complex,24000000,3.0,20,24270731,10240,242536,23438,10,122,57,112,0.2493679999999995,True,0.00042666666666666667,0.00042665756463862106,False,41063.8093099356,972602.7397260293
iq_int12_complex,24000000,3.0,21,24270732,7168,242536,23438,7,122,59,115,0.2493679999999995,True,0.00029866666666666664,0.00029866029524703474,False,28744.66651695492,972602.7397260293
iq_int12_complex,24000000,3.0,22,24270733,11264,242536,23438,11,122,59,111,0.2493679999999995,True,0.0004693333333333333,0.00046932332110248315,False,45170.19024092916,972602.7397260293
iq_int12_complex,24000000,3.0,23,24270734,10240,242536,23438,10,122,58,112,0.2493679999999995,True,0.00042666666666666667,0.00042665756463862106,False,41063.8093099356,972602.7397260293
iq_int12_complex,24000000,3.0,24,24270735,6144,242536,23438,6,122,59,116,0.2493679999999995,True,0.000256,0.00025599453878317265,False,24638.28558596136,972602.7397260293
iq_int12_complex,24000000,3.0,25,24270736,2048,242536,23438,2,122,60,120,0.2493679999999995,True,8.533333333333334e-05,8.53315129277242e-05,False,8212.76186198712,972602.7397260293
iq_int12_complex,24000000,3.0,26,24270737,4096,242536,23438,4,122,59,118,0.2493679999999995,True,0.00017066666666666668,0.0001706630258554484,False,16425.52372397424,972602.7397260293
iq_int12_complex,24000000,3.0,27,24270738,6144,242536,23438,6,122,60,116,0.2493679999999995,True,0.000256,0.00025599453878317265,False,24638.28558596136,972602.7397260293
iq_int12_complex,24000000,3.0,28,24270739,7168,242536,23438,7,122,58,115,0.2493679999999995,True,0.00029866666666666664,0.00029866029524703474,False,28744.66651695492,972602.7397260293
iq_int12_complex,24000000,3.0,29,24270740,4096,242536,23438,4,122,59,118,0.2493679999999995,True,0.00017066666666666668,0.0001706630258554484,False,16425.52372397424,972602.7397260293
iq_int12_complex,24000000,6.0,0,24280711,118784,242536,23438,116,122,6,6,0.2493679999999995,True,0.004949333333333333,0.004949227749808004,False,476340.18799525296,972602.7397260293
iq_int12_complex,24000000,6.0,1,24280712,122880,242536,23438,120,122,2,2,0.2493679999999995,True,0.00512,0.005119890775663453,False,492765.7117192272,972602.7397260293
iq_int12_complex,24000000,6.0,2,24280713,121856,242536,23438,119,122,3,3,0.2493679999999995,True,0.005077333333333333,0.00507722501919959,False,488659.3307882336,972602.7397260293
iq_int12_complex,24000000,6.0,3,24280714,123904,242536,23438,121,122,1,1,0.2493679999999995,True,0.005162666666666667,0.005162556532127315,False,496872.09265022073,972602.7397260293
iq_int12_complex,24000000,6.0,4,24280715,119808,242536,23438,117,122,5,5,0.2493679999999995,True,0.004992,0.004991893506271866,False,480446.5689262465,972602.7397260293
iq_int12_complex,24000000,6.0,5,24280716,120832,242536,23438,118,122,4,4,0.2493679999999995,True,0.0050346666666666665,0.005034559262735728,False,484552.9498572401,972602.7397260293
iq_int12_complex,24000000,6.0,6,24280717,123904,242536,23438,121,122,1,1,0.2493679999999995,True,0.005162666666666667,0.005162556532127315,False,496872.09265022073,972602.7397260293
iq_int12_complex,24000000,6.0,7,24280718,117760,242536,23438,115,122,7,7,0.2493679999999995,True,0.004906666666666667,0.004906561993344142,False,472233.80706425937,972602.7397260293
iq_int12_complex,24000000,6.0,8,24280719,117760,242536,23438,115,122,7,7,0.2493679999999995,True,0.004906666666666667,0.004906561993344142,False,472233.80706425937,972602.7397260293
iq_int12_complex,24000000,6.0,9,24280720,123904,242536,23438,121,122,1,1,0.2493679999999995,True,0.005162666666666667,0.005162556532127315,False,496872.09265022073,972602.7397260293
iq_int12_complex,24000000,6.0,10,24280721,123904,242536,23438,121,122,1,1,0.2493679999999995,True,0.005162666666666667,0.005162556532127315,False,496872.09265022073,972602.7397260293
iq_int12_complex,24000000,6.0,11,24280722,121856,242536,23438,119,122,3,3,0.2493679999999995,True,0.005077333333333333,0.00507722501919959,False,488659.3307882336,972602.7397260293
iq_int12_complex,24000000,6.0,12,24280723,120832,242536,23438,118,122,4,4,0.2493679999999995,True,0.0050346666666666665,0.005034559262735728,False,484552.9498572401,972602.7397260293
iq_int12_complex,24000000,6.0,13,24280724,121856,242536,23438,119,122,3,3,0.2493679999999995,True,0.005077333333333333,0.00507722501919959,False,488659.3307882336,972602.7397260293
iq_int12_complex,24000000,6.0,14,24280725,120832,242536,23438,118,122,4,4,0.2493679999999995,True,0.0050346666666666665,0.005034559262735728,False,484552.9498572401,972602.7397260293
iq_int12_complex,24000000,6.0,15,24280726,121856,242536,23438,119,122,3,3,0.2493679999999995,True,0.005077333333333333,0.00507722501919959,False,488659.3307882336,972602.7397260293
iq_int12_complex,24000000,6.0,16,24280727,118784,242536,23438,116,122,6,6,0.2493679999999995,True,0.004949333333333333,0.004949227749808004,False,476340.18799525296,972602.7397260293
iq_int12_complex,24000000,6.0,17,24280728,123904,242536,23438,121,122,1,1,0.2493679999999995,True,0.005162666666666667,0.005162556532127315,False,496872.09265022073,972602.7397260293
iq_int12_complex,24000000,6.0,18,24280729,118784,242536,23438,116,122,6,6,0.2493679999999995,True,0.004949333333333333,0.004949227749808004,False,476340.18799525296,972602.7397260293
iq_int12_complex,24000000,6.0,19,24280730,121856,242536,23438,119,122,3,3,0.2493679999999995,True,0.005077333333333333,0.00507722501919959,False,488659.3307882336,972602.7397260293
iq_int12_complex,24000000,6.0,20,24280731,120832,242536,23438,118,122,4,4,0.2493679999999995,True,0.0050346666666666665,0.005034559262735728,False,484552.9498572401,972602.7397260293
iq_int12_complex,24000000,6.0,21,24280732,122880,242536,23438,120,122,2,2,0.2493679999999995,True,0.00512,0.005119890775663453,False,492765.7117192272,972602.7397260293
iq_int12_complex,24000000,6.0,22,24280733,121856,242536,23438,119,122,2,3,0.2493679999999995,True,0.005077333333333333,0.00507722501919959,False,488659.3307882336,972602.7397260293
iq_int12_complex,24000000,6.0,23,24280734,119808,242536,23438,117,122,5,5,0.2493679999999995,True,0.004992,0.004991893506271866,False,480446.5689262465,972602.7397260293
iq_int12_complex,24000000,6.0,24,24280735,119808,242536,23438,117,122,5,5,0.2493679999999995,True,0.004992,0.004991893506271866,False,480446.5689262465,972602.7397260293
iq_int12_complex,24000000,6.0,25,24280736,121856,242536,23438,119,122,3,3,0.2493679999999995,True,0.005077333333333333,0.00507722501919959,False,488659.3307882336,972602.7397260293
iq_int12_complex,24000000,6.0,26,24280737,118784,242536,23438,116,122,6,6,0.2493679999999995,True,0.004949333333333333,0.004949227749808004,False,476340.18799525296,972602.7397260293
iq_int12_complex,24000000,6.0,27,24280738,121856,242536,23438,119,122,2,3,0.2493679999999995,True,0.005077333333333333,0.00507722501919959,False,488659.3307882336,972602.7397260293
iq_int12_complex,24000000,6.0,28,24280739,119808,242536,23438,117,122,5,5,0.2493679999999995,True,0.004992,0.004991893506271866,False,480446.5689262465,972602.7397260293
iq_int12_complex,24000000,6.0,29,24280740,121856,242536,23438,119,122,3,3,0.2493679999999995,True,0.005077333333333333,0.00507722501919959,False,488659.3307882336,972602.7397260293
iq_int12_complex,24000000,9.0,0,24290711,124928,242536,23438,122,122,0,0,0.2493679999999995,True,0.0052053333333333335,0.005205222288591177,False,500978.4735812143,972602.7397260293
iq_int12_complex,24000000,9.0,1,24290712,124928,242536,23438,122,122,0,0,0.2493679999999995,True,0.0052053333333333335,0.005205222288591177,False,500978.4735812143,972602.7397260293
iq_int12_complex,24000000,9.0,2,24290713,124928,242536,23438,122,122,0,0,0.2493679999999995,True,0.0052053333333333335,0.005205222288591177,False,500978.4735812143,972602.7397260293
iq_int12_complex,24000000,9.0,3,24290714,124928,242536,23438,122,122,0,0,0.2493679999999995,True,0.0052053333333333335,0.005205222288591177,False,500978.4735812143,972602.7397260293
iq_int12_complex,24000000,9.0,4,24290715,124928,242536,23438,122,122,0,0,0.2493679999999995,True,0.0052053333333333335,0.005205222288591177,False,500978.4735812143,972602.7397260293
iq_int12_complex,24000000,9.0,5,24290716,124928,242536,23438,122,122,0,0,0.2493679999999995,True,0.0052053333333333335,0.005205222288591177,False,500978.4735812143,972602.7397260293
iq_int12_complex,24000000,9.0,6,24290717,124928,242536,23438,122,122,0,0,0.2493679999999995,True,0.0052053333333333335,0.005205222288591177,False,500978.4735812143,972602.7397260293
iq_int12_complex,24000000,9.0,7,24290718,124928,242536,23438,122,122,0,0,0.2493679999999995,True,0.0052053333333333335,0.005205222288591177,False,500978.4735812143,972602.7397260293
iq_int12_complex,24000000,9.0,8,24290719,124928,242536,23438,122,122,0,0,0.2493679999999995,True,0.0052053333333333335,0.005205222288591177,False,500978.4735812143,972602.7397260293
iq_int12_complex,24000000,9.0,9,24290720,124928,242536,23438,122,122,0,0,0.2493679999999995,True,0.0052053333333333335,0.005205222288591177,False,500978.4735812143,972602.7397260293
iq_int12_complex,24000000,9.0,10,24290721,124928,242536,23438,122,122,0,0,0.2493679999999995,True,0.0052053333333333335,0.005205222288591177,False,500978.4735812143,972602.7397260293
iq_int12_complex,24000000,9.0,11,24290722,124928,242536,23438,122,122,0,0,0.2493679999999995,True,0.0052053333333333335,0.005205222288591177,False,500978.4735812143,972602.7397260293
iq_int12_complex,24000000,9.0,12,24290723,124928,242536,23438,122,122,0,0,0.2493679999999995,True,0.0052053333333333335,0.005205222288591177,False,500978.4735812143,972602.7397260293
iq_int12_complex,24000000,9.0,13,24290724,124928,242536,23438,122,122,0,0,0.2493679999999995,True,0.0052053333333333335,0.005205222288591177,False,500978.4735812143,972602.7397260293
iq_int12_complex,24000000,9.0,14,24290725,124928,242536,23438,122,122,0,0,0.2493679999999995,True,0.0052053333333333335,0.005205222288591177,False,500978.4735812143,972602.7397260293
iq_int12_complex,24000000,9.0,15,24290726,124928,242536,23438,122,122,0,0,0.2493679999999995,True,0.0052053333333333335,0.005205222288591177,False,500978.4735812143,972602.7397260293
iq_int12_complex,24000000,9.0,16,24290727,124928,242536,23438,122,122,0,0,0.2493679999999995,True,0.0052053333333333335,0.005205222288591177,False,500978.4735812143,972602.7397260293
iq_int12_complex,24000000,9.0,17,24290728,124928,242536,23438,122,122,0,0,0.2493679999999995,True,0.0052053333333333335,0.005205222288591177,False,500978.4735812143,972602.7397260293
iq_int12_complex,24000000,9.0,18,24290729,124928,242536,23438,122,122,0,0,0.2493679999999995,True,0.0052053333333333335,0.005205222288591177,False,500978.4735812143,972602.7397260293
iq_int12_complex,24000000,9.0,19,24290730,124928,242536,23438,122,122,0,0,0.2493679999999995,True,0.0052053333333333335,0.005205222288591177,False,500978.4735812143,972602.7397260293
iq_int12_complex,24000000,9.0,20,24290731,124928,242536,23438,122,122,0,0,0.2493679999999995,True,0.0052053333333333335,0.005205222288591177,False,500978.4735812143,972602.7397260293
iq_int12_complex,24000000,9.0,21,24290732,124928,242536,23438,122,122,0,0,0.2493679999999995,True,0.0052053333333333335,0.005205222288591177,False,500978.4735812143,972602.7397260293
iq_int12_complex,24000000,9.0,22,24290733,124928,242536,23438,122,122,0,0,0.2493679999999995,True,0.0052053333333333335,0.005205222288591177,False,500978.4735812143,972602.7397260293
iq_int12_complex,24000000,9.0,23,24290734,124928,242536,23438,122,122,0,0,0.2493679999999995,True,0.0052053333333333335,0.005205222288591177,False,500978.4735812143,972602.7397260293
iq_int12_complex,24000000,9.0,24,24290735,124928,242536,23438,122,122,0,0,0.2493679999999995,True,0.0052053333333333335,0.005205222288591177,False,500978.4735812143,972602.7397260293
iq_int12_complex,24000000,9.0,25,24290736,124928,242536,23438,122,122,0,0,0.2493679999999995,True,0.0052053333333333335,0.005205222288591177,False,500978.4735812143,972602.7397260293
iq_int12_complex,24000000,9.0,26,24290737,124928,242536,23438,122,122,0,0,0.2493679999999995,True,0.0052053333333333335,0.005205222288591177,False,500978.4735812143,972602.7397260293
iq_int12_complex,24000000,9.0,27,24290738,124928,242536,23438,122,122,0,0,0.2493679999999995,True,0.0052053333333333335,0.005205222288591177,False,500978.4735812143,972602.7397260293
iq_int12_complex,24000000,9.0,28,24290739,124928,242536,23438,122,122,0,0,0.2493679999999995,True,0.0052053333333333335,0.005205222288591177,False,500978.4735812143,972602.7397260293
iq_int12_complex,24000000,9.0,29,24290740,124928,242536,23438,122,122,0,0,0.2493679999999995,True,0.0052053333333333335,0.005205222288591177,False,500978.4735812143,972602.7397260293
iq_int12_complex,24000000,12.0,0,24300711,124928,242536,23438,122,122,0,0,0.2493679999999995,True,0.0052053333333333335,0.005205222288591177,False,500978.4735812143,972602.7397260293
iq_int12_complex,24000000,12.0,1,24300712,124928,242536,23438,122,122,0,0,0.2493679999999995,True,0.0052053333333333335,0.005205222288591177,False,500978.4735812143,972602.7397260293
iq_int12_complex,24000000,12.0,2,24300713,124928,242536,23438,122,122,0,0,0.2493679999999995,True,0.0052053333333333335,0.005205222288591177,False,500978.4735812143,972602.7397260293
iq_int12_complex,24000000,12.0,3,24300714,124928,242536,23438,122,122,0,0,0.2493679999999995,True,0.0052053333333333335,0.005205222288591177,False,500978.4735812143,972602.7397260293
iq_int12_complex,24000000,12.0,4,24300715,124928,242536,23438,122,122,0,0,0.2493679999999995,True,0.0052053333333333335,0.005205222288591177,False,500978.4735812143,972602.7397260293
iq_int12_complex,24000000,12.0,5,24300716,124928,242536,23438,122,122,0,0,0.2493679999999995,True,0.0052053333333333335,0.005205222288591177,False,500978.4735812143,972602.7397260293
iq_int12_complex,24000000,12.0,6,24300717,124928,242536,23438,122,122,0,0,0.2493679999999995,True,0.0052053333333333335,0.005205222288591177,False,500978.4735812143,972602.7397260293
iq_int12_complex,24000000,12.0,7,24300718,124928,242536,23438,122,122,0,0,0.2493679999999995,True,0.0052053333333333335,0.005205222288591177,False,500978.4735812143,972602.7397260293
iq_int12_complex,24000000,12.0,8,24300719,124928,242536,23438,122,122,0,0,0.2493679999999995,True,0.0052053333333333335,0.005205222288591177,False,500978.4735812143,972602.7397260293
iq_int12_complex,24000000,12.0,9,24300720,124928,242536,23438,122,122,0,0,0.2493679999999995,True,0.0052053333333333335,0.005205222288591177,False,500978.4735812143,972602.7397260293
iq_int12_complex,24000000,12.0,10,24300721,124928,242536,23438,122,122,0,0,0.2493679999999995,True,0.0052053333333333335,0.005205222288591177,False,500978.4735812143,972602.7397260293
iq_int12_complex,24000000,12.0,11,24300722,124928,242536,23438,122,122,0,0,0.2493679999999995,True,0.0052053333333333335,0.005205222288591177,False,500978.4735812143,972602.7397260293
iq_int12_complex,24000000,12.0,12,24300723,124928,242536,23438,122,122,0,0,0.2493679999999995,True,0.0052053333333333335,0.005205222288591177,False,500978.4735812143,972602.7397260293
iq_int12_complex,24000000,12.0,13,24300724,124928,242536,23438,122,122,0,0,0.2493679999999995,True,0.0052053333333333335,0.005205222288591177,False,500978.4735812143,972602.7397260293
iq_int12_complex,24000000,12.0,14,24300725,124928,242536,23438,122,122,0,0,0.2493679999999995,True,0.0052053333333333335,0.005205222288591177,False,500978.4735812143,972602.7397260293
iq_int12_complex,24000000,12.0,15,24300726,124928,242536,23438,122,122,0,0,0.2493679999999995,True,0.0052053333333333335,0.005205222288591177,False,500978.4735812143,972602.7397260293
iq_int12_complex,24000000,12.0,16,24300727,124928,242536,23438,122,122,0,0,0.2493679999999995,True,0.0052053333333333335,0.005205222288591177,False,500978.4735812143,972602.7397260293
iq_int12_complex,24000000,12.0,17,24300728,124928,242536,23438,122,122,0,0,0.2493679999999995,True,0.0052053333333333335,0.005205222288591177,False,500978.4735812143,972602.7397260293
iq_int12_complex,24000000,12.0,18,24300729,124928,242536,23438,122,122,0,0,0.2493679999999995,True,0.0052053333333333335,0.005205222288591177,False,500978.4735812143,972602.7397260293
iq_int12_complex,24000000,12.0,19,24300730,124928,242536,23438,122,122,0,0,0.2493679999999995,True,0.0052053333333333335,0.005205222288591177,False,500978.4735812143,972602.7397260293
iq_int12_complex,24000000,12.0,20,24300731,124928,242536,23438,122,122,0,0,0.2493679999999995,True,0.0052053333333333335,0.005205222288591177,False,500978.4735812143,972602.7397260293
iq_int12_complex,24000000,12.0,21,24300732,124928,242536,23438,122,122,0,0,0.2493679999999995,True,0.0052053333333333335,0.005205222288591177,False,500978.4735812143,972602.7397260293
iq_int12_complex,24000000,12.0,22,24300733,124928,242536,23438,122,122,0,0,0.2493679999999995,True,0.0052053333333333335,0.005205222288591177,False,500978.4735812143,972602.7397260293
iq_int12_complex,24000000,12.0,23,24300734,124928,242536,23438,122,122,0,0,0.2493679999999995,True,0.0052053333333333335,0.005205222288591177,False,500978.4735812143,972602.7397260293
iq_int12_complex,24000000,12.0,24,24300735,124928,242536,23438,122,122,0,0,0.2493679999999995,True,0.0052053333333333335,0.005205222288591177,False,500978.4735812143,972602.7397260293
iq_int12_complex,24000000,12.0,25,24300736,124928,242536,23438,122,122,0,0,0.2493679999999995,True,0.0052053333333333335,0.005205222288591177,False,500978.4735812143,972602.7397260293
iq_int12_complex,24000000,12.0,26,24300737,124928,242536,23438,122,122,0,0,0.2493679999999995,True,0.0052053333333333335,0.005205222288591177,False,500978.4735812143,972602.7397260293
iq_int12_complex,24000000,12.0,27,24300738,124928,242536,23438,122,122,0,0,0.2493679999999995,True,0.0052053333333333335,0.005205222288591177,False,500978.4735812143,972602.7397260293
iq_int12_complex,24000000,12.0,28,24300739,124928,242536,23438,122,122,0,0,0.2493679999999995,True,0.0052053333333333335,0.005205222288591177,False,500978.4735812143,972602.7397260293
iq_int12_complex,24000000,12.0,29,24300740,124928,242536,23438,122,122,0,0,0.2493679999999995,True,0.0052053333333333335,0.005205222288591177,False,500978.4735812143,972602.7397260293
