seed,method,epoch,dual,rate_temperature,mean_discrete_regret,cvar_0_9_regret,clean_resource_rate,brier,mean_application_bits,mean_nominal_transmitted_bits,budget_violation
20260716,detection_only,1,0.0,2.0,0.023846177384257317,0.11661507189273834,0.4933333396911621,0.007761852815747261,215.0,574.0,0.12109375
20260716,detection_only,2,0.0,1.9740138000035972,0.023744873702526093,0.11661507189273834,0.4933333396911621,0.008050348609685898,215.0,574.0,0.12109375
20260716,detection_only,3,0.0,1.9483652413023211,0.02292834036052227,0.11721716076135635,0.5133333206176758,0.008593302220106125,215.0,574.0,0.12109375
20260716,detection_only,4,0.0,1.9230499368890603,0.020967574790120125,0.10942045599222183,0.5133333206176758,0.009621371515095234,215.0,574.0,0.12109375
20260716,detection_only,5,0.0,1.898063556757526,0.021090218797326088,0.11334416270256042,0.5199999809265137,0.010976137593388557,215.0,574.0,0.12109375
20260716,detection_only,6,0.0,1.8734018271616335,0.021068038418889046,0.11334416270256042,0.5400000214576721,0.01191801019012928,215.0,574.0,0.12109375
20260716,detection_only,7,0.0,1.8490605298845093,0.021886790171265602,0.11601025611162186,0.5266666412353516,0.011524447239935398,215.0,574.0,0.12109375
20260716,detection_only,8,0.0,1.8250355015169928,0.020889542996883392,0.11334416270256042,0.5400000214576721,0.010617831721901894,215.0,574.0,0.12109375
20260716,detection_only,9,0.0,1.8013226327455147,0.02124548889696598,0.11334416270256042,0.5333333611488342,0.010008906945586205,215.0,574.0,0.12109375
20260716,detection_only,10,0.0,1.777917867649229,0.021168703213334084,0.11334416270256042,0.5333333611488342,0.009893154725432396,215.0,574.0,0.12109375
20260716,detection_only,11,0.0,1.7548172030062736,0.021202797070145607,0.11334416270256042,0.5333333611488342,0.00992857851088047,215.0,574.0,0.12109375
20260716,detection_only,12,0.0,1.732016687609049,0.021214652806520462,0.11334416270256042,0.5333333611488342,0.009924214333295822,215.0,574.0,0.12109375
20260716,detection_only,13,0.0,1.7095124215883912,0.021281836554408073,0.11334416270256042,0.5333333611488342,0.009656949900090694,215.0,574.0,0.12109375
20260716,detection_only,14,0.0,1.687300555746526,0.0217893123626709,0.11334416270256042,0.5199999809265137,0.009492424316704273,215.0,574.0,0.12109375
20260716,detection_only,15,0.0,1.6653772908986906,0.021845202893018723,0.11601025611162186,0.5133333206176758,0.009202149696648121,213.8800048828125,572.0399780273438,0.11726558208465576
20260716,detection_only,16,0.0,1.6437388772233101,0.02089489996433258,0.11326701194047928,0.5266666412353516,0.009154364466667175,213.13333129882812,570.7333374023438,0.11471354961395264
20260716,detection_only,17,0.0,1.6223816136206164,0.02090015448629856,0.11334416270256042,0.5333333611488342,0.00885623786598444,212.3866729736328,569.4266967773438,0.11216151714324951
20260716,detection_only,18,0.0,1.6013018470796005,0.02248554490506649,0.1179572120308876,0.5133333206176758,0.008796212263405323,211.63999938964844,568.1199951171875,0.10960936546325684
20260716,detection_only,19,0.0,1.5804959720531906,0.022124862298369408,0.1179572120308876,0.5199999809265137,0.008821634575724602,210.14666748046875,565.5066528320312,0.10450518131256104
20260716,detection_only,20,0.0,1.559960429841549,0.022211911156773567,0.12043868005275726,0.5333333611488342,0.008695501834154129,207.16000366210938,560.280029296875,0.09429693222045898
20260716,detection_only,21,0.0,1.5396917079833807,0.0229573305696249,0.1217687577009201,0.5199999809265137,0.008900262415409088,207.16000366210938,560.280029296875,0.09429693222045898
20260716,detection_only,22,0.0,1.5196863396551512,0.02329172194004059,0.1217687577009201,0.5133333206176758,0.00873382855206728,206.0399932861328,558.3200073242188,0.09046876430511475
20260716,detection_only,23,0.0,1.4999409030781112,0.022647138684988022,0.12079283595085144,0.5199999809265137,0.008943647146224976,206.0399932861328,558.3200073242188,0.09046876430511475
20260716,detection_only,24,0.0,1.4804520209330247,0.023121727630496025,0.1217687577009201,0.5199999809265137,0.008873213082551956,205.2933349609375,557.0133056640625,0.08791661262512207
20260716,detection_only,25,0.0,1.4612163597825027,0.02256278693675995,0.11978504806756973,0.5266666412353516,0.009264709427952766,205.6666717529297,557.6666870117188,0.08919274806976318
20260716,detection_only,26,0.0,1.442230629500841,0.024290570989251137,0.12238793820142746,0.5066666603088379,0.009241513907909393,204.9199981689453,556.3599853515625,0.08664059638977051
20260716,detection_only,27,0.0,1.4234915827112675,0.023015659302473068,0.12389339506626129,0.5333333611488342,0.009662105701863766,205.2933349609375,557.0133056640625,0.08791661262512207
20260716,detection_only,28,0.0,1.404996014230502,0.023059584200382233,0.12389339506626129,0.5333333611488342,0.008972115814685822,201.93333435058594,551.1333618164062,0.07643234729766846
20260716,detection_only,29,0.0,1.3867407605205309,0.02366303838789463,0.12389339506626129,0.5266666412353516,0.009204668924212456,201.18666076660156,549.82666015625,0.07388019561767578
20260716,detection_only,30,0.0,1.3687226991475059,0.02337782271206379,0.12142253667116165,0.5266666412353516,0.009875270538032055,203.05332946777344,553.0933227539062,0.08026039600372314
20260716,detection_only,31,0.0,1.350938748247674,0.023638630285859108,0.12142253667116165,0.5199999809265137,0.00969341117888689,201.18666076660156,549.82666015625,0.07388019561767578
20260716,detection_only,32,0.0,1.333385866000247,0.023590223863720894,0.12514320015907288,0.5266666412353516,0.009677953086793423,198.57333374023438,545.2533569335938,0.06494796276092529
20260716,detection_only,33,0.0,1.3160610501071175,0.02459876611828804,0.12936285138130188,0.5333333611488342,0.009649029932916164,195.9600067138672,540.6799926757812,0.056015610694885254
20260716,detection_only,34,0.0,1.2989613372793378,0.02450602874159813,0.13086776435375214,0.5266666412353516,0.009982106275856495,197.45333862304688,543.2933349609375,0.061119794845581055
20260716,detection_only,35,0.0,1.2820838027302701,0.025873970240354538,0.13086776435375214,0.5266666412353516,0.009372273460030556,191.85333251953125,533.4933471679688,0.041979193687438965
20260716,detection_only,36,0.0,1.2654255596753214,0.025559447705745697,0.1327618509531021,0.5333333611488342,0.00942728016525507,190.73333740234375,531.5333251953125,0.03815102577209473
20260716,detection_only,37,0.0,1.24898375883818,0.023204248398542404,0.12389339506626129,0.5333333611488342,0.010975811630487442,198.94667053222656,545.9066772460938,0.06622397899627686
20260716,detection_only,38,0.0,1.2327555879634662,0.02520887739956379,0.1327618509531021,0.5266666412353516,0.009447257965803146,183.26666259765625,518.4666748046875,0.012630224227905273
20260716,detection_only,39,0.0,1.2167382713357153,0.026496773585677147,0.1360190510749817,0.5133333206176758,0.009437100030481815,185.5066680908203,522.3866577148438,0.0202864408493042
20260716,detection_only,40,0.0,1.2009290693046117,0.02429344691336155,0.12936285138130188,0.5400000214576721,0.010973041877150536,194.0933380126953,537.413330078125,0.04963541030883789
20260716,detection_only,41,0.0,1.18532527781639,0.025261571630835533,0.1336051970720291,0.5133333206176758,0.009220574051141739,176.54666137695312,506.7066650390625,0.0
20260716,detection_only,42,0.0,1.1699242279513258,0.025312896817922592,0.1327618509531021,0.4933333396911621,0.009136322885751724,167.9600067138672,491.67999267578125,0.0
20260716,detection_only,43,0.0,1.1547232854672358,0.025083405897021294,0.1327618509531021,0.5400000214576721,0.010330463759601116,188.1199951171875,526.9600219726562,0.02921879291534424
20260716,detection_only,44,0.0,1.1397198503489083,0.023871837183833122,0.13144251704216003,0.5333333611488342,0.009383775293827057,179.16000366210938,511.2799987792969,0.0
20260716,detection_only,45,0.0,1.12491135636339,0.0270443856716156,0.14067289233207703,0.47999998927116394,0.008949358947575092,160.4933319091797,478.61334228515625,0.0
20260716,detection_only,46,0.0,1.110295270621048,0.024539437144994736,0.1327618509531021,0.5266666412353516,0.009443352930247784,176.17333984375,506.0533447265625,0.0
20260716,detection_only,47,0.0,1.0958690931423387,0.024012118577957153,0.1327618509531021,0.5266666412353516,0.009392322041094303,173.55999755859375,501.4800109863281,0.0
20260716,detection_only,48,0.0,1.0816303564302021,0.02789219841361046,0.14527514576911926,0.47999998927116394,0.009102817624807358,159.0,476.0,0.0
20260716,detection_only,49,0.0,1.0675766250480143,0.02789219841361046,0.14527514576911926,0.47999998927116394,0.009102817624807358,159.0,476.0,0.0
20260716,detection_only,50,0.0,1.0537054952030231,0.02339528128504753,0.12741443514823914,0.5400000214576721,0.00920638907700777,177.6666717529297,508.6666564941406,0.0
20260716,detection_only,51,0.0,1.040014594335196,0.02789219841361046,0.14527514576911926,0.47999998927116394,0.009102817624807358,159.0,476.0,0.0
20260716,detection_only,52,0.0,1.02650158071141,0.02789219841361046,0.14527514576911926,0.47999998927116394,0.009102817624807358,159.0,476.0,0.0
20260716,detection_only,53,0.0,1.0131641430249148,0.026633433997631073,0.14067289233207703,0.5,0.009106600657105446,160.4933319091797,478.61334228515625,0.0
20260716,detection_only,54,0.0,1.0,0.02789219841361046,0.14527514576911926,0.47999998927116394,0.009102817624807358,159.0,476.0,0.0
20260716,detection_only,55,0.0,0.9870069000017987,0.02789219841361046,0.14527514576911926,0.47999998927116394,0.009102817624807358,159.0,476.0,0.0
20260716,detection_only,56,0.0,0.9741826206511606,0.027846775949001312,0.14527514576911926,0.4866666793823242,0.008364517241716385,159.74667358398438,477.3066711425781,0.0
20260716,detection_only,57,0.0,0.9615249684445302,0.02676396630704403,0.14004959166049957,0.4933333396911621,0.008283314295113087,160.1199951171875,477.9599914550781,0.0
20260716,detection_only,58,0.0,0.949031778378763,0.02789219841361046,0.14527514576911926,0.47999998927116394,0.009102817624807358,159.0,476.0,0.0
20260716,detection_only,59,0.0,0.9367009135808169,0.026620524004101753,0.14004959166049957,0.5,0.008969361893832684,160.1199951171875,477.9599914550781,0.0
20260716,detection_only,60,0.0,0.9245302649422548,0.027846775949001312,0.14527514576911926,0.4866666793823242,0.008332247845828533,159.74667358398438,477.3066711425781,0.0
20260716,detection_only,61,0.0,0.9125177507584963,0.027846775949001312,0.14527514576911926,0.4866666793823242,0.008695507422089577,159.3733367919922,476.6533203125,0.0
20260716,detection_only,62,0.0,0.9006613163727574,0.026620524004101753,0.14004959166049957,0.5,0.008963885717093945,160.1199951171875,477.9599914550781,0.0
20260716,detection_only,63,0.0,0.8889589338246144,0.027846775949001312,0.14527514576911926,0.4866666793823242,0.008292474783957005,159.74667358398438,477.3066711425781,0.0
20260716,detection_only,64,0.0,0.8774086015031368,0.02676396630704403,0.14004959166049957,0.4933333396911621,0.00821774359792471,160.1199951171875,477.9599914550781,0.0
20260716,detection_only,65,0.0,0.8660083438045245,0.02676396630704403,0.14004959166049957,0.4933333396911621,0.008221598342061043,160.1199951171875,477.9599914550781,0.0
20260716,detection_only,66,0.0,0.8547562107941956,0.026375235989689827,0.14004959166049957,0.5,0.009488281793892384,160.1199951171875,477.9599914550781,0.0
20260716,detection_only,67,0.0,0.8436502778732629,0.027846775949001312,0.14527514576911926,0.4866666793823242,0.008975359611213207,159.74667358398438,477.3066711425781,0.0
20260716,detection_only,68,0.0,0.8326886454493452,0.026620524004101753,0.14004959166049957,0.5,0.00889858789741993,160.1199951171875,477.9599914550781,0.0
20260716,detection_only,69,0.0,0.8218694386116551,0.02676396630704403,0.14004959166049957,0.4933333396911621,0.008194784633815289,160.1199951171875,477.9599914550781,0.0
20260716,detection_only,70,0.0,0.8111908068103082,0.027846775949001312,0.14527514576911926,0.4866666793823242,0.008251864463090897,159.74667358398438,477.3066711425781,0.0
20260716,detection_only,71,0.0,0.8006509235398003,0.027185093611478806,0.14527514576911926,0.5,0.010936091654002666,159.74667358398438,477.3066711425781,0.0
20260716,detection_only,72,0.0,0.7902479860265953,0.026347573846578598,0.14004959166049957,0.5066666603088379,0.010289829224348068,160.1199951171875,477.9599914550781,0.0
20260716,detection_only,73,0.0,0.7799802149207745,0.02676396630704403,0.14004959166049957,0.4933333396911621,0.008128716610372066,160.1199951171875,477.9599914550781,0.0
20260716,detection_only,74,0.0,0.7698458539916904,0.027846775949001312,0.14527514576911926,0.4866666793823242,0.008189072832465172,159.74667358398438,477.3066711425781,0.0
20260716,detection_only,75,0.0,0.7598431698275756,0.026491016149520874,0.14004959166049957,0.5,0.009577586315572262,160.1199951171875,477.9599914550781,0.0
20260716,detection_only,76,0.0,0.7499704515390556,0.027846775949001312,0.14527514576911926,0.4866666793823242,0.008208967745304108,159.74667358398438,477.3066711425781,0.0
20260716,detection_only,77,0.0,0.7402260104665124,0.0265186820179224,0.14004959166049957,0.4933333396911621,0.008726624771952629,160.1199951171875,477.9599914550781,0.0
20260716,detection_only,78,0.0,0.7306081798912514,0.027846775949001312,0.14527514576911926,0.4866666793823242,0.008181446231901646,159.74667358398438,477.3066711425781,0.0
20260716,detection_only,79,0.0,0.7211153147504205,0.027846775949001312,0.14527514576911926,0.4866666793823242,0.008179839700460434,159.74667358398438,477.3066711425781,0.0
20260716,detection_only,80,0.0,0.7117457913556338,0.027846775949001312,0.14527514576911926,0.4866666793823242,0.008884661830961704,159.74667358398438,477.3066711425781,0.0
20260716,detection_only,81,0.0,0.702498007115251,0.027846775949001312,0.14527514576911926,0.4866666793823242,0.008867145515978336,159.74667358398438,477.3066711425781,0.0
20260716,detection_only,82,0.0,0.6933703802602654,0.027846775949001312,0.14527514576911926,0.4866666793823242,0.008147460408508778,159.74667358398438,477.3066711425781,0.0
20260716,detection_only,83,0.0,0.6843613495737529,0.027846775949001312,0.14527514576911926,0.4866666793823242,0.008138460107147694,159.74667358398438,477.3066711425781,0.0
20260716,detection_only,84,0.0,0.6754693741238371,0.027846775949001312,0.14527514576911926,0.4866666793823242,0.008831498213112354,159.74667358398438,477.3066711425781,0.0
20260716,detection_only,85,0.0,0.6666929330001236,0.027846775949001312,0.14527514576911926,0.4866666793823242,0.00882666278630495,159.74667358398438,477.3066711425781,0.0
20260716,detection_only,86,0.0,0.6580305250535589,0.027846775949001312,0.14527514576911926,0.4866666793823242,0.008138353936374187,159.74667358398438,477.3066711425781,0.0
20260716,detection_only,87,0.0,0.649480668639669,0.027846775949001312,0.14527514576911926,0.4866666793823242,0.008123476058244705,159.74667358398438,477.3066711425781,0.0
20260716,detection_only,88,0.0,0.6410419013651351,0.0265186820179224,0.14004959166049957,0.4933333396911621,0.009373998269438744,160.1199951171875,477.9599914550781,0.0
20260716,detection_only,89,0.0,0.6327127798376607,0.027846775949001312,0.14527514576911926,0.4866666793823242,0.008099551312625408,159.74667358398438,477.3066711425781,0.0
20260716,detection_only,90,0.0,0.62449187941909,0.027846775949001312,0.14527514576911926,0.4866666793823242,0.00810819398611784,159.74667358398438,477.3066711425781,0.0
20260716,detection_only,91,0.0,0.6163777939817331,0.02676396630704403,0.14004959166049957,0.4933333396911621,0.008070075884461403,160.1199951171875,477.9599914550781,0.0
20260716,detection_only,92,0.0,0.6083691356678577,0.027846775949001312,0.14527514576911926,0.4866666793823242,0.008101149462163448,159.74667358398438,477.3066711425781,0.0
20260716,detection_only,93,0.0,0.6004645346523059,0.027846775949001312,0.14527514576911926,0.4866666793823242,0.00809373240917921,159.74667358398438,477.3066711425781,0.0
20260716,detection_only,94,0.0,0.592662638908195,0.02676396630704403,0.14004959166049957,0.4933333396911621,0.00874093733727932,160.1199951171875,477.9599914550781,0.0
20260716,detection_only,95,0.0,0.5849621139756629,0.027846775949001312,0.14527514576911926,0.4866666793823242,0.008082984946668148,159.74667358398438,477.3066711425781,0.0
20260716,detection_only,96,0.0,0.5773616427336179,0.027846775949001312,0.14527514576911926,0.4866666793823242,0.00809492077678442,159.74667358398438,477.3066711425781,0.0
20260716,detection_only,97,0.0,0.5698599251744542,0.027846775949001312,0.14527514576911926,0.4866666793823242,0.008790058083832264,159.74667358398438,477.3066711425781,0.0
20260716,detection_only,98,0.0,0.562455678181695,0.027846775949001312,0.14527514576911926,0.4866666793823242,0.008780091069638729,159.74667358398438,477.3066711425781,0.0
20260716,detection_only,99,0.0,0.555147635310524,0.027846775949001312,0.14527514576911926,0.4866666793823242,0.008786159567534924,159.74667358398438,477.3066711425781,0.0
20260716,detection_only,100,0.0,0.5479345465711694,0.027846775949001312,0.14527514576911926,0.4866666793823242,0.008080300875008106,159.74667358398438,477.3066711425781,0.0
20260716,detection_only,101,0.0,0.5408151782151011,0.027846775949001312,0.14527514576911926,0.4866666793823242,0.008074617013335228,159.74667358398438,477.3066711425781,0.0
20260716,detection_only,102,0.0,0.5337883125240072,0.027835289016366005,0.14527514576911926,0.4866666793823242,0.009589623659849167,159.74667358398438,477.3066711425781,0.0
20260716,detection_only,103,0.0,0.5268527476015116,0.027835289016366005,0.14527514576911926,0.4866666793823242,0.009586036205291748,159.74667358398438,477.3066711425781,0.0
20260716,detection_only,104,0.0,0.520007297167598,0.027835289016366005,0.14527514576911926,0.4866666793823242,0.009593550115823746,159.74667358398438,477.3066711425781,0.0
20260716,detection_only,105,0.0,0.513250790355705,0.027835289016366005,0.14527514576911926,0.4866666793823242,0.009599349461495876,159.74667358398438,477.3066711425781,0.0
20260716,detection_only,106,0.0,0.5065820715124574,0.027846775949001312,0.14527514576911926,0.4866666793823242,0.008766272105276585,159.74667358398438,477.3066711425781,0.0
20260716,detection_only,107,0.0,0.5,0.027846775949001312,0.14527514576911926,0.4866666793823242,0.008066216483712196,159.74667358398438,477.3066711425781,0.0
20260716,detection_only,108,0.0,0.49350345000089935,0.027846775949001312,0.14527514576911926,0.4866666793823242,0.0080752894282341,159.74667358398438,477.3066711425781,0.0
20260716,detection_only,109,0.0,0.4870913103255803,0.027846775949001312,0.14527514576911926,0.4866666793823242,0.008764592930674553,159.74667358398438,477.3066711425781,0.0
20260716,detection_only,110,0.0,0.4807624842222651,0.027835289016366005,0.14527514576911926,0.4866666793823242,0.010397576726973057,159.74667358398438,477.3066711425781,0.0
20260716,detection_only,111,0.0,0.47451588918938153,0.027846775949001312,0.14527514576911926,0.4866666793823242,0.008767968975007534,159.74667358398438,477.3066711425781,0.0
20260716,detection_only,112,0.0,0.46835045679040843,0.027846775949001312,0.14527514576911926,0.4866666793823242,0.00805690512061119,159.74667358398438,477.3066711425781,0.0
20260716,detection_only,113,0.0,0.4622651324711274,0.027846775949001312,0.14527514576911926,0.4866666793823242,0.008074347861111164,159.74667358398438,477.3066711425781,0.0
20260716,detection_only,114,0.0,0.4562588753792482,0.027846775949001312,0.14527514576911926,0.4866666793823242,0.008067246526479721,159.74667358398438,477.3066711425781,0.0
20260716,detection_only,115,0.0,0.45033065818637874,0.027846775949001312,0.14527514576911926,0.4866666793823242,0.008072338066995144,159.74667358398438,477.3066711425781,0.0
20260716,detection_only,116,0.0,0.4444794669123073,0.027806352823972702,0.14527514576911926,0.4866666793823242,0.011200775392353535,159.74667358398438,477.3066711425781,0.0
20260716,detection_only,117,0.0,0.43870430075156847,0.027835289016366005,0.14527514576911926,0.4866666793823242,0.010387321002781391,159.74667358398438,477.3066711425781,0.0
20260716,detection_only,118,0.0,0.4330041719022623,0.027835289016366005,0.14527514576911926,0.4866666793823242,0.010387028567492962,159.74667358398438,477.3066711425781,0.0
20260716,detection_only,119,0.0,0.42737810539709786,0.027846775949001312,0.14527514576911926,0.4866666793823242,0.008069772273302078,159.74667358398438,477.3066711425781,0.0
20260716,detection_only,120,0.0,0.42182513893663154,0.027806352823972702,0.14527514576911926,0.4866666793823242,0.009698771871626377,159.74667358398438,477.3066711425781,0.0
20260716,detection_only,121,0.0,0.4163443227246726,0.027835289016366005,0.14527514576911926,0.4866666793823242,0.008882427588105202,159.74667358398438,477.3066711425781,0.0
20260716,detection_only,122,0.0,0.4109347193058275,0.027806352823972702,0.14527514576911926,0.4866666793823242,0.011184890754520893,159.74667358398438,477.3066711425781,0.0
20260716,detection_only,123,0.0,0.40559540340515404,0.027846775949001312,0.14527514576911926,0.4866666793823242,0.009550204500555992,159.74667358398438,477.3066711425781,0.0
20260716,detection_only,124,0.0,0.4003254617699001,0.027846775949001312,0.14527514576911926,0.4866666793823242,0.008053496479988098,159.74667358398438,477.3066711425781,0.0
20260716,detection_only,125,0.0,0.39512399301329765,0.027835289016366005,0.14527514576911926,0.4866666793823242,0.010370256379246712,159.74667358398438,477.3066711425781,0.0
20260716,detection_only,126,0.0,0.38999010746038726,0.027835289016366005,0.14527514576911926,0.4866666793823242,0.010370983742177486,159.74667358398438,477.3066711425781,0.0
20260716,detection_only,127,0.0,0.3849229269958451,0.027806352823972702,0.14527514576911926,0.4866666793823242,0.011187784373760223,159.74667358398438,477.3066711425781,0.0
20260716,detection_only,128,0.0,0.37992158491378775,0.027806352823972702,0.14527514576911926,0.4866666793823242,0.009691892191767693,159.74667358398438,477.3066711425781,0.0
20260716,detection_only,129,0.0,0.37498522576952775,0.027806352823972702,0.14527514576911926,0.4866666793823242,0.010492579080164433,159.74667358398438,477.3066711425781,0.0
20260716,detection_only,130,0.0,0.3701130052332562,0.027846775949001312,0.14527514576911926,0.4866666793823242,0.008856606669723988,159.74667358398438,477.3066711425781,0.0
20260716,detection_only,131,0.0,0.36530408994562563,0.027835289016366005,0.14527514576911926,0.4866666793823242,0.010373606346547604,159.74667358398438,477.3066711425781,0.0
20260716,detection_only,132,0.0,0.36055765737521017,0.027846775949001312,0.14527514576911926,0.4866666793823242,0.009551286697387695,159.74667358398438,477.3066711425781,0.0
20260716,detection_only,133,0.0,0.3558728956778169,0.027806352823972702,0.14527514576911926,0.4866666793823242,0.011183496564626694,159.74667358398438,477.3066711425781,0.0
20260716,detection_only,134,0.0,0.3512490035576255,0.027835289016366005,0.14527514576911926,0.4866666793823242,0.009571082890033722,159.74667358398438,477.3066711425781,0.0
20260716,detection_only,135,0.0,0.34668519013013266,0.027806352823972702,0.14527514576911926,0.4866666793823242,0.011186196468770504,159.74667358398438,477.3066711425781,0.0
20260716,detection_only,136,0.0,0.3421806747868764,0.027806352823972702,0.14527514576911926,0.4866666793823242,0.010486830025911331,159.74667358398438,477.3066711425781,0.0
20260716,detection_only,137,0.0,0.3377346870619185,0.027835289016366005,0.14527514576911926,0.4866666793823242,0.00967000238597393,159.74667358398438,477.3066711425781,0.0
20260716,detection_only,138,0.0,0.3333464665000618,0.027846775949001312,0.14527514576911926,0.4866666793823242,0.008837606757879257,159.74667358398438,477.3066711425781,0.0
20260716,detection_only,139,0.0,0.3290152625267794,0.027835289016366005,0.14527514576911926,0.4866666793823242,0.010353878140449524,159.74667358398438,477.3066711425781,0.0
20260716,detection_only,140,0.0,0.32474033431983446,0.027835289016366005,0.14527514576911926,0.4866666793823242,0.009664030745625496,159.74667358398438,477.3066711425781,0.0
20260716,detection_only,141,0.0,0.32052095068256753,0.02790105529129505,0.14527514576911926,0.4866666793823242,0.01120244525372982,159.74667358398438,477.3066711425781,0.0
20260716,detection_only,142,0.0,0.31635638991883036,0.027846775949001312,0.14527514576911926,0.4866666793823242,0.009541916660964489,159.74667358398438,477.3066711425781,0.0
20260716,detection_only,143,0.0,0.312245939709545,0.027846775949001312,0.14527514576911926,0.4866666793823242,0.009547188878059387,159.74667358398438,477.3066711425781,0.0
20260716,detection_only,144,0.0,0.30818889699086655,0.027806352823972702,0.14527514576911926,0.4866666793823242,0.011172940023243427,159.74667358398438,477.3066711425781,0.0
20260716,detection_only,145,0.0,0.30418456783392883,0.027835289016366005,0.14527514576911926,0.4866666793823242,0.010364304296672344,159.74667358398438,477.3066711425781,0.0
20260716,detection_only,146,0.0,0.30023226732615294,0.027835289016366005,0.14527514576911926,0.4866666793823242,0.009564733132719994,159.74667358398438,477.3066711425781,0.0
20260716,detection_only,147,0.0,0.29633131945409746,0.027835289016366005,0.14527514576911926,0.4866666793823242,0.010362713597714901,159.74667358398438,477.3066711425781,0.0
20260716,detection_only,148,0.0,0.29248105698783144,0.027835289016366005,0.14527514576911926,0.4866666793823242,0.010365956462919712,159.74667358398438,477.3066711425781,0.0
20260716,detection_only,149,0.0,0.2886808213668089,0.027835289016366005,0.14527514576911926,0.4866666793823242,0.009674062952399254,159.74667358398438,477.3066711425781,0.0
20260716,detection_only,150,0.0,0.2849299625872271,0.027835289016366005,0.14527514576911926,0.4866666793823242,0.010369689203798771,159.74667358398438,477.3066711425781,0.0
20260716,detection_only,151,0.0,0.2812278390908475,0.027835289016366005,0.14527514576911926,0.4866666793823242,0.009675292298197746,159.74667358398438,477.3066711425781,0.0
20260716,detection_only,152,0.0,0.277573817655262,0.027806352823972702,0.14527514576911926,0.4866666793823242,0.010486979968845844,159.74667358398438,477.3066711425781,0.0
20260716,detection_only,153,0.0,0.2739672732855847,0.027806352823972702,0.14527514576911926,0.4866666793823242,0.010484546422958374,159.74667358398438,477.3066711425781,0.0
20260716,detection_only,154,0.0,0.2704075891075505,0.027835289016366005,0.14527514576911926,0.4866666793823242,0.009666535072028637,159.74667358398438,477.3066711425781,0.0
20260716,detection_only,155,0.0,0.2668941562620035,0.027835289016366005,0.14527514576911926,0.4866666793823242,0.010358626022934914,159.74667358398438,477.3066711425781,0.0
20260716,detection_only,156,0.0,0.26342637380075573,0.027835289016366005,0.14527514576911926,0.4866666793823242,0.009662228636443615,159.74667358398438,477.3066711425781,0.0
20260716,detection_only,157,0.0,0.260003648583799,0.027806352823972702,0.14527514576911926,0.4866666793823242,0.012009724043309689,159.74667358398438,477.3066711425781,0.0
20260716,detection_only,158,0.0,0.25662539517785243,0.027835289016366005,0.14527514576911926,0.4866666793823242,0.009662138298153877,159.74667358398438,477.3066711425781,0.0
20260716,detection_only,159,0.0,0.2532910357562287,0.027835289016366005,0.14527514576911926,0.4866666793823242,0.009656980633735657,159.74667358398438,477.3066711425781,0.0
20260716,detection_only,160,0.0,0.25,0.027846775949001312,0.14527514576911926,0.4866666793823242,0.008827543817460537,159.74667358398438,477.3066711425781,0.0
20260716,detection_plus_rate,1,0.001070833206176758,2.0,0.023846177384257317,0.11661507189273834,0.4933333396911621,0.007761852815747261,215.0,574.0,0.12109375
20260716,detection_plus_rate,2,0.0025099420547485263,1.9740138000035972,0.023744873702526093,0.11661507189273834,0.4933333396911621,0.008050348609685898,215.0,574.0,0.12109375
20260716,detection_plus_rate,3,0.004624366760253906,1.9483652413023211,0.02292834036052227,0.11721716076135635,0.5133333206176758,0.008593302220106125,215.0,574.0,0.12109375
20260716,detection_plus_rate,4,0.007860360145568856,1.9230499368890603,0.020967574790120125,0.10942045599222183,0.5133333206176758,0.009620605036616325,215.0,574.0,0.12109375
20260716,detection_plus_rate,5,0.012527427673339853,1.898063556757526,0.021090218797326088,0.11334416270256042,0.5199999809265137,0.010975119657814503,215.0,574.0,0.12109375
20260716,detection_plus_rate,6,0.018565340042114277,1.8734018271616335,0.021068038418889046,0.11334416270256042,0.5400000214576721,0.011907285079360008,215.0,574.0,0.12109375
20260716,detection_plus_rate,7,0.02541496753692627,1.8490605298845093,0.021886790171265602,0.11601025611162186,0.5266666412353516,0.011510612443089485,215.0,574.0,0.12109375
20260716,detection_plus_rate,8,0.03221343517303468,1.8250355015169928,0.020998407155275345,0.11334416270256042,0.5400000214576721,0.010647834278643131,215.0,574.0,0.12109375
20260716,detection_plus_rate,9,0.03867669582366946,1.8013226327455147,0.021220099180936813,0.11334416270256042,0.5333333611488342,0.010082505643367767,215.0,574.0,0.12109375
20260716,detection_plus_rate,10,0.04496422767639161,1.777917867649229,0.021168703213334084,0.11334416270256042,0.5333333611488342,0.010048718191683292,215.0,574.0,0.12109375
20260716,detection_plus_rate,11,0.05134809970855714,1.7548172030062736,0.021214652806520462,0.11334416270256042,0.5333333611488342,0.01021005492657423,215.0,574.0,0.12109375
20260716,detection_plus_rate,12,0.05775979518890382,1.732016687609049,0.021831128746271133,0.11334416270256042,0.5199999809265137,0.01049391832202673,215.0,574.0,0.12109375
20260716,detection_plus_rate,13,0.06361858367919923,1.7095124215883912,0.021382303908467293,0.11334416270256042,0.5266666412353516,0.01028937567025423,213.13333129882812,570.7333374023438,0.11471354961395264
20260716,detection_plus_rate,14,0.06864843368530273,1.687300555746526,0.02619677595794201,0.1339126080274582,0.5266666412353516,0.00845276191830635,191.10667419433594,532.1866455078125,0.03942704200744629
20260716,detection_plus_rate,15,0.0725399112701416,1.6653772908986906,0.02789219841361046,0.14527514576911926,0.47999998927116394,0.009102817624807358,159.0,476.0,0.0
20260716,detection_plus_rate,16,0.07539727210998536,1.6437388772233101,0.02789219841361046,0.14527514576911926,0.47999998927116394,0.009102817624807358,159.0,476.0,0.0
20260716,detection_plus_rate,17,0.07709880828857421,1.6223816136206164,0.02789219841361046,0.14527514576911926,0.47999998927116394,0.009102817624807358,159.0,476.0,0.0
20260716,detection_plus_rate,18,0.07760726928710937,1.6013018470796005,0.027748756110668182,0.14527514576911926,0.4866666793823242,0.00977267138659954,159.0,476.0,0.0
20260716,detection_plus_rate,19,0.07682164907455444,1.5804959720531906,0.027748756110668182,0.14527514576911926,0.4866666793823242,0.00977267138659954,159.0,476.0,0.0
20260716,detection_plus_rate,20,0.07560878992080688,1.559960429841549,0.027748756110668182,0.14527514576911926,0.4866666793823242,0.01046468410640955,159.0,476.0,0.0
20260716,detection_plus_rate,21,0.07464014768600465,1.5396917079833807,0.027748756110668182,0.14527514576911926,0.4866666793823242,0.00977267138659954,159.0,476.0,0.0
20260716,detection_plus_rate,22,0.07340124845504761,1.5196863396551512,0.027748756110668182,0.14527514576911926,0.4866666793823242,0.01046468410640955,159.0,476.0,0.0
20260716,detection_plus_rate,23,0.07209696531295778,1.4999409030781112,0.027748756110668182,0.14527514576911926,0.4866666793823242,0.01046468410640955,159.0,476.0,0.0
20260716,detection_plus_rate,24,0.07070457458496096,1.4804520209330247,0.027748756110668182,0.14527514576911926,0.4866666793823242,0.01046468410640955,159.0,476.0,0.0
20260716,detection_plus_rate,25,0.06958321094512941,1.4612163597825027,0.027748756110668182,0.14527514576911926,0.4866666793823242,0.01046468410640955,159.0,476.0,0.0
20260716,detection_plus_rate,26,0.06827641725540162,1.442230629500841,0.027748756110668182,0.14527514576911926,0.4866666793823242,0.01046468410640955,159.0,476.0,0.0
20260716,detection_plus_rate,27,0.06727881431579591,1.4234915827112675,0.027503468096256256,0.14527514576911926,0.4866666793823242,0.011693009175360203,159.0,476.0,0.0
20260716,detection_plus_rate,28,0.06605304241180422,1.404996014230502,0.027748756110668182,0.14527514576911926,0.4866666793823242,0.00977267138659954,159.0,476.0,0.0
20260716,detection_plus_rate,29,0.06416096448898317,1.3867407605205309,0.027748756110668182,0.14527514576911926,0.4866666793823242,0.01046468410640955,159.0,476.0,0.0
20260716,detection_plus_rate,30,0.062272841930389435,1.3687226991475059,0.0272305179387331,0.14527514576911926,0.4933333396911621,0.011767279356718063,159.0,476.0,0.0
20260716,detection_plus_rate,31,0.06123571634292605,1.350938748247674,0.027503468096256256,0.14527514576911926,0.4866666793823242,0.011052730493247509,159.0,476.0,0.0
20260716,detection_plus_rate,32,0.060630545616149924,1.333385866000247,0.027748756110668182,0.14527514576911926,0.4866666793823242,0.00977267138659954,159.0,476.0,0.0
20260716,detection_plus_rate,33,0.059445395469665555,1.3160610501071175,0.027748756110668182,0.14527514576911926,0.4866666793823242,0.01046468410640955,159.0,476.0,0.0
20260716,detection_plus_rate,34,0.05773116588592532,1.2989613372793378,0.0272305179387331,0.14527514576911926,0.4933333396911621,0.011767279356718063,159.0,476.0,0.0
20260716,detection_plus_rate,35,0.05670494318008425,1.2820838027302701,0.027503468096256256,0.14527514576911926,0.4866666793823242,0.011052730493247509,159.0,476.0,0.0
20260716,detection_plus_rate,36,0.055582582950592055,1.2654255596753214,0.027748756110668182,0.14527514576911926,0.4866666793823242,0.00977267138659954,159.0,476.0,0.0
20260716,detection_plus_rate,37,0.05411305665969849,1.24898375883818,0.027503468096256256,0.14527514576911926,0.4866666793823242,0.011693009175360203,159.0,476.0,0.0
20260716,detection_plus_rate,38,0.05238082647323609,1.2327555879634662,0.027503468096256256,0.14527514576911926,0.4866666793823242,0.011693009175360203,159.0,476.0,0.0
20260716,detection_plus_rate,39,0.05076573610305787,1.2167382713357153,0.027503468096256256,0.14527514576911926,0.4866666793823242,0.011052730493247509,159.0,476.0,0.0
20260716,detection_plus_rate,40,0.05010583877563478,1.2009290693046117,0.027748756110668182,0.14527514576911926,0.4866666793823242,0.01046468410640955,159.0,476.0,0.0
20260716,detection_plus_rate,41,0.04897940158843995,1.18532527781639,0.027748756110668182,0.14527514576911926,0.4866666793823242,0.01046468410640955,159.0,476.0,0.0
20260716,detection_plus_rate,42,0.046790800094604505,1.1699242279513258,0.027503468096256256,0.14527514576911926,0.4866666793823242,0.011052730493247509,159.0,476.0,0.0
20260716,detection_plus_rate,43,0.04509468078613282,1.1547232854672358,0.0272305179387331,0.14527514576911926,0.4933333396911621,0.011767279356718063,159.0,476.0,0.0
20260716,detection_plus_rate,44,0.04458088874816895,1.1397198503489083,0.027503468096256256,0.14527514576911926,0.4866666793823242,0.011052730493247509,159.0,476.0,0.0
20260716,detection_plus_rate,45,0.04419187784194947,1.12491135636339,0.027748756110668182,0.14527514576911926,0.4866666793823242,0.00977267138659954,159.0,476.0,0.0
20260716,detection_plus_rate,46,0.042969205379486106,1.110295270621048,0.027748756110668182,0.14527514576911926,0.4866666793823242,0.00977267138659954,159.0,476.0,0.0
20260716,detection_plus_rate,47,0.04183914899826052,1.0958690931423387,0.0272305179387331,0.14527514576911926,0.4933333396911621,0.011767279356718063,159.0,476.0,0.0
20260716,detection_plus_rate,48,0.04029608726501467,1.0816303564302021,0.027503468096256256,0.14527514576911926,0.4866666793823242,0.0103607177734375,159.0,476.0,0.0
20260716,detection_plus_rate,49,0.038416910171508806,1.0675766250480143,0.027503468096256256,0.14527514576911926,0.4866666793823242,0.011052730493247509,159.0,476.0,0.0
20260716,detection_plus_rate,50,0.03738947153091431,1.0537054952030231,0.027503468096256256,0.14527514576911926,0.4866666793823242,0.011052730493247509,159.0,476.0,0.0
20260716,detection_plus_rate,51,0.03733050823211671,1.040014594335196,0.027748756110668182,0.14527514576911926,0.4866666793823242,0.00977267138659954,159.0,476.0,0.0
20260716,detection_plus_rate,52,0.03629423618316651,1.02650158071141,0.027748756110668182,0.14527514576911926,0.4866666793823242,0.00977267138659954,159.0,476.0,0.0
20260716,detection_plus_rate,53,0.03449268579483033,1.0131641430249148,0.0272305179387331,0.14527514576911926,0.4933333396911621,0.011767279356718063,159.0,476.0,0.0
20260716,detection_plus_rate,54,0.0331614637374878,1.0,0.027185093611478806,0.14527514576911926,0.5,0.011011905036866665,159.74667358398438,477.3066711425781,0.0
20260716,detection_plus_rate,55,0.032227225303649916,0.9870069000017987,0.027703333646059036,0.14527514576911926,0.4933333396911621,0.008953798562288284,159.74667358398438,477.3066711425781,0.0
20260716,detection_plus_rate,56,0.03075466871261598,0.9741826206511606,0.027703333646059036,0.14527514576911926,0.4933333396911621,0.008941130712628365,159.74667358398438,477.3066711425781,0.0
20260716,detection_plus_rate,57,0.029627065658569356,0.9615249684445302,0.02745804376900196,0.14527514576911926,0.4933333396911621,0.010265376418828964,159.74667358398438,477.3066711425781,0.0
20260716,detection_plus_rate,58,0.0284259867668152,0.949031778378763,0.02745804376900196,0.14527514576911926,0.4933333396911621,0.009540488012135029,159.74667358398438,477.3066711425781,0.0
20260716,detection_plus_rate,59,0.026932992935180672,0.9367009135808169,0.02745804376900196,0.14527514576911926,0.4933333396911621,0.009523887187242508,159.74667358398438,477.3066711425781,0.0
20260716,detection_plus_rate,60,0.025775249004364027,0.9245302649422548,0.02745804376900196,0.14527514576911926,0.4933333396911621,0.009514455683529377,159.74667358398438,477.3066711425781,0.0
20260716,detection_plus_rate,61,0.02482958793640137,0.9125177507584963,0.026620524004101753,0.14004959166049957,0.5,0.008818191476166248,160.1199951171875,477.9599914550781,0.0
20260716,detection_plus_rate,62,0.02378852844238281,0.9006613163727574,0.026620524004101753,0.14004959166049957,0.5,0.009538398124277592,160.1199951171875,477.9599914550781,0.0
20260716,detection_plus_rate,63,0.022279469966888427,0.8889589338246144,0.026620524004101753,0.14004959166049957,0.5,0.008832265622913837,160.1199951171875,477.9599914550781,0.0
20260716,detection_plus_rate,64,0.020564675331115716,0.8774086015031368,0.026375235989689827,0.14004959166049957,0.5,0.010124693624675274,160.1199951171875,477.9599914550781,0.0
20260716,detection_plus_rate,65,0.019204130172729476,0.8660083438045245,0.026620524004101753,0.14004959166049957,0.5,0.008806683123111725,160.1199951171875,477.9599914550781,0.0
20260716,detection_plus_rate,66,0.018218681812286357,0.8547562107941956,0.026414884254336357,0.14004959166049957,0.4933333396911621,0.008777330629527569,160.4933319091797,478.61334228515625,0.0
20260716,detection_plus_rate,67,0.01714722394943235,0.8436502778732629,0.026660168543457985,0.14004959166049957,0.4933333396911621,0.008154407143592834,160.4933319091797,478.61334228515625,0.0
20260716,detection_plus_rate,68,0.01567646980285641,0.8326886454493452,0.025486735627055168,0.13624855875968933,0.4933333396911621,0.008703120052814484,160.86666870117188,479.26666259765625,0.0
20260716,detection_plus_rate,69,0.01422572851181027,0.8218694386116551,0.025343293324112892,0.13624855875968933,0.5,0.010076029226183891,160.86666870117188,479.26666259765625,0.0
20260716,detection_plus_rate,70,0.013042519092559771,0.8111908068103082,0.025486735627055168,0.13624855875968933,0.4933333396911621,0.00867534801363945,160.86666870117188,479.26666259765625,0.0
20260716,detection_plus_rate,71,0.011413714885711627,0.8006509235398003,0.025732023641467094,0.13624855875968933,0.4933333396911621,0.008062995970249176,160.86666870117188,479.26666259765625,0.0
20260716,detection_plus_rate,72,0.009626994132995562,0.7902479860265953,0.02547525055706501,0.13624855875968933,0.4933333396911621,0.01019097026437521,160.86666870117188,479.26666259765625,0.0
20260716,detection_plus_rate,73,0.008824098110198922,0.7799802149207745,0.025486735627055168,0.13624855875968933,0.4933333396911621,0.008637002669274807,160.86666870117188,479.26666259765625,0.0
20260716,detection_plus_rate,74,0.007502067089080758,0.7698458539916904,0.025732023641467094,0.13624855875968933,0.4933333396911621,0.008008903823792934,160.86666870117188,479.26666259765625,0.0
20260716,detection_plus_rate,75,0.0056844449043273486,0.7598431698275756,0.025720536708831787,0.13624855875968933,0.4933333396911621,0.009565304033458233,160.86666870117188,479.26666259765625,0.0
20260716,detection_plus_rate,76,0.004159705638885449,0.7499704515390556,0.025486735627055168,0.13624855875968933,0.4933333396911621,0.009306678548455238,160.86666870117188,479.26666259765625,0.0
20260716,detection_plus_rate,77,0.0034334993362426314,0.7402260104665124,0.025486735627055168,0.13624855875968933,0.4933333396911621,0.008583161048591137,160.86666870117188,479.26666259765625,0.0
20260716,detection_plus_rate,78,0.0021487426757812143,0.7306081798912514,0.025732023641467094,0.13624855875968933,0.4933333396911621,0.007977515459060669,160.86666870117188,479.26666259765625,0.0
20260716,detection_plus_rate,79,0.0007020425796508431,0.7211153147504205,0.025486735627055168,0.13624855875968933,0.4933333396911621,0.008583511225879192,160.86666870117188,479.26666259765625,0.0
20260716,detection_plus_rate,80,0.0,0.7117457913556338,0.025486735627055168,0.13624855875968933,0.4933333396911621,0.008602659218013287,160.86666870117188,479.26666259765625,0.0
20260716,detection_plus_rate,81,0.0,0.702498007115251,0.02547525055706501,0.13624855875968933,0.4933333396911621,0.010117274709045887,160.86666870117188,479.26666259765625,0.0
20260716,detection_plus_rate,82,0.0,0.6933703802602654,0.025732023641467094,0.13624855875968933,0.4933333396911621,0.007989523932337761,160.86666870117188,479.26666259765625,0.0
20260716,detection_plus_rate,83,0.0,0.6843613495737529,0.025732023641467094,0.13624855875968933,0.4933333396911621,0.00796497892588377,160.86666870117188,479.26666259765625,0.0
20260716,detection_plus_rate,84,0.0,0.6754693741238371,0.026660168543457985,0.14004959166049957,0.4933333396911621,0.007970722392201424,160.86666870117188,479.26666259765625,0.0
20260716,detection_plus_rate,85,0.0,0.6666929330001236,0.026660168543457985,0.14004959166049957,0.4933333396911621,0.00797271728515625,160.86666870117188,479.26666259765625,0.0
20260716,detection_plus_rate,86,0.0,0.6580305250535589,0.0264033991843462,0.14004959166049957,0.4933333396911621,0.010092005133628845,160.86666870117188,479.26666259765625,0.0
20260716,detection_plus_rate,87,0.0,0.649480668639669,0.0264033991843462,0.14004959166049957,0.4933333396911621,0.009401037357747555,160.86666870117188,479.26666259765625,0.0
20260716,detection_plus_rate,88,0.0,0.6410419013651351,0.02637445740401745,0.14004959166049957,0.4933333396911621,0.01171488780528307,160.86666870117188,479.26666259765625,0.0
20260716,detection_plus_rate,89,0.0,0.6327127798376607,0.026660168543457985,0.14004959166049957,0.4933333396911621,0.007962127216160297,160.86666870117188,479.26666259765625,0.0
20260716,detection_plus_rate,90,0.0,0.62449187941909,0.026660168543457985,0.14004959166049957,0.4933333396911621,0.007953429594635963,160.86666870117188,479.26666259765625,0.0
20260716,detection_plus_rate,91,0.0,0.6163777939817331,0.02626654878258705,0.14004959166049957,0.5,0.00799203384667635,161.24000549316406,479.9200134277344,0.0
20260716,detection_plus_rate,92,0.0,0.6083691356678577,0.026660168543457985,0.14004959166049957,0.4933333396911621,0.007976670749485493,160.86666870117188,479.26666259765625,0.0
20260716,detection_plus_rate,93,0.0,0.6004645346523059,0.026660168543457985,0.14004959166049957,0.4933333396911621,0.007992380298674107,160.86666870117188,479.26666259765625,0.0
20260716,detection_plus_rate,94,0.0,0.592662638908195,0.026414884254336357,0.14004959166049957,0.4933333396911621,0.01012720912694931,161.24000549316406,479.9200134277344,0.0
20260716,detection_plus_rate,95,0.0,0.5849621139756629,0.026660168543457985,0.14004959166049957,0.4933333396911621,0.007966886274516582,160.86666870117188,479.26666259765625,0.0
20260716,detection_plus_rate,96,0.0,0.5773616427336179,0.026660168543457985,0.14004959166049957,0.4933333396911621,0.007970243692398071,160.86666870117188,479.26666259765625,0.0
20260716,detection_plus_rate,97,0.0,0.5698599251744542,0.026660168543457985,0.14004959166049957,0.4933333396911621,0.007982478477060795,160.86666870117188,479.26666259765625,0.0
20260716,detection_plus_rate,98,0.0,0.562455678181695,0.026660168543457985,0.14004959166049957,0.4933333396911621,0.007997649721801281,160.86666870117188,479.26666259765625,0.0
20260716,detection_plus_rate,99,0.0,0.555147635310524,0.02637445740401745,0.14004959166049957,0.4933333396911621,0.011727935634553432,160.86666870117188,479.26666259765625,0.0
20260716,detection_plus_rate,100,0.0,0.5479345465711694,0.026660168543457985,0.14004959166049957,0.4933333396911621,0.007998237386345863,160.86666870117188,479.26666259765625,0.0
20260716,detection_plus_rate,101,0.0,0.5408151782151011,0.026660168543457985,0.14004959166049957,0.4933333396911621,0.007972178049385548,160.86666870117188,479.26666259765625,0.0
20260716,detection_plus_rate,102,0.0,0.5337883125240072,0.026660168543457985,0.14004959166049957,0.4933333396911621,0.007995500229299068,160.86666870117188,479.26666259765625,0.0
20260716,detection_plus_rate,103,0.0,0.5268527476015116,0.026648683473467827,0.14004959166049957,0.4933333396911621,0.008833687752485275,160.86666870117188,479.26666259765625,0.0
20260716,detection_plus_rate,104,0.0,0.520007297167598,0.026648683473467827,0.14004959166049957,0.4933333396911621,0.009645459242165089,160.86666870117188,479.26666259765625,0.0
20260716,detection_plus_rate,105,0.0,0.513250790355705,0.026619745418429375,0.14004959166049957,0.4933333396911621,0.00964820571243763,160.86666870117188,479.26666259765625,0.0
20260716,detection_plus_rate,106,0.0,0.5065820715124574,0.02637445740401745,0.14004959166049957,0.4933333396911621,0.010246362537145615,160.86666870117188,479.26666259765625,0.0
20260716,detection_plus_rate,107,0.0,0.5,0.026619745418429375,0.14004959166049957,0.4933333396911621,0.009665196761488914,160.86666870117188,479.26666259765625,0.0
20260716,detection_plus_rate,108,0.0,0.49350345000089935,0.026660168543457985,0.14004959166049957,0.4933333396911621,0.00803637970238924,160.86666870117188,479.26666259765625,0.0
20260716,detection_plus_rate,109,0.0,0.4870913103255803,0.026660168543457985,0.14004959166049957,0.4933333396911621,0.008008183911442757,160.86666870117188,479.26666259765625,0.0
20260716,detection_plus_rate,110,0.0,0.4807624842222651,0.026619745418429375,0.14004959166049957,0.4933333396911621,0.00966312363743782,160.86666870117188,479.26666259765625,0.0
20260716,detection_plus_rate,111,0.0,0.47451588918938153,0.026619745418429375,0.14004959166049957,0.4933333396911621,0.009674381464719772,160.86666870117188,479.26666259765625,0.0
20260716,detection_plus_rate,112,0.0,0.46835045679040843,0.026773227378726006,0.14004959166049957,0.4933333396911621,0.008042419329285622,160.86666870117188,479.26666259765625,0.0
20260716,detection_plus_rate,113,0.0,0.4622651324711274,0.026773227378726006,0.14004959166049957,0.4933333396911621,0.008026001043617725,160.86666870117188,479.26666259765625,0.0
20260716,detection_plus_rate,114,0.0,0.4562588753792482,0.026773227378726006,0.14004959166049957,0.4933333396911621,0.008034664206206799,160.86666870117188,479.26666259765625,0.0
20260716,detection_plus_rate,115,0.0,0.45033065818637874,0.026732800528407097,0.14004959166049957,0.4933333396911621,0.0104878144338727,160.86666870117188,479.26666259765625,0.0
20260716,detection_plus_rate,116,0.0,0.4444794669123073,0.026773227378726006,0.14004959166049957,0.4933333396911621,0.008042262867093086,160.86666870117188,479.26666259765625,0.0
20260716,detection_plus_rate,117,0.0,0.43870430075156847,0.026761742308735847,0.14004959166049957,0.4933333396911621,0.008879207074642181,160.86666870117188,479.26666259765625,0.0
20260716,detection_plus_rate,118,0.0,0.4330041719022623,0.026744285598397255,0.14004959166049957,0.4933333396911621,0.009676802903413773,160.86666870117188,479.26666259765625,0.0
20260716,detection_plus_rate,119,0.0,0.42737810539709786,0.026732800528407097,0.14004959166049957,0.4933333396911621,0.010501980781555176,160.86666870117188,479.26666259765625,0.0
20260716,detection_plus_rate,120,0.0,0.42182513893663154,0.026761742308735847,0.14004959166049957,0.4933333396911621,0.008872834965586662,160.86666870117188,479.26666259765625,0.0
20260716,detection_plus_rate,121,0.0,0.4163443227246726,0.026761742308735847,0.14004959166049957,0.4933333396911621,0.008879691362380981,160.86666870117188,479.26666259765625,0.0
20260716,detection_plus_rate,122,0.0,0.4109347193058275,0.026693684980273247,0.14004959166049957,0.4933333396911621,0.010359453037381172,161.24000549316406,479.9200134277344,0.0
20260716,detection_plus_rate,123,0.0,0.40559540340515404,0.026773227378726006,0.14004959166049957,0.4933333396911621,0.00804729014635086,160.86666870117188,479.26666259765625,0.0
20260716,detection_plus_rate,124,0.0,0.4003254617699001,0.026705170050263405,0.14004959166049957,0.4933333396911621,0.00872099306434393,161.24000549316406,479.9200134277344,0.0
20260716,detection_plus_rate,125,0.0,0.39512399301329765,0.026693684980273247,0.14004959166049957,0.4933333396911621,0.010355720296502113,161.24000549316406,479.9200134277344,0.0
20260716,detection_plus_rate,126,0.0,0.38999010746038726,0.026693684980273247,0.14004959166049957,0.4933333396911621,0.010383713990449905,161.24000549316406,479.9200134277344,0.0
20260716,detection_plus_rate,127,0.0,0.3849229269958451,0.02742675505578518,0.14290834963321686,0.4866666793823242,0.010406188666820526,161.24000549316406,479.9200134277344,0.0
20260716,detection_plus_rate,128,0.0,0.37992158491378775,0.026734108105301857,0.14004959166049957,0.4933333396911621,0.007903636433184147,161.24000549316406,479.9200134277344,0.0
20260716,detection_plus_rate,129,0.0,0.37498522576952775,0.02672262117266655,0.14004959166049957,0.4933333396911621,0.009565277956426144,161.24000549316406,479.9200134277344,0.0
20260716,detection_plus_rate,130,0.0,0.3701130052332562,0.02672262117266655,0.14004959166049957,0.4933333396911621,0.00957214180380106,161.24000549316406,479.9200134277344,0.0
20260716,detection_plus_rate,131,0.0,0.36530408994562563,0.026693684980273247,0.14004959166049957,0.4933333396911621,0.010383695363998413,161.24000549316406,479.9200134277344,0.0
20260716,detection_plus_rate,132,0.0,0.36055765737521017,0.026734108105301857,0.14004959166049957,0.4933333396911621,0.007935239933431149,161.24000549316406,479.9200134277344,0.0
20260716,detection_plus_rate,133,0.0,0.3558728956778169,0.026693684980273247,0.14004959166049957,0.4933333396911621,0.009578980505466461,161.24000549316406,479.9200134277344,0.0
20260716,detection_plus_rate,134,0.0,0.3512490035576255,0.026693684980273247,0.14004959166049957,0.4933333396911621,0.009589012712240219,161.24000549316406,479.9200134277344,0.0
20260716,detection_plus_rate,135,0.0,0.34668519013013266,0.026693684980273247,0.14004959166049957,0.4933333396911621,0.010400613769888878,161.24000549316406,479.9200134277344,0.0
20260716,detection_plus_rate,136,0.0,0.3421806747868764,0.02672262117266655,0.14004959166049957,0.4933333396911621,0.008757805451750755,161.24000549316406,479.9200134277344,0.0
20260716,detection_plus_rate,137,0.0,0.3377346870619185,0.02742675505578518,0.14290834963321686,0.4866666793823242,0.01039841864258051,161.24000549316406,479.9200134277344,0.0
20260716,detection_plus_rate,138,0.0,0.3333464665000618,0.027488743886351585,0.14290834963321686,0.4866666793823242,0.008767327293753624,161.24000549316406,479.9200134277344,0.0
20260716,detection_plus_rate,139,0.0,0.3290152625267794,0.02672262117266655,0.14004959166049957,0.4933333396911621,0.008783197030425072,161.24000549316406,479.9200134277344,0.0
20260716,detection_plus_rate,140,0.0,0.32474033431983446,0.02672262117266655,0.14004959166049957,0.4933333396911621,0.008798412047326565,161.24000549316406,479.9200134277344,0.0
20260716,detection_plus_rate,141,0.0,0.32052095068256753,0.027459802106022835,0.14290834963321686,0.4866666793823242,0.01043843012303114,161.24000549316406,479.9200134277344,0.0
20260716,detection_plus_rate,142,0.0,0.31635638991883036,0.026693684980273247,0.14004959166049957,0.4933333396911621,0.009599129669368267,161.24000549316406,479.9200134277344,0.0
20260716,detection_plus_rate,143,0.0,0.312245939709545,0.0267267357558012,0.14004959166049957,0.4933333396911621,0.010441454127430916,161.24000549316406,479.9200134277344,0.0
20260716,detection_plus_rate,144,0.0,0.30818889699086655,0.027488743886351585,0.14290834963321686,0.4866666793823242,0.009612449444830418,161.24000549316406,479.9200134277344,0.0
20260716,detection_plus_rate,145,0.0,0.30418456783392883,0.027488743886351585,0.14290834963321686,0.4866666793823242,0.009612892754375935,161.24000549316406,479.9200134277344,0.0
20260716,detection_plus_rate,146,0.0,0.30023226732615294,0.02672262117266655,0.14004959166049957,0.4933333396911621,0.008802596479654312,161.24000549316406,479.9200134277344,0.0
20260716,detection_plus_rate,147,0.0,0.29633131945409746,0.027670271694660187,0.14290834963321686,0.4866666793823242,0.010439103469252586,161.6133270263672,480.5733337402344,0.0
20260716,detection_plus_rate,148,0.0,0.29248105698783144,0.02714838646352291,0.14004959166049957,0.4933333396911621,0.007965734228491783,161.6133270263672,480.5733337402344,0.0
20260716,detection_plus_rate,149,0.0,0.2886808213668089,0.026966143399477005,0.14004959166049957,0.4933333396911621,0.008793801069259644,161.6133270263672,480.5733337402344,0.0
20260716,detection_plus_rate,150,0.0,0.2849299625872271,0.0267267357558012,0.14004959166049957,0.4933333396911621,0.010447558015584946,161.24000549316406,479.9200134277344,0.0
20260716,detection_plus_rate,151,0.0,0.2812278390908475,0.0267267357558012,0.14004959166049957,0.4933333396911621,0.010453838855028152,161.24000549316406,479.9200134277344,0.0
20260716,detection_plus_rate,152,0.0,0.277573817655262,0.026755673810839653,0.14004959166049957,0.4933333396911621,0.008823486976325512,161.24000549316406,479.9200134277344,0.0
20260716,detection_plus_rate,153,0.0,0.2739672732855847,0.026941407471895218,0.14004959166049957,0.4933333396911621,0.01145403552800417,161.6133270263672,480.5733337402344,0.0
20260716,detection_plus_rate,154,0.0,0.2704075891075505,0.026755673810839653,0.14004959166049957,0.4933333396911621,0.00965224951505661,161.24000549316406,479.9200134277344,0.0
20260716,detection_plus_rate,155,0.0,0.2668941562620035,0.026966143399477005,0.14004959166049957,0.4933333396911621,0.008832279592752457,161.6133270263672,480.5733337402344,0.0
20260716,detection_plus_rate,156,0.0,0.26342637380075573,0.026966143399477005,0.14004959166049957,0.4933333396911621,0.008782841265201569,161.6133270263672,480.5733337402344,0.0
20260716,detection_plus_rate,157,0.0,0.260003648583799,0.026966143399477005,0.14004959166049957,0.4933333396911621,0.008834414184093475,161.6133270263672,480.5733337402344,0.0
20260716,detection_plus_rate,158,0.0,0.25662539517785243,0.02713690511882305,0.14004959166049957,0.4933333396911621,0.0096551813185215,161.6133270263672,480.5733337402344,0.0
20260716,detection_plus_rate,159,0.0,0.2532910357562287,0.026937205344438553,0.14004959166049957,0.4933333396911621,0.010455449111759663,161.6133270263672,480.5733337402344,0.0
20260716,detection_plus_rate,160,0.0,0.25,0.026767155155539513,0.14004959166049957,0.4933333396911621,0.00800483487546444,161.02667236328125,479.5466613769531,0.0
20260716,detection_plus_resource,1,0.0,2.0,0.023846177384257317,0.11661507189273834,0.4933333396911621,0.0077597894705832005,215.0,574.0,0.12109375
20260716,detection_plus_resource,2,0.0,1.9740138000035972,0.023837760090827942,0.11661507189273834,0.4933333396911621,0.008051031269133091,215.0,574.0,0.12109375
20260716,detection_plus_resource,3,0.0,1.9483652413023211,0.02292834036052227,0.11721716076135635,0.5133333206176758,0.008588539436459541,215.0,574.0,0.12109375
20260716,detection_plus_resource,4,0.0,1.9230499368890603,0.021602962166070938,0.112871915102005,0.5133333206176758,0.009641030803322792,215.0,574.0,0.12109375
20260716,detection_plus_resource,5,0.0,1.898063556757526,0.020798927173018456,0.11334416270256042,0.5333333611488342,0.011083659715950489,215.0,574.0,0.12109375
20260716,detection_plus_resource,6,0.0,1.8734018271616335,0.021445579826831818,0.11334416270256042,0.5266666412353516,0.012075559236109257,215.0,574.0,0.12109375
20260716,detection_plus_resource,7,0.0,1.8490605298845093,0.022335059940814972,0.11761099845170975,0.5266666412353516,0.011640770360827446,215.0,574.0,0.12109375
20260716,detection_plus_resource,8,0.0,1.8250355015169928,0.02195139415562153,0.11761099845170975,0.5400000214576721,0.01069510169327259,215.0,574.0,0.12109375
20260716,detection_plus_resource,9,0.0,1.8013226327455147,0.021358387544751167,0.11601025611162186,0.5400000214576721,0.010070948861539364,215.0,574.0,0.12109375
20260716,detection_plus_resource,10,0.0,1.777917867649229,0.02092857100069523,0.11601025611162186,0.54666668176651,0.009926842525601387,215.0,574.0,0.12109375
20260716,detection_plus_resource,11,0.0,1.7548172030062736,0.020477181300520897,0.11326701194047928,0.54666668176651,0.009906758554279804,215.0,574.0,0.12109375
20260716,detection_plus_resource,12,0.0,1.732016687609049,0.021662481129169464,0.11601025611162186,0.5333333611488342,0.009944722056388855,215.0,574.0,0.12109375
20260716,detection_plus_resource,13,0.0,1.7095124215883912,0.02161058597266674,0.11601025611162186,0.5333333611488342,0.009711592458188534,215.0,574.0,0.12109375
20260716,detection_plus_resource,14,0.0,1.687300555746526,0.021581051871180534,0.11601025611162186,0.5333333611488342,0.009532982483506203,215.0,574.0,0.12109375
20260716,detection_plus_resource,15,0.0,1.6653772908986906,0.021822430193424225,0.11601025611162186,0.5199999809265137,0.00915597751736641,213.8800048828125,572.0399780273438,0.11726558208465576
20260716,detection_plus_resource,16,0.0,1.6437388772233101,0.022052383050322533,0.11761099845170975,0.5266666412353516,0.009118761867284775,213.13333129882812,570.7333374023438,0.11471354961395264
20260716,detection_plus_resource,17,0.0,1.6223816136206164,0.021957511082291603,0.11601025611162186,0.5133333206176758,0.008996840566396713,212.75999450683594,570.0800170898438,0.11343753337860107
20260716,detection_plus_resource,18,0.0,1.6013018470796005,0.02078314684331417,0.11601025611162186,0.5400000214576721,0.008833338506519794,211.63999938964844,568.1199951171875,0.10960936546325684
20260716,detection_plus_resource,19,0.0,1.5804959720531906,0.021439123898744583,0.11601025611162186,0.5266666412353516,0.008772926405072212,210.89332580566406,566.8133544921875,0.10705733299255371
20260716,detection_plus_resource,20,0.0,1.559960429841549,0.021427538245916367,0.11601025611162186,0.5266666412353516,0.008678245358169079,208.65333557128906,562.893310546875,0.09940099716186523
20260716,detection_plus_resource,21,0.0,1.5396917079833807,0.02116849645972252,0.11601025611162186,0.5333333611488342,0.008924447931349277,208.65333557128906,562.893310546875,0.09940099716186523
20260716,detection_plus_resource,22,0.0,1.5196863396551512,0.02209664322435856,0.12079283595085144,0.5333333611488342,0.008769970387220383,206.7866668701172,559.6266479492188,0.09302079677581787
20260716,detection_plus_resource,23,0.0,1.4999409030781112,0.022112363949418068,0.12079283595085144,0.5333333611488342,0.008959496393799782,206.413330078125,558.9733276367188,0.09174478054046631
20260716,detection_plus_resource,24,0.0,1.4804520209330247,0.023573240265250206,0.1248587891459465,0.5266666412353516,0.008883158676326275,206.413330078125,558.9733276367188,0.09174478054046631
20260716,detection_plus_resource,25,0.0,1.4612163597825027,0.02304254099726677,0.12389339506626129,0.5266666412353516,0.009264836087822914,206.413330078125,558.9733276367188,0.09174478054046631
20260716,detection_plus_resource,26,0.0,1.442230629500841,0.024066705256700516,0.12727265059947968,0.5199999809265137,0.009132822044193745,206.0399932861328,558.3200073242188,0.09046876430511475
20260716,detection_plus_resource,27,0.0,1.4234915827112675,0.022112928330898285,0.12389339506626129,0.5400000214576721,0.009464391507208347,206.413330078125,558.9733276367188,0.09174478054046631
20260716,detection_plus_resource,28,0.0,1.404996014230502,0.0230089258402586,0.12727265059947968,0.5400000214576721,0.008919539861381054,205.2933349609375,557.0133056640625,0.08791661262512207
20260716,detection_plus_resource,29,0.0,1.3867407605205309,0.023563124239444733,0.12727265059947968,0.5333333611488342,0.009051179513335228,204.9199981689453,556.3599853515625,0.08664059638977051
20260716,detection_plus_resource,30,0.0,1.3687226991475059,0.02318691834807396,0.12389339506626129,0.5266666412353516,0.009486035443842411,205.6666717529297,557.6666870117188,0.08919274806976318
20260716,detection_plus_resource,31,0.0,1.350938748247674,0.022767340764403343,0.12389339506626129,0.5333333611488342,0.009384398348629475,205.6666717529297,557.6666870117188,0.08919274806976318
20260716,detection_plus_resource,32,0.0,1.333385866000247,0.023974517360329628,0.12727265059947968,0.5266666412353516,0.009365211240947247,204.9199981689453,556.3599853515625,0.08664059638977051
20260716,detection_plus_resource,33,0.0,1.3160610501071175,0.02414030395448208,0.12727265059947968,0.5199999809265137,0.009180568158626556,204.17333984375,555.0533447265625,0.08408856391906738
20260716,detection_plus_resource,34,0.0,1.2989613372793378,0.02318691834807396,0.12389339506626129,0.5266666412353516,0.009552239440381527,205.6666717529297,557.6666870117188,0.08919274806976318
20260716,detection_plus_resource,35,0.0,1.2820838027302701,0.023422865197062492,0.12389339506626129,0.5266666412353516,0.009449264034628868,204.9199981689453,556.3599853515625,0.08664059638977051
20260716,detection_plus_resource,36,0.0,1.2654255596753214,0.023480892181396484,0.12389339506626129,0.5266666412353516,0.00921139121055603,204.17333984375,555.0533447265625,0.08408856391906738
20260716,detection_plus_resource,37,0.0,1.24898375883818,0.02196553908288479,0.12008184939622879,0.5333333611488342,0.010049033910036087,206.7866668701172,559.6266479492188,0.09302079677581787
20260716,detection_plus_resource,38,0.0,1.2327555879634662,0.02340163104236126,0.12389339506626129,0.5266666412353516,0.00923234224319458,204.17333984375,555.0533447265625,0.08408856391906738
20260716,detection_plus_resource,39,0.0,1.2167382713357153,0.02431212179362774,0.1248587891459465,0.5133333206176758,0.009138367138803005,204.17333984375,555.0533447265625,0.08408856391906738
20260716,detection_plus_resource,40,0.0,1.2009290693046117,0.021580833941698074,0.12105777114629745,0.5400000214576721,0.009718816727399826,206.0399932861328,558.3200073242188,0.09046876430511475
20260716,detection_plus_resource,41,0.0,1.18532527781639,0.02302238717675209,0.1248587891459465,0.5333333611488342,0.009373344480991364,204.17333984375,555.0533447265625,0.08408856391906738
20260716,detection_plus_resource,42,0.0,1.1699242279513258,0.023610269650816917,0.12727265059947968,0.5266666412353516,0.008973727002739906,203.05332946777344,553.0933227539062,0.08026039600372314
20260716,detection_plus_resource,43,0.0,1.1547232854672358,0.023291366174817085,0.12389339506626129,0.5333333611488342,0.009756202809512615,205.6666717529297,557.6666870117188,0.08919274806976318
20260716,detection_plus_resource,44,0.0,1.1397198503489083,0.021924452856183052,0.12008184939622879,0.5333333611488342,0.009978357702493668,206.0399932861328,558.3200073242188,0.09046876430511475
20260716,detection_plus_resource,45,0.0,1.12491135636339,0.02250678278505802,0.11978504806756973,0.5333333611488342,0.009446820244193077,203.8000030517578,554.4000244140625,0.08281254768371582
20260716,detection_plus_resource,46,0.0,1.110295270621048,0.02313826233148575,0.12142253667116165,0.5266666412353516,0.009420034475624561,203.8000030517578,554.4000244140625,0.08281254768371582
20260716,detection_plus_resource,47,0.0,1.0958690931423387,0.023485323414206505,0.12389339506626129,0.5266666412353516,0.009802690707147121,205.2933349609375,557.0133056640625,0.08791661262512207
20260716,detection_plus_resource,48,0.0,1.0816303564302021,0.023616397753357887,0.1248587891459465,0.5266666412353516,0.009327837266027927,203.8000030517578,554.4000244140625,0.08281254768371582
20260716,detection_plus_resource,49,0.0,1.0675766250480143,0.024117691442370415,0.12727265059947968,0.5199999809265137,0.009049026295542717,203.05332946777344,553.0933227539062,0.08026039600372314
20260716,detection_plus_resource,50,0.0,1.0537054952030231,0.021490449085831642,0.12008184939622879,0.5400000214576721,0.009743514470756054,206.0399932861328,558.3200073242188,0.09046876430511475
20260716,detection_plus_resource,51,0.0,1.040014594335196,0.023028463125228882,0.12389339506626129,0.5333333611488342,0.009423507377505302,204.17333984375,555.0533447265625,0.08408856391906738
20260716,detection_plus_resource,52,0.0,1.02650158071141,0.023067642003297806,0.12389339506626129,0.5333333611488342,0.009086375124752522,203.05332946777344,553.0933227539062,0.08026039600372314
20260716,detection_plus_resource,53,0.0,1.0131641430249148,0.02294939011335373,0.12389339506626129,0.5333333611488342,0.00943514984101057,204.17333984375,555.0533447265625,0.08408856391906738
20260716,detection_plus_resource,54,0.0,1.0,0.022087514400482178,0.12008184939622879,0.5333333611488342,0.009492522105574608,205.2933349609375,557.0133056640625,0.08791661262512207
20260716,detection_plus_resource,55,0.0,0.9870069000017987,0.023953469470143318,0.12727265059947968,0.5266666412353516,0.009235670790076256,204.17333984375,555.0533447265625,0.08408856391906738
20260716,detection_plus_resource,56,0.0,0.9741826206511606,0.023953469470143318,0.12727265059947968,0.5266666412353516,0.009242185391485691,204.17333984375,555.0533447265625,0.08408856391906738
20260716,detection_plus_resource,57,0.0,0.9615249684445302,0.022585995495319366,0.12105777114629745,0.5266666412353516,0.009585377760231495,206.0399932861328,558.3200073242188,0.09046876430511475
20260716,detection_plus_resource,58,0.0,0.949031778378763,0.0230695940554142,0.1248587891459465,0.5333333611488342,0.009160829707980156,204.17333984375,555.0533447265625,0.08408856391906738
20260716,detection_plus_resource,59,0.0,0.9367009135808169,0.02178632840514183,0.12105777114629745,0.5400000214576721,0.009215486235916615,204.54666137695312,555.7066650390625,0.08536458015441895
20260716,detection_plus_resource,60,0.0,0.9245302649422548,0.02274671383202076,0.12105777114629745,0.5266666412353516,0.00926783587783575,204.54666137695312,555.7066650390625,0.08536458015441895
20260716,detection_plus_resource,61,0.0,0.9125177507584963,0.02361658774316311,0.1248587891459465,0.5266666412353516,0.009229393675923347,203.8000030517578,554.4000244140625,0.08281254768371582
20260716,detection_plus_resource,62,0.0,0.9006613163727574,0.021863378584384918,0.12008184939622879,0.5333333611488342,0.009721152484416962,206.0399932861328,558.3200073242188,0.09046876430511475
20260716,detection_plus_resource,63,0.0,0.8889589338246144,0.022520506754517555,0.12389339506626129,0.5400000214576721,0.00908383633941412,203.05332946777344,553.0933227539062,0.08026039600372314
20260716,detection_plus_resource,64,0.0,0.8774086015031368,0.021592361852526665,0.11911080777645111,0.5400000214576721,0.009239830076694489,204.17333984375,555.0533447265625,0.08408856391906738
20260716,detection_plus_resource,65,0.0,0.8660083438045245,0.022043855860829353,0.12008184939622879,0.5333333611488342,0.009383334778249264,204.54666137695312,555.7066650390625,0.08536458015441895
20260716,detection_plus_resource,66,0.0,0.8547562107941956,0.022122928872704506,0.12008184939622879,0.5333333611488342,0.009427208453416824,204.54666137695312,555.7066650390625,0.08536458015441895
20260716,detection_plus_resource,67,0.0,0.8436502778732629,0.02361658774316311,0.1248587891459465,0.5266666412353516,0.009249944239854813,203.05332946777344,553.0933227539062,0.08026039600372314
20260716,detection_plus_resource,68,0.0,0.8326886454493452,0.022536320611834526,0.12008184939622879,0.5266666412353516,0.00937175564467907,203.42666625976562,553.7466430664062,0.08153641223907471
20260716,detection_plus_resource,69,0.0,0.8218694386116551,0.022151699289679527,0.12008184939622879,0.5333333611488342,0.009519011713564396,203.42666625976562,553.7466430664062,0.08153641223907471
20260716,detection_plus_resource,70,0.0,0.8111908068103082,0.022151699289679527,0.12008184939622879,0.5333333611488342,0.00953266117721796,203.42666625976562,553.7466430664062,0.08153641223907471
20260716,detection_plus_resource,71,0.0,0.8006509235398003,0.02213527448475361,0.12008184939622879,0.5333333611488342,0.009284500032663345,201.55999755859375,550.47998046875,0.07515621185302734
20260716,detection_plus_resource,72,0.0,0.7902479860265953,0.022157352417707443,0.12008184939622879,0.5333333611488342,0.009484483860433102,202.67999267578125,552.4400024414062,0.07898437976837158
20260716,detection_plus_resource,73,0.0,0.7799802149207745,0.02169971540570259,0.12008184939622879,0.5400000214576721,0.009701390750706196,203.42666625976562,553.7466430664062,0.08153641223907471
20260716,detection_plus_resource,74,0.0,0.7698458539916904,0.02252742275595665,0.12389339506626129,0.5400000214576721,0.009342576377093792,198.57333374023438,545.2533569335938,0.06494796276092529
20260716,detection_plus_resource,75,0.0,0.7598431698275756,0.02207881212234497,0.12008184939622879,0.5333333611488342,0.0100413728505373,201.93333435058594,551.1333618164062,0.07643234729766846
20260716,detection_plus_resource,76,0.0,0.7499704515390556,0.023030446842312813,0.12729239463806152,0.5400000214576721,0.009622403420507908,195.2133331298828,539.3733520507812,0.05346357822418213
20260716,detection_plus_resource,77,0.0,0.7402260104665124,0.02247772179543972,0.12389339506626129,0.5400000214576721,0.009873192757368088,197.0800018310547,542.6400146484375,0.05984377861022949
20260716,detection_plus_resource,78,0.0,0.7306081798912514,0.02348593808710575,0.12729239463806152,0.5400000214576721,0.009077932685613632,188.4933319091797,527.6133422851562,0.0304948091506958
20260716,detection_plus_resource,79,0.0,0.7211153147504205,0.02378528192639351,0.12825779616832733,0.5400000214576721,0.009759055450558662,192.22666931152344,534.1466674804688,0.04325520992279053
20260716,detection_plus_resource,80,0.0,0.7117457913556338,0.02320372872054577,0.12729239463806152,0.5400000214576721,0.009495613165199757,188.1199951171875,526.9600219726562,0.02921879291534424
20260716,detection_plus_resource,81,0.0,0.702498007115251,0.02323964051902294,0.12741443514823914,0.5400000214576721,0.009035438299179077,181.02667236328125,514.5466918945312,0.004974007606506348
20260716,detection_plus_resource,82,0.0,0.6933703802602654,0.022926779463887215,0.12741421163082123,0.5333333611488342,0.008822974748909473,173.18666076660156,500.82666015625,0.0
20260716,detection_plus_resource,83,0.0,0.6843613495737529,0.023295966908335686,0.12741443514823914,0.5400000214576721,0.008933557197451591,175.42666625976562,504.7466735839844,0.0
20260716,detection_plus_resource,84,0.0,0.6754693741238371,0.023299552500247955,0.12741443514823914,0.5400000214576721,0.008980891667306423,175.42666625976562,504.7466735839844,0.0
20260716,detection_plus_resource,85,0.0,0.6666929330001236,0.025357283651828766,0.13532525300979614,0.5133333206176758,0.008823603391647339,164.60000610351562,485.79998779296875,0.0
20260716,detection_plus_resource,86,0.0,0.6580305250535589,0.022099461406469345,0.12508194148540497,0.54666668176651,0.009370927698910236,178.0399932861328,509.32000732421875,0.0
20260716,detection_plus_resource,87,0.0,0.649480668639669,0.025370988994836807,0.13532525300979614,0.5133333206176758,0.008657127618789673,162.36000061035156,481.8800048828125,0.0
20260716,detection_plus_resource,88,0.0,0.6410419013651351,0.024905230849981308,0.13554413616657257,0.5333333611488342,0.009494676254689693,169.82666015625,494.9466552734375,0.0
20260716,detection_plus_resource,89,0.0,0.6327127798376607,0.02660541795194149,0.14004959166049957,0.4933333396911621,0.008547873236238956,160.86666870117188,479.26666259765625,0.0
20260716,detection_plus_resource,90,0.0,0.62449187941909,0.025179224088788033,0.13532525300979614,0.5199999809265137,0.009013903327286243,163.47999572753906,483.8399963378906,0.0
20260716,detection_plus_resource,91,0.0,0.6163777939817331,0.025370988994836807,0.13532525300979614,0.5133333206176758,0.008714244700968266,162.36000061035156,481.8800048828125,0.0
20260716,detection_plus_resource,92,0.0,0.6083691356678577,0.02660541795194149,0.14004959166049957,0.4933333396911621,0.00850273109972477,160.86666870117188,479.26666259765625,0.0
20260716,detection_plus_resource,93,0.0,0.6004645346523059,0.025370800867676735,0.13532525300979614,0.5133333206176758,0.008746666833758354,162.36000061035156,481.8800048828125,0.0
20260716,detection_plus_resource,94,0.0,0.592662638908195,0.02662612684071064,0.14004959166049957,0.4933333396911621,0.008631580509245396,161.24000549316406,479.9200134277344,0.0
20260716,detection_plus_resource,95,0.0,0.5849621139756629,0.02660541795194149,0.14004959166049957,0.4933333396911621,0.008536702021956444,160.86666870117188,479.26666259765625,0.0
20260716,detection_plus_resource,96,0.0,0.5773616427336179,0.02660541795194149,0.14004959166049957,0.4933333396911621,0.008636425249278545,160.86666870117188,479.26666259765625,0.0
20260716,detection_plus_resource,97,0.0,0.5698599251744542,0.026660168543457985,0.14004959166049957,0.4933333396911621,0.008378692902624607,160.4933319091797,478.61334228515625,0.0
20260716,detection_plus_resource,98,0.0,0.562455678181695,0.026660168543457985,0.14004959166049957,0.4933333396911621,0.009111866354942322,160.4933319091797,478.61334228515625,0.0
20260716,detection_plus_resource,99,0.0,0.555147635310524,0.026660168543457985,0.14004959166049957,0.4933333396911621,0.009119865484535694,160.4933319091797,478.61334228515625,0.0
20260716,detection_plus_resource,100,0.0,0.5479345465711694,0.02660541795194149,0.14004959166049957,0.4933333396911621,0.008568056859076023,160.86666870117188,479.26666259765625,0.0
20260716,detection_plus_resource,101,0.0,0.5408151782151011,0.026660168543457985,0.14004959166049957,0.4933333396911621,0.008304547518491745,160.4933319091797,478.61334228515625,0.0
20260716,detection_plus_resource,102,0.0,0.5337883125240072,0.02660541795194149,0.14004959166049957,0.4933333396911621,0.009238437749445438,160.86666870117188,479.26666259765625,0.0
20260716,detection_plus_resource,103,0.0,0.5268527476015116,0.026660168543457985,0.14004959166049957,0.4933333396911621,0.009007680229842663,160.4933319091797,478.61334228515625,0.0
20260716,detection_plus_resource,104,0.0,0.520007297167598,0.02676396630704403,0.14004959166049957,0.4933333396911621,0.008829203434288502,160.1199951171875,477.9599914550781,0.0
20260716,detection_plus_resource,105,0.0,0.513250790355705,0.026232291013002396,0.14004959166049957,0.5066666603088379,0.011231360025703907,160.4933319091797,478.61334228515625,0.0
20260716,detection_plus_resource,106,0.0,0.5065820715124574,0.02660541795194149,0.14004959166049957,0.4933333396911621,0.009194615297019482,160.86666870117188,479.26666259765625,0.0
20260716,detection_plus_resource,107,0.0,0.5,0.026660168543457985,0.14004959166049957,0.4933333396911621,0.008219612762331963,160.4933319091797,478.61334228515625,0.0
20260716,detection_plus_resource,108,0.0,0.49350345000089935,0.02567727118730545,0.13624855875968933,0.4933333396911621,0.009121604263782501,161.24000549316406,479.9200134277344,0.0
20260716,detection_plus_resource,109,0.0,0.4870913103255803,0.026660168543457985,0.14004959166049957,0.4933333396911621,0.008897843770682812,160.4933319091797,478.61334228515625,0.0
20260716,detection_plus_resource,110,0.0,0.4807624842222651,0.02567727118730545,0.13624855875968933,0.4933333396911621,0.009074803441762924,161.24000549316406,479.9200134277344,0.0
20260716,detection_plus_resource,111,0.0,0.47451588918938153,0.026648683473467827,0.14004959166049957,0.4933333396911621,0.009717177599668503,160.4933319091797,478.61334228515625,0.0
20260716,detection_plus_resource,112,0.0,0.46835045679040843,0.025665786117315292,0.13624855875968933,0.4933333396911621,0.009898553602397442,161.24000549316406,479.9200134277344,0.0
20260716,detection_plus_resource,113,0.0,0.4622651324711274,0.02567727118730545,0.13624855875968933,0.4933333396911621,0.009162935428321362,161.24000549316406,479.9200134277344,0.0
20260716,detection_plus_resource,114,0.0,0.4562588753792482,0.02567727118730545,0.13624855875968933,0.4933333396911621,0.00819581188261509,161.24000549316406,479.9200134277344,0.0
20260716,detection_plus_resource,115,0.0,0.45033065818637874,0.02567727118730545,0.13624855875968933,0.4933333396911621,0.008204500190913677,161.24000549316406,479.9200134277344,0.0
20260716,detection_plus_resource,116,0.0,0.4444794669123073,0.02567727118730545,0.13624855875968933,0.4933333396911621,0.00900187622755766,161.24000549316406,479.9200134277344,0.0
20260716,detection_plus_resource,117,0.0,0.43870430075156847,0.025732023641467094,0.13624855875968933,0.4933333396911621,0.008842838928103447,160.86666870117188,479.26666259765625,0.0
20260716,detection_plus_resource,118,0.0,0.4330041719022623,0.02567727118730545,0.13624855875968933,0.4933333396911621,0.00897871796041727,161.24000549316406,479.9200134277344,0.0
20260716,detection_plus_resource,119,0.0,0.42737810539709786,0.02567727118730545,0.13624855875968933,0.4933333396911621,0.008203568868339062,161.24000549316406,479.9200134277344,0.0
20260716,detection_plus_resource,120,0.0,0.42182513893663154,0.02567727118730545,0.13624855875968933,0.4933333396911621,0.008210623636841774,161.24000549316406,479.9200134277344,0.0
20260716,detection_plus_resource,121,0.0,0.4163443227246726,0.025732023641467094,0.13624855875968933,0.4933333396911621,0.008788750506937504,160.86666870117188,479.26666259765625,0.0
20260716,detection_plus_resource,122,0.0,0.4109347193058275,0.025665786117315292,0.13624855875968933,0.4933333396911621,0.011385845020413399,161.24000549316406,479.9200134277344,0.0
20260716,detection_plus_resource,123,0.0,0.40559540340515404,0.025732023641467094,0.13624855875968933,0.4933333396911621,0.008041241206228733,160.86666870117188,479.26666259765625,0.0
20260716,detection_plus_resource,124,0.0,0.4003254617699001,0.02567727118730545,0.13624855875968933,0.4933333396911621,0.008905690163373947,161.24000549316406,479.9200134277344,0.0
20260716,detection_plus_resource,125,0.0,0.39512399301329765,0.025732023641467094,0.13624855875968933,0.4933333396911621,0.010283177718520164,160.86666870117188,479.26666259765625,0.0
20260716,detection_plus_resource,126,0.0,0.38999010746038726,0.02567727118730545,0.13624855875968933,0.4933333396911621,0.009602678939700127,161.24000549316406,479.9200134277344,0.0
20260716,detection_plus_resource,127,0.0,0.3849229269958451,0.02567727118730545,0.13624855875968933,0.4933333396911621,0.00960502028465271,161.24000549316406,479.9200134277344,0.0
20260716,detection_plus_resource,128,0.0,0.37992158491378775,0.025732023641467094,0.13624855875968933,0.4933333396911621,0.00803935993462801,160.86666870117188,479.26666259765625,0.0
20260716,detection_plus_resource,129,0.0,0.37498522576952775,0.02567727118730545,0.13624855875968933,0.4933333396911621,0.008901139721274376,161.24000549316406,479.9200134277344,0.0
20260716,detection_plus_resource,130,0.0,0.3701130052332562,0.02567727118730545,0.13624855875968933,0.4933333396911621,0.009714814834296703,161.24000549316406,479.9200134277344,0.0
20260716,detection_plus_resource,131,0.0,0.36530408994562563,0.025665786117315292,0.13624855875968933,0.4933333396911621,0.009766939096152782,161.24000549316406,479.9200134277344,0.0
20260716,detection_plus_resource,132,0.0,0.36055765737521017,0.025732023641467094,0.13624855875968933,0.4933333396911621,0.009487336501479149,160.86666870117188,479.26666259765625,0.0
20260716,detection_plus_resource,133,0.0,0.3558728956778169,0.02567727118730545,0.13624855875968933,0.4933333396911621,0.008924080058932304,161.24000549316406,479.9200134277344,0.0
20260716,detection_plus_resource,134,0.0,0.3512490035576255,0.025732023641467094,0.13624855875968933,0.4933333396911621,0.009487980045378208,160.86666870117188,479.26666259765625,0.0
20260716,detection_plus_resource,135,0.0,0.34668519013013266,0.025648333132267,0.13624855875968933,0.4933333396911621,0.01128672156482935,161.24000549316406,479.9200134277344,0.0
20260716,detection_plus_resource,136,0.0,0.3421806747868764,0.025732023641467094,0.13624855875968933,0.4933333396911621,0.008806479163467884,160.86666870117188,479.26666259765625,0.0
20260716,detection_plus_resource,137,0.0,0.3377346870619185,0.02567727118730545,0.13624855875968933,0.4933333396911621,0.009732925333082676,161.24000549316406,479.9200134277344,0.0
20260716,detection_plus_resource,138,0.0,0.3333464665000618,0.025732023641467094,0.13624855875968933,0.4933333396911621,0.008760655298829079,160.86666870117188,479.26666259765625,0.0
20260716,detection_plus_resource,139,0.0,0.3290152625267794,0.02567727118730545,0.13624855875968933,0.4933333396911621,0.008897745050489902,161.24000549316406,479.9200134277344,0.0
20260716,detection_plus_resource,140,0.0,0.32474033431983446,0.025732023641467094,0.13624855875968933,0.4933333396911621,0.008784295991063118,160.86666870117188,479.26666259765625,0.0
20260716,detection_plus_resource,141,0.0,0.32052095068256753,0.025732023641467094,0.13624855875968933,0.4933333396911621,0.009618721902370453,160.86666870117188,479.26666259765625,0.0
20260716,detection_plus_resource,142,0.0,0.31635638991883036,0.025732023641467094,0.13624855875968933,0.4933333396911621,0.008815079927444458,160.86666870117188,479.26666259765625,0.0
20260716,detection_plus_resource,143,0.0,0.312245939709545,0.02567727118730545,0.13624855875968933,0.4933333396911621,0.008917242288589478,161.24000549316406,479.9200134277344,0.0
20260716,detection_plus_resource,144,0.0,0.30818889699086655,0.025732023641467094,0.13624855875968933,0.4933333396911621,0.008793597109615803,160.86666870117188,479.26666259765625,0.0
20260716,detection_plus_resource,145,0.0,0.30418456783392883,0.025732023641467094,0.13624855875968933,0.4933333396911621,0.008805869147181511,160.86666870117188,479.26666259765625,0.0
20260716,detection_plus_resource,146,0.0,0.30023226732615294,0.025720536708831787,0.13624855875968933,0.4933333396911621,0.009641534648835659,160.86666870117188,479.26666259765625,0.0
20260716,detection_plus_resource,147,0.0,0.29633131945409746,0.025732023641467094,0.13624855875968933,0.4933333396911621,0.009625507518649101,160.86666870117188,479.26666259765625,0.0
20260716,detection_plus_resource,148,0.0,0.29248105698783144,0.025732023641467094,0.13624855875968933,0.4933333396911621,0.009623565711081028,160.86666870117188,479.26666259765625,0.0
20260716,detection_plus_resource,149,0.0,0.2886808213668089,0.025732023641467094,0.13624855875968933,0.4933333396911621,0.0088117104023695,160.86666870117188,479.26666259765625,0.0
20260716,detection_plus_resource,150,0.0,0.2849299625872271,0.02567727118730545,0.13624855875968933,0.4933333396911621,0.00893507432192564,161.24000549316406,479.9200134277344,0.0
20260716,detection_plus_resource,151,0.0,0.2812278390908475,0.025732023641467094,0.13624855875968933,0.4933333396911621,0.008802564814686775,160.86666870117188,479.26666259765625,0.0
20260716,detection_plus_resource,152,0.0,0.277573817655262,0.025732023641467094,0.13624855875968933,0.4933333396911621,0.008829677477478981,160.86666870117188,479.26666259765625,0.0
20260716,detection_plus_resource,153,0.0,0.2739672732855847,0.02567727118730545,0.13624855875968933,0.4933333396911621,0.009785584174096584,161.24000549316406,479.9200134277344,0.0
20260716,detection_plus_resource,154,0.0,0.2704075891075505,0.025732023641467094,0.13624855875968933,0.4933333396911621,0.008814985863864422,160.86666870117188,479.26666259765625,0.0
20260716,detection_plus_resource,155,0.0,0.2668941562620035,0.02567727118730545,0.13624855875968933,0.4933333396911621,0.008953467942774296,161.24000549316406,479.9200134277344,0.0
20260716,detection_plus_resource,156,0.0,0.26342637380075573,0.025732023641467094,0.13624855875968933,0.4933333396911621,0.00882619246840477,160.86666870117188,479.26666259765625,0.0
20260716,detection_plus_resource,157,0.0,0.260003648583799,0.02567727118730545,0.13624855875968933,0.4933333396911621,0.009039469063282013,161.6133270263672,480.5733337402344,0.0
20260716,detection_plus_resource,158,0.0,0.25662539517785243,0.025732023641467094,0.13624855875968933,0.4933333396911621,0.009650100022554398,160.86666870117188,479.26666259765625,0.0
20260716,detection_plus_resource,159,0.0,0.2532910357562287,0.025692906230688095,0.13624855875968933,0.4933333396911621,0.008059692569077015,161.24000549316406,479.9200134277344,0.0
20260716,detection_plus_resource,160,0.0,0.25,0.025732023641467094,0.13624855875968933,0.4933333396911621,0.008822796866297722,160.86666870117188,479.26666259765625,0.0
20260716,full_joint_loss,1,0.0010740327835082831,2.0,0.023846177384257317,0.11661507189273834,0.4933333396911621,0.007773477118462324,215.0,574.0,0.12109375
20260716,full_joint_loss,2,0.0025309419631957654,1.9740138000035972,0.023498887196183205,0.11575507372617722,0.5,0.008116573095321655,215.0,574.0,0.12109375
20260716,full_joint_loss,3,0.004703917503356881,1.9483652413023211,0.022969471290707588,0.11275386810302734,0.5,0.008819264359772205,215.0,574.0,0.12109375
20260716,full_joint_loss,4,0.008123164176940856,1.9230499368890603,0.02293217182159424,0.11324024200439453,0.5,0.010378381237387657,215.0,574.0,0.12109375
20260716,full_joint_loss,5,0.013507280349731365,1.898063556757526,0.021697094663977623,0.112871915102005,0.5133333206176758,0.013187271542847157,215.0,574.0,0.12109375
20260716,full_joint_loss,6,0.02129572391510002,1.8734018271616335,0.021811431273818016,0.11565609276294708,0.5199999809265137,0.01626449264585972,215.0,574.0,0.12109375
20260716,full_joint_loss,7,0.030924973487853925,1.8490605298845093,0.024176575243473053,0.1250986009836197,0.5133333206176758,0.01658305712044239,215.0,574.0,0.12109375
20260716,full_joint_loss,8,0.0409999465942382,1.8250355015169928,0.023347042500972748,0.12268473953008652,0.5199999809265137,0.014592901803553104,215.0,574.0,0.12109375
20260716,full_joint_loss,9,0.050671143531799245,1.8013226327455147,0.02268020249903202,0.12171933799982071,0.5266666412353516,0.0128709077835083,215.0,574.0,0.12109375
20260716,full_joint_loss,10,0.06000339508056633,1.777917867649229,0.022010071203112602,0.11911080777645111,0.5333333611488342,0.0122806616127491,215.0,574.0,0.12109375
20260716,full_joint_loss,11,0.06946439743041984,1.7548172030062736,0.021596679463982582,0.11911080777645111,0.5400000214576721,0.012206383980810642,215.0,574.0,0.12109375
20260716,full_joint_loss,12,0.07939877033233636,1.732016687609049,0.02178826369345188,0.11911080777645111,0.5400000214576721,0.012554782442748547,215.0,574.0,0.12109375
20260716,full_joint_loss,13,0.08958883762359614,1.7095124215883912,0.02252526581287384,0.12347163259983063,0.5333333611488342,0.012642770074307919,215.0,574.0,0.12109375
20260716,full_joint_loss,14,0.0998821830749511,1.687300555746526,0.022288156673312187,0.12347163259983063,0.5400000214576721,0.012948271818459034,215.0,574.0,0.12109375
20260716,full_joint_loss,15,0.10978297233581534,1.6653772908986906,0.02204677276313305,0.12105777114629745,0.5400000214576721,0.012844808399677277,215.0,574.0,0.12109375
20260716,full_joint_loss,16,0.11884414196014395,1.6437388772233101,0.022233571857213974,0.12347163259983063,0.54666668176651,0.013245804235339165,215.0,574.0,0.12109375
20260716,full_joint_loss,17,0.12706424236297598,1.6223816136206164,0.021090056747198105,0.11911080777645111,0.5533333420753479,0.013597726821899414,213.8800048828125,572.0399780273438,0.11726558208465576
20260716,full_joint_loss,18,0.13436579227447498,1.6013018470796005,0.021093124523758888,0.11911080777645111,0.5533333420753479,0.013876077719032764,212.3866729736328,569.4266967773438,0.11216151714324951
20260716,full_joint_loss,19,0.14011831283569323,1.5804959720531906,0.024455595761537552,0.13262005150318146,0.54666668176651,0.010716482996940613,194.83999633789062,538.719970703125,0.052187442779541016
20260716,full_joint_loss,20,0.14447721481323228,1.559960429841549,0.02789219841361046,0.14527514576911926,0.47999998927116394,0.009102817624807358,159.0,476.0,0.0
20260716,full_joint_loss,21,0.1474038171768187,1.5396917079833807,0.027748756110668182,0.14527514576911926,0.4866666793823242,0.01183022279292345,159.0,476.0,0.0
20260716,full_joint_loss,22,0.1484633541107176,1.5196863396551512,0.027748756110668182,0.14527514576911926,0.4866666793823242,0.01183022279292345,159.0,476.0,0.0
20260716,full_joint_loss,23,0.14904701709747295,1.4999409030781112,0.026613565161824226,0.14004959166049957,0.4933333396911621,0.014226158149540424,159.0,476.0,0.0
20260716,full_joint_loss,24,0.1502832555770872,1.4804520209330247,0.027748756110668182,0.14527514576911926,0.4866666793823242,0.01046468410640955,159.0,476.0,0.0
20260716,full_joint_loss,25,0.15158958911895729,1.4612163597825027,0.027748756110668182,0.14527514576911926,0.4866666793823242,0.011104961857199669,159.0,476.0,0.0
20260716,full_joint_loss,26,0.15265872955322243,1.442230629500841,0.027748756110668182,0.14527514576911926,0.4866666793823242,0.011897495947778225,159.0,476.0,0.0
20260716,full_joint_loss,27,0.15414477825164774,1.4234915827112675,0.027748756110668182,0.14527514576911926,0.4866666793823242,0.01269579865038395,159.0,476.0,0.0
20260716,full_joint_loss,28,0.15592923164367656,1.404996014230502,0.027748756110668182,0.14527514576911926,0.4866666793823242,0.01046468410640955,159.0,476.0,0.0
20260716,full_joint_loss,29,0.1568905782699583,1.3867407605205309,0.027748756110668182,0.14527514576911926,0.4866666793823242,0.01046468410640955,159.0,476.0,0.0
20260716,full_joint_loss,30,0.15732527256011944,1.3687226991475059,0.0272305179387331,0.14527514576911926,0.4933333396911621,0.012407557107508183,159.0,476.0,0.0
20260716,full_joint_loss,31,0.157923536300659,1.350938748247674,0.0272305179387331,0.14527514576911926,0.4933333396911621,0.013200090266764164,159.0,476.0,0.0
20260716,full_joint_loss,32,0.1588831186294554,1.333385866000247,0.027503468096256256,0.14527514576911926,0.4866666793823242,0.011693009175360203,159.0,476.0,0.0
20260716,full_joint_loss,33,0.1592683887481688,1.3160610501071175,0.027503468096256256,0.14527514576911926,0.4866666793823242,0.011693009175360203,159.0,476.0,0.0
20260716,full_joint_loss,34,0.15943746566772443,1.2989613372793378,0.0272305179387331,0.14527514576911926,0.4933333396911621,0.012407557107508183,159.0,476.0,0.0
20260716,full_joint_loss,35,0.16063510894775374,1.2820838027302701,0.0272305179387331,0.14527514576911926,0.4933333396911621,0.011767279356718063,159.0,476.0,0.0
20260716,full_joint_loss,36,0.16189168930053696,1.2654255596753214,0.0272305179387331,0.14527514576911926,0.4933333396911621,0.011767279356718063,159.0,476.0,0.0
20260716,full_joint_loss,37,0.16290979385375962,1.24898375883818,0.0272305179387331,0.14527514576911926,0.4933333396911621,0.012407557107508183,159.0,476.0,0.0
20260716,full_joint_loss,38,0.1638475322723387,1.2327555879634662,0.0272305179387331,0.14527514576911926,0.4933333396911621,0.011767279356718063,159.0,476.0,0.0
20260716,full_joint_loss,39,0.16451600551605208,1.2167382713357153,0.0272305179387331,0.14527514576911926,0.4933333396911621,0.011767279356718063,159.0,476.0,0.0
20260716,full_joint_loss,40,0.1653392076492308,1.2009290693046117,0.0272305179387331,0.14527514576911926,0.4933333396911621,0.013205860741436481,159.0,476.0,0.0
20260716,full_joint_loss,41,0.1662345647811888,1.18532527781639,0.0272305179387331,0.14527514576911926,0.4933333396911621,0.012407557107508183,159.0,476.0,0.0
20260716,full_joint_loss,42,0.16612015485763534,1.1699242279513258,0.0272305179387331,0.14527514576911926,0.4933333396911621,0.011767279356718063,159.0,476.0,0.0
20260716,full_joint_loss,43,0.16576833248138412,1.1547232854672358,0.0272305179387331,0.14527514576911926,0.4933333396911621,0.013998393900692463,159.0,476.0,0.0
20260716,full_joint_loss,44,0.16676439285278305,1.1397198503489083,0.0272305179387331,0.14527514576911926,0.4933333396911621,0.013205860741436481,159.0,476.0,0.0
20260716,full_joint_loss,45,0.16819511890411362,1.12491135636339,0.0272305179387331,0.14527514576911926,0.4933333396911621,0.011767279356718063,159.0,476.0,0.0
20260716,full_joint_loss,46,0.16830789089202866,1.110295270621048,0.0272305179387331,0.14527514576911926,0.4933333396911621,0.011767279356718063,159.0,476.0,0.0
20260716,full_joint_loss,47,0.16828084945678695,1.0958690931423387,0.026613565161824226,0.14004959166049957,0.4933333396911621,0.014451456256210804,159.0,476.0,0.0
20260716,full_joint_loss,48,0.1686116456985472,1.0816303564302021,0.0272305179387331,0.14527514576911926,0.4933333396911621,0.013205860741436481,159.0,476.0,0.0
20260716,full_joint_loss,49,0.168729462623596,1.0675766250480143,0.0272305179387331,0.14527514576911926,0.4933333396911621,0.011767279356718063,159.0,476.0,0.0
20260716,full_joint_loss,50,0.1693064594268797,1.0537054952030231,0.0272305179387331,0.14527514576911926,0.4933333396911621,0.012407557107508183,159.0,476.0,0.0
20260716,full_joint_loss,51,0.17054001808166483,1.040014594335196,0.0272305179387331,0.14527514576911926,0.4933333396911621,0.011767279356718063,159.0,476.0,0.0
20260716,full_joint_loss,52,0.17120034694671607,1.02650158071141,0.0272305179387331,0.14527514576911926,0.4933333396911621,0.011767279356718063,159.0,476.0,0.0
20260716,full_joint_loss,53,0.17094343900680517,1.0131641430249148,0.0272305179387331,0.14527514576911926,0.4933333396911621,0.012565582990646362,159.0,476.0,0.0
20260716,full_joint_loss,54,0.17076556921005223,1.0,0.0272305179387331,0.14527514576911926,0.4933333396911621,0.013205860741436481,159.0,476.0,0.0
20260716,full_joint_loss,55,0.17093770742416356,0.9870069000017987,0.0272305179387331,0.14527514576911926,0.4933333396911621,0.011767279356718063,159.0,476.0,0.0
20260716,full_joint_loss,56,0.17082406997680638,0.9741826206511606,0.0272305179387331,0.14527514576911926,0.4933333396911621,0.011767279356718063,159.0,476.0,0.0
20260716,full_joint_loss,57,0.17093516588211033,0.9615249684445302,0.027185093611478806,0.14527514576911926,0.5,0.012524799443781376,159.74667358398438,477.3066711425781,0.0
20260716,full_joint_loss,58,0.1712779211997983,0.949031778378763,0.027185093611478806,0.14527514576911926,0.5,0.011861548759043217,159.74667358398438,477.3066711425781,0.0
20260716,full_joint_loss,59,0.17133900165557833,0.9367009135808169,0.027185093611478806,0.14527514576911926,0.5,0.011852565221488476,159.74667358398438,477.3066711425781,0.0
20260716,full_joint_loss,60,0.1714459729194638,0.9245302649422548,0.027185093611478806,0.14527514576911926,0.5,0.011864160187542439,159.74667358398438,477.3066711425781,0.0
20260716,full_joint_loss,61,0.1715495204925534,0.9125177507584963,0.027185093611478806,0.14527514576911926,0.5,0.011845475062727928,159.74667358398438,477.3066711425781,0.0
20260716,full_joint_loss,62,0.1715854430198666,0.9006613163727574,0.027185093611478806,0.14527514576911926,0.5,0.01249533612281084,159.74667358398438,477.3066711425781,0.0
20260716,full_joint_loss,63,0.1715882325172421,0.8889589338246144,0.027185093611478806,0.14527514576911926,0.5,0.011027325876057148,159.74667358398438,477.3066711425781,0.0
20260716,full_joint_loss,64,0.1713212203979489,0.8774086015031368,0.027185093611478806,0.14527514576911926,0.5,0.012478440999984741,159.74667358398438,477.3066711425781,0.0
20260716,full_joint_loss,65,0.17110914707183805,0.8660083438045245,0.027185093611478806,0.14527514576911926,0.5,0.012482363730669022,159.74667358398438,477.3066711425781,0.0
20260716,full_joint_loss,66,0.17097829818725552,0.8547562107941956,0.027185093611478806,0.14527514576911926,0.5,0.012471570633351803,159.74667358398438,477.3066711425781,0.0
20260716,full_joint_loss,67,0.170520141124725,0.8436502778732629,0.027185093611478806,0.14527514576911926,0.5,0.012447305954992771,159.74667358398438,477.3066711425781,0.0
20260716,full_joint_loss,68,0.16955520868301358,0.8326886454493452,0.027185093611478806,0.14527514576911926,0.5,0.012451812624931335,159.74667358398438,477.3066711425781,0.0
20260716,full_joint_loss,69,0.168560216426849,0.8218694386116551,0.027185093611478806,0.14527514576911926,0.5,0.012477830052375793,159.74667358398438,477.3066711425781,0.0
20260716,full_joint_loss,70,0.16883595705032314,0.8111908068103082,0.026102285832166672,0.14004959166049957,0.5066666603088379,0.012456852942705154,160.1199951171875,477.9599914550781,0.0
20260716,full_joint_loss,71,0.16863418340682948,0.8006509235398003,0.027185093611478806,0.14527514576911926,0.5,0.010971500538289547,159.74667358398438,477.3066711425781,0.0
20260716,full_joint_loss,72,0.16732113122940026,0.7902479860265953,0.027185093611478806,0.14527514576911926,0.5,0.011798503808677197,159.74667358398438,477.3066711425781,0.0
20260716,full_joint_loss,73,0.16646622180938683,0.7799802149207745,0.026102285832166672,0.14004959166049957,0.5066666603088379,0.014061709865927696,160.1199951171875,477.9599914550781,0.0
20260716,full_joint_loss,74,0.16606293678283654,0.7698458539916904,0.026102285832166672,0.14004959166049957,0.5066666603088379,0.012408423237502575,160.1199951171875,477.9599914550781,0.0
20260716,full_joint_loss,75,0.16547112703323327,0.7598431698275756,0.026102285832166672,0.14004959166049957,0.5066666603088379,0.011742275208234787,160.1199951171875,477.9599914550781,0.0
20260716,full_joint_loss,76,0.164628753662109,0.7499704515390556,0.027185093611478806,0.14527514576911926,0.5,0.011771682649850845,159.74667358398438,477.3066711425781,0.0
20260716,full_joint_loss,77,0.16362279415130576,0.7402260104665124,0.026102285832166672,0.14004959166049957,0.5066666603088379,0.013228661380708218,160.1199951171875,477.9599914550781,0.0
20260716,full_joint_loss,78,0.1629373073577877,0.7306081798912514,0.026102285832166672,0.14004959166049957,0.5066666603088379,0.012421881780028343,160.1199951171875,477.9599914550781,0.0
20260716,full_joint_loss,79,0.16181732177734337,0.7211153147504205,0.027185093611478806,0.14527514576911926,0.5,0.011751491576433182,159.74667358398438,477.3066711425781,0.0
20260716,full_joint_loss,80,0.16034006118774377,0.7117457913556338,0.026102285832166672,0.14004959166049957,0.5066666603088379,0.012408788315951824,160.1199951171875,477.9599914550781,0.0
20260716,full_joint_loss,81,0.1591803026199337,0.702498007115251,0.026102285832166672,0.14004959166049957,0.5066666603088379,0.012453225441277027,160.1199951171875,477.9599914550781,0.0
20260716,full_joint_loss,82,0.15867716073989832,0.6933703802602654,0.026102285832166672,0.14004959166049957,0.5066666603088379,0.012378147803246975,160.1199951171875,477.9599914550781,0.0
20260716,full_joint_loss,83,0.15772794485092126,0.6843613495737529,0.026102285832166672,0.14004959166049957,0.5066666603088379,0.010864769108593464,160.1199951171875,477.9599914550781,0.0
20260716,full_joint_loss,84,0.1561906409263607,0.6754693741238371,0.026102285832166672,0.14004959166049957,0.5066666603088379,0.012373432517051697,160.1199951171875,477.9599914550781,0.0
20260716,full_joint_loss,85,0.15453946352004966,0.6666929330001236,0.026102285832166672,0.14004959166049957,0.5066666603088379,0.01397113036364317,160.1199951171875,477.9599914550781,0.0
20260716,full_joint_loss,86,0.15375484466552697,0.6580305250535589,0.025943737477064133,0.14004959166049957,0.5066666603088379,0.012942345812916756,160.86666870117188,479.26666259765625,0.0
20260716,full_joint_loss,87,0.15189810276031457,0.649480668639669,0.026102285832166672,0.14004959166049957,0.5066666603088379,0.010895046405494213,160.1199951171875,477.9599914550781,0.0
20260716,full_joint_loss,88,0.15083975553512535,0.6410419013651351,0.02590169943869114,0.14004959166049957,0.5066666603088379,0.014677220955491066,160.86666870117188,479.26666259765625,0.0
20260716,full_joint_loss,89,0.14993440866470298,0.6327127798376607,0.026102285832166672,0.14004959166049957,0.5066666603088379,0.012362968176603317,160.1199951171875,477.9599914550781,0.0
20260716,full_joint_loss,90,0.14788514614105186,0.62449187941909,0.026102285832166672,0.14004959166049957,0.5066666603088379,0.011700261384248734,160.1199951171875,477.9599914550781,0.0
20260716,full_joint_loss,91,0.1465210556983944,0.6163777939817331,0.025943737477064133,0.14004959166049957,0.5066666603088379,0.012907398864626884,160.86666870117188,479.26666259765625,0.0
20260716,full_joint_loss,92,0.14609535455703698,0.6083691356678577,0.025943737477064133,0.14004959166049957,0.5066666603088379,0.012149467132985592,160.86666870117188,479.26666259765625,0.0
20260716,full_joint_loss,93,0.14365955352783166,0.6004645346523059,0.026102285832166672,0.14004959166049957,0.5066666603088379,0.011667920276522636,160.1199951171875,477.9599914550781,0.0
20260716,full_joint_loss,94,0.14150406599044763,0.592662638908195,0.02590169943869114,0.14004959166049957,0.5066666603088379,0.01761278696358204,161.02667236328125,479.5466613769531,0.0
20260716,full_joint_loss,95,0.14162452936172448,0.5849621139756629,0.025943737477064133,0.14004959166049957,0.5066666603088379,0.011347177438437939,161.02667236328125,479.5466613769531,0.0
20260716,full_joint_loss,96,0.13973052740097008,0.5773616427336179,0.026620524004101753,0.14004959166049957,0.5,0.009481273591518402,160.1199951171875,477.9599914550781,0.0
20260716,full_joint_loss,97,0.1368593287467953,0.5698599251744542,0.025943737477064133,0.14004959166049957,0.5066666603088379,0.012870199047029018,160.86666870117188,479.26666259765625,0.0
20260716,full_joint_loss,98,0.13601776361465417,0.562455678181695,0.02583364211022854,0.14004959166049957,0.5066666603088379,0.016805242747068405,161.18666076660156,479.82666015625,0.0
20260716,full_joint_loss,99,0.13394458770751916,0.555147635310524,0.025959370657801628,0.14004959166049957,0.5066666603088379,0.011692962609231472,160.81333923339844,479.17333984375,0.0
20260716,full_joint_loss,100,0.13201414823532068,0.5479345465711694,0.025904620066285133,0.14004959166049957,0.5066666603088379,0.011945772916078568,161.34666442871094,480.1066589355469,0.0
20260716,full_joint_loss,101,0.13107790708541833,0.5408151782151011,0.025904620066285133,0.14004959166049957,0.5066666603088379,0.01194465346634388,161.18666076660156,479.82666015625,0.0
20260716,full_joint_loss,102,0.12827128887176478,0.5337883125240072,0.025943737477064133,0.14004959166049957,0.5066666603088379,0.012117380276322365,160.86666870117188,479.26666259765625,0.0
20260716,full_joint_loss,103,0.1267117333412167,0.5268527476015116,0.024562183767557144,0.13532525300979614,0.5266666412353516,0.01597972773015499,163.42666625976562,483.7466735839844,0.0
20260716,full_joint_loss,104,0.1263470554351803,0.520007297167598,0.025904620066285133,0.14004959166049957,0.5066666603088379,0.011904577724635601,161.18666076660156,479.82666015625,0.0
20260716,full_joint_loss,105,0.1232420635223385,0.513250790355705,0.026063168421387672,0.14004959166049957,0.5066666603088379,0.011357997544109821,160.27999877929688,478.239990234375,0.0
20260716,full_joint_loss,106,0.12064528703689538,0.5065820715124574,0.024746673181653023,0.13532525300979614,0.5199999809265137,0.015851899981498718,163.05332946777344,483.09332275390625,0.0
20260716,full_joint_loss,107,0.11991454362869226,0.5,0.02587406523525715,0.14004959166049957,0.5066666603088379,0.013368331827223301,161.18666076660156,479.82666015625,0.0
20260716,full_joint_loss,108,0.11762568235397303,0.49350345000089935,0.02614990621805191,0.14004959166049957,0.5066666603088379,0.01119550596922636,161.02667236328125,479.5466613769531,0.0
20260716,full_joint_loss,109,0.11535929203033411,0.4870913103255803,0.02587406523525715,0.14004959166049957,0.5066666603088379,0.013294206000864506,161.02667236328125,479.5466613769531,0.0
20260716,full_joint_loss,110,0.11410176515579187,0.4807624842222651,0.02614990621805191,0.14004959166049957,0.5066666603088379,0.011244592256844044,161.02667236328125,479.5466613769531,0.0
20260716,full_joint_loss,111,0.11187845230102503,0.47451588918938153,0.02587406523525715,0.14004959166049957,0.5066666603088379,0.01183219626545906,161.02667236328125,479.5466613769531,0.0
20260716,full_joint_loss,112,0.11046173334121667,0.46835045679040843,0.0257370974868536,0.14004959166049957,0.5133333206176758,0.01392542477697134,161.77333068847656,480.85333251953125,0.0
20260716,full_joint_loss,113,0.1087768363952633,0.4622651324711274,0.02625647932291031,0.14004959166049957,0.5066666603088379,0.012112884782254696,161.18666076660156,479.82666015625,0.0
20260716,full_joint_loss,114,0.10747340202331505,0.4562588753792482,0.02614990621805191,0.14004959166049957,0.5066666603088379,0.011261303909122944,161.18666076660156,479.82666015625,0.0
20260716,full_joint_loss,115,0.1050762963294979,0.45033065818637874,0.02614990621805191,0.14004959166049957,0.5066666603088379,0.011813787743449211,161.02667236328125,479.5466613769531,0.0
20260716,full_joint_loss,116,0.103188369274139,0.4444794669123073,0.025034185498952866,0.13532525300979614,0.5199999809265137,0.013158663176000118,162.89332580566406,482.8133239746094,0.0
20260716,full_joint_loss,117,0.10176762819290121,0.43870430075156847,0.02607387863099575,0.14004959166049957,0.5133333206176758,0.012211662717163563,161.77333068847656,480.85333251953125,0.0
20260716,full_joint_loss,118,0.10055648565292317,0.4330041719022623,0.02502979338169098,0.13532525300979614,0.5199999809265137,0.01213596947491169,162.52000427246094,482.1600036621094,0.0
20260716,full_joint_loss,119,0.09929382324218708,0.42737810539709786,0.026422856375575066,0.14004959166049957,0.5,0.01045536994934082,161.02667236328125,479.5466613769531,0.0
20260716,full_joint_loss,120,0.09742219448089558,0.42182513893663154,0.026461973786354065,0.14004959166049957,0.5,0.010499399155378342,161.02667236328125,479.5466613769531,0.0
20260716,full_joint_loss,121,0.09577605247497516,0.4163443227246726,0.02618902176618576,0.14004959166049957,0.5066666603088379,0.011245950125157833,161.02667236328125,479.5466613769531,0.0
20260716,full_joint_loss,122,0.09241678237914996,0.4109347193058275,0.026146983727812767,0.14004959166049957,0.5066666603088379,0.013643757440149784,161.02667236328125,479.5466613769531,0.0
20260716,full_joint_loss,123,0.09318000555038411,0.40559540340515404,0.02485807053744793,0.13532525300979614,0.5266666412353516,0.012735613621771336,163.26666259765625,483.4666748046875,0.0
20260716,full_joint_loss,124,0.09002604246139485,0.4003254617699001,0.02676396630704403,0.14004959166049957,0.4933333396911621,0.008583402261137962,160.27999877929688,478.239990234375,0.0
20260716,full_joint_loss,125,0.08706456422805744,0.39512399301329765,0.02449146844446659,0.13532525300979614,0.5266666412353516,0.018443558365106583,164.3866729736328,485.4266662597656,0.0
20260716,full_joint_loss,126,0.0864996814727779,0.38999010746038726,0.026461973786354065,0.14004959166049957,0.5,0.011175645515322685,161.02667236328125,479.5466613769531,0.0
20260716,full_joint_loss,127,0.08196519851684528,0.3849229269958451,0.026461973786354065,0.14004959166049957,0.5,0.011204993352293968,161.02667236328125,479.5466613769531,0.0
20260716,full_joint_loss,128,0.08061098575591999,0.37992158491378775,0.024826068431138992,0.13532525300979614,0.5266666412353516,0.015838367864489555,162.89332580566406,482.8133239746094,0.0
20260716,full_joint_loss,129,0.0791274285316463,0.37498522576952775,0.02660541795194149,0.14004959166049957,0.4933333396911621,0.009827989153563976,161.02667236328125,479.5466613769531,0.0
20260716,full_joint_loss,130,0.0747620892524715,0.3701130052332562,0.026461973786354065,0.14004959166049957,0.5,0.010557656176388264,161.02667236328125,479.5466613769531,0.0
20260716,full_joint_loss,131,0.0735966634750362,0.36530408994562563,0.024667177349328995,0.13532525300979614,0.5266666412353516,0.015828846022486687,164.3866729736328,485.4266662597656,0.0
20260716,full_joint_loss,132,0.071448810100555,0.36055765737521017,0.026521969586610794,0.14004959166049957,0.4933333396911621,0.011581591330468655,161.18666076660156,479.82666015625,0.0
20260716,full_joint_loss,133,0.06847695112228351,0.3558728956778169,0.02621619775891304,0.14004959166049957,0.5066666603088379,0.01222909614443779,162.67999267578125,482.44000244140625,0.0
20260716,full_joint_loss,134,0.06652725934982258,0.3512490035576255,0.026396194472908974,0.14004959166049957,0.5,0.010363668203353882,162.14666748046875,481.50665283203125,0.0
20260716,full_joint_loss,135,0.06427805185317952,0.34668519013013266,0.026384713128209114,0.14004959166049957,0.5,0.011301125399768353,162.14666748046875,481.50665283203125,0.0
20260716,full_joint_loss,136,0.06225942850112873,0.3421806747868764,0.02612726204097271,0.14004959166049957,0.5066666603088379,0.012904027476906776,162.30667114257812,481.7866516113281,0.0
20260716,full_joint_loss,137,0.05981078863143878,0.3377346870619185,0.026479927822947502,0.14004959166049957,0.4933333396911621,0.011860113590955734,161.34666442871094,480.1066589355469,0.0
20260716,full_joint_loss,138,0.05744299411773639,0.3333464665000618,0.02518957108259201,0.13532525300979614,0.5133333206176758,0.011552313342690468,163.2133331298828,483.3733215332031,0.0
20260716,full_joint_loss,139,0.05522415876388506,0.3290152625267794,0.026337480172514915,0.14004959166049957,0.5,0.009294343180954456,161.55999755859375,480.4800109863281,0.0
20260716,full_joint_loss,140,0.05275164842605548,0.32474033431983446,0.024690672755241394,0.13523562252521515,0.5066666603088379,0.013431566767394543,164.17333984375,485.0533447265625,0.0
20260716,full_joint_loss,141,0.050193605422973214,0.32052095068256753,0.026325995102524757,0.14004959166049957,0.5,0.013304929248988628,161.55999755859375,480.4800109863281,0.0
20260716,full_joint_loss,142,0.04718559503555257,0.31635638991883036,0.024679187685251236,0.13523562252521515,0.5066666603088379,0.014455609023571014,164.17333984375,485.0533447265625,0.0
20260716,full_joint_loss,143,0.044649102687835285,0.312245939709545,0.023664046078920364,0.1294642984867096,0.5133333206176758,0.01264712493866682,164.54666137695312,485.7066650390625,0.0
20260716,full_joint_loss,144,0.04229238748550375,0.30818889699086655,0.025715364143252373,0.13992753624916077,0.5,0.012622340582311153,163.42666625976562,483.7466735839844,0.0
20260716,full_joint_loss,145,0.03984042406082114,0.30418456783392883,0.0241700429469347,0.13431231677532196,0.5199999809265137,0.012115753255784512,165.0800018310547,486.6400146484375,0.0
20260716,full_joint_loss,146,0.037446644306182456,0.30023226732615294,0.025490686297416687,0.13992753624916077,0.5,0.012133213691413403,163.53334045410156,483.9333190917969,0.0
20260716,full_joint_loss,147,0.03510346412658652,0.29633131945409746,0.025713592767715454,0.13992753624916077,0.5,0.01290117111057043,163.9600067138672,484.67999267578125,0.0
20260716,full_joint_loss,148,0.032395370006560884,0.29248105698783144,0.025703879073262215,0.13992753624916077,0.5,0.014299813657999039,163.586669921875,484.02667236328125,0.0
20260716,full_joint_loss,149,0.030062747001647558,0.2886808213668089,0.023585833609104156,0.13431231677532196,0.5400000214576721,0.019122138619422913,166.1999969482422,488.6000061035156,0.0
20260716,full_joint_loss,150,0.028149111270904144,0.2849299625872271,0.023367824032902718,0.13162130117416382,0.5333333611488342,0.013367773965001106,169.39999389648438,494.20001220703125,0.0
20260716,full_joint_loss,151,0.026892862319945882,0.2812278390908475,0.023068949580192566,0.12919120490550995,0.5266666412353516,0.009660094976425171,165.72000122070312,487.760009765625,0.0
20260716,full_joint_loss,152,0.02636388540267903,0.277573817655262,0.02290021814405918,0.12919120490550995,0.5333333611488342,0.01237273495644331,166.83999633789062,489.7200012207031,0.0
20260716,full_joint_loss,153,0.02356365442275959,0.2739672732855847,0.023486025631427765,0.1294642984867096,0.5199999809265137,0.01511359866708517,164.22666931152344,485.14666748046875,0.0
20260716,full_joint_loss,154,0.021661756038665343,0.2704075891075505,0.02210826240479946,0.12916971743106842,0.5400000214576721,0.017953943461179733,168.54666137695312,492.7066650390625,0.0
20260716,full_joint_loss,155,0.01983705282211262,0.2668941562620035,0.0250135138630867,0.13992753624916077,0.5133333206176758,0.012008932419121265,164.54666137695312,485.7066650390625,0.0
20260716,full_joint_loss,156,0.017725241184234204,0.26342637380075573,0.02568480744957924,0.13992753624916077,0.5,0.011966393329203129,163.42666625976562,483.7466735839844,0.0
20260716,full_joint_loss,157,0.013940532207488594,0.260003648583799,0.02433098666369915,0.13431231677532196,0.5133333206176758,0.017271364107728004,164.4933319091797,485.61334228515625,0.0
20260716,full_joint_loss,158,0.013004412651061588,0.25662539517785243,0.024613389745354652,0.13431231677532196,0.5133333206176758,0.014211548492312431,164.54666137695312,485.7066650390625,0.0
20260716,full_joint_loss,159,0.009310221672057691,0.2532910357562287,0.02639199234545231,0.14004959166049957,0.5,0.013099233619868755,161.6133270263672,480.5733337402344,0.0
20260716,full_joint_loss,160,0.008829042911529136,0.25,0.023429542779922485,0.13431231677532196,0.5400000214576721,0.01420945767313242,166.0933380126953,488.413330078125,0.0
20260717,detection_only,1,0.0,2.0,0.023846177384257317,0.11661507189273834,0.4933333396911621,0.007810859475284815,215.0,574.0,0.12109375
20260717,detection_only,2,0.0,1.9740138000035972,0.023318367078900337,0.11575507372617722,0.5,0.008171363733708858,215.0,574.0,0.12109375
20260717,detection_only,3,0.0,1.9483652413023211,0.022383825853466988,0.11710144579410553,0.5199999809265137,0.008788946084678173,215.0,574.0,0.12109375
20260717,detection_only,4,0.0,1.9230499368890603,0.02162734977900982,0.112871915102005,0.5133333206176758,0.009859361685812473,215.0,574.0,0.12109375
20260717,detection_only,5,0.0,1.898063556757526,0.021003924310207367,0.11409303545951843,0.5333333611488342,0.010960779152810574,215.0,574.0,0.12109375
20260717,detection_only,6,0.0,1.8734018271616335,0.021331405267119408,0.11334416270256042,0.5199999809265137,0.011646021157503128,215.0,574.0,0.12109375
20260717,detection_only,7,0.0,1.8490605298845093,0.02117355912923813,0.11334416270256042,0.5333333611488342,0.01118419785052538,215.0,574.0,0.12109375
20260717,detection_only,8,0.0,1.8250355015169928,0.021203143522143364,0.11334416270256042,0.5333333611488342,0.010551693849265575,215.0,574.0,0.12109375
20260717,detection_only,9,0.0,1.8013226327455147,0.020806707441806793,0.11326701194047928,0.5400000214576721,0.010058486834168434,215.0,574.0,0.12109375
20260717,detection_only,10,0.0,1.777917867649229,0.02120569720864296,0.11334416270256042,0.5400000214576721,0.009818837977945805,215.0,574.0,0.12109375
20260717,detection_only,11,0.0,1.7548172030062736,0.02149658277630806,0.11334416270256042,0.5266666412353516,0.009771577082574368,215.0,574.0,0.12109375
20260717,detection_only,12,0.0,1.732016687609049,0.021588914096355438,0.11334416270256042,0.5266666412353516,0.009753351099789143,215.0,574.0,0.12109375
20260717,detection_only,13,0.0,1.7095124215883912,0.020691337063908577,0.10859444737434387,0.5333333611488342,0.009623241610825062,215.0,574.0,0.12109375
20260717,detection_only,14,0.0,1.687300555746526,0.021464187651872635,0.11124005913734436,0.5333333611488342,0.009535510092973709,215.0,574.0,0.12109375
20260717,detection_only,15,0.0,1.6653772908986906,0.020188339054584503,0.10859444737434387,0.5333333611488342,0.009347055107355118,215.0,574.0,0.12109375
20260717,detection_only,16,0.0,1.6437388772233101,0.021873807534575462,0.11334416270256042,0.5066666603088379,0.008801653981208801,213.5066680908203,571.3866577148438,0.1159895658493042
20260717,detection_only,17,0.0,1.6223816136206164,0.02167852595448494,0.11334416270256042,0.5266666412353516,0.008907296694815159,212.3866729736328,569.4266967773438,0.11216151714324951
20260717,detection_only,18,0.0,1.6013018470796005,0.02216981165111065,0.11849171668291092,0.5266666412353516,0.008805262856185436,210.89332580566406,566.8133544921875,0.10705733299255371
20260717,detection_only,19,0.0,1.5804959720531906,0.021615715697407722,0.11849171668291092,0.5400000214576721,0.008908726274967194,210.14666748046875,565.5066528320312,0.10450518131256104
20260717,detection_only,20,0.0,1.559960429841549,0.022088130936026573,0.12079283595085144,0.5333333611488342,0.00882871076464653,207.16000366210938,560.280029296875,0.09429693222045898
20260717,detection_only,21,0.0,1.5396917079833807,0.022890036925673485,0.12079283595085144,0.5199999809265137,0.00851183757185936,205.2933349609375,557.0133056640625,0.08791661262512207
20260717,detection_only,22,0.0,1.5196863396551512,0.02270672656595707,0.12079283595085144,0.5199999809265137,0.008834612555801868,205.2933349609375,557.0133056640625,0.08791661262512207
20260717,detection_only,23,0.0,1.4999409030781112,0.02246440388262272,0.12079283595085144,0.5199999809265137,0.009080883115530014,205.6666717529297,557.6666870117188,0.08919274806976318
20260717,detection_only,24,0.0,1.4804520209330247,0.023117415606975555,0.12009245902299881,0.5199999809265137,0.009109176695346832,204.54666137695312,555.7066650390625,0.08536458015441895
20260717,detection_only,25,0.0,1.4612163597825027,0.0240743737667799,0.12545061111450195,0.5199999809265137,0.009208167903125286,203.42666625976562,553.7466430664062,0.08153641223907471
20260717,detection_only,26,0.0,1.442230629500841,0.022956864908337593,0.12009245902299881,0.5266666412353516,0.009524134919047356,203.8000030517578,554.4000244140625,0.08281254768371582
20260717,detection_only,27,0.0,1.4234915827112675,0.023898784071207047,0.12545061111450195,0.5199999809265137,0.009487160481512547,201.93333435058594,551.1333618164062,0.07643234729766846
20260717,detection_only,28,0.0,1.404996014230502,0.02386595495045185,0.12545061111450195,0.5199999809265137,0.009794280864298344,198.94667053222656,545.9066772460938,0.06622397899627686
20260717,detection_only,29,0.0,1.3867407605205309,0.023820342496037483,0.12545061111450195,0.5266666412353516,0.009642050601541996,198.94667053222656,545.9066772460938,0.06622397899627686
20260717,detection_only,30,0.0,1.3687226991475059,0.025319213047623634,0.12967024743556976,0.5133333206176758,0.010200053453445435,193.34666442871094,536.106689453125,0.047083377838134766
20260717,detection_only,31,0.0,1.350938748247674,0.025168396532535553,0.12689198553562164,0.5133333206176758,0.010158179327845573,194.83999633789062,538.719970703125,0.052187442779541016
20260717,detection_only,32,0.0,1.333385866000247,0.024690987542271614,0.1280435174703598,0.5333333611488342,0.010203761979937553,191.85333251953125,533.4933471679688,0.041979193687438965
20260717,detection_only,33,0.0,1.3160610501071175,0.0262126587331295,0.13020619750022888,0.5199999809265137,0.01014839019626379,190.36000061035156,530.8800048828125,0.036875009536743164
20260717,detection_only,34,0.0,1.2989613372793378,0.024992579594254494,0.13144251704216003,0.5266666412353516,0.010076895356178284,188.1199951171875,526.9600219726562,0.02921879291534424
20260717,detection_only,35,0.0,1.2820838027302701,0.02606639452278614,0.13086776435375214,0.5199999809265137,0.010491175577044487,189.98666381835938,530.2266845703125,0.0355989933013916
20260717,detection_only,36,0.0,1.2654255596753214,0.02581867389380932,0.1327618509531021,0.5133333206176758,0.009334348142147064,182.14666748046875,516.5066528320312,0.008802056312561035
20260717,detection_only,37,0.0,1.24898375883818,0.025103086605668068,0.1327618509531021,0.5266666412353516,0.010476158000528812,188.1199951171875,526.9600219726562,0.02921879291534424
20260717,detection_only,38,0.0,1.2327555879634662,0.025103086605668068,0.1327618509531021,0.5266666412353516,0.010010283440351486,186.25332641601562,523.693359375,0.022838592529296875
20260717,detection_only,39,0.0,1.2167382713357153,0.025293860584497452,0.1327618509531021,0.5199999809265137,0.009979244321584702,185.5066680908203,522.3866577148438,0.0202864408493042
20260717,detection_only,40,0.0,1.2009290693046117,0.02526765689253807,0.1327618509531021,0.5199999809265137,0.00948021374642849,181.02667236328125,514.5466918945312,0.004974007606506348
20260717,detection_only,41,0.0,1.18532527781639,0.02511969953775406,0.1327618509531021,0.5266666412353516,0.01090326625853777,187.0,525.0,0.025390625
20260717,detection_only,42,0.0,1.1699242279513258,0.025421705096960068,0.1327618509531021,0.5199999809265137,0.009666268713772297,181.77333068847656,515.8533325195312,0.007526040077209473
20260717,detection_only,43,0.0,1.1547232854672358,0.02462029829621315,0.1327618509531021,0.5066666603088379,0.008956394158303738,170.1999969482422,495.6000061035156,0.0
20260717,detection_only,44,0.0,1.1397198503489083,0.02547598071396351,0.1327618509531021,0.5133333206176758,0.009327122010290623,179.53334045410156,511.9333190917969,0.0
20260717,detection_only,45,0.0,1.12491135636339,0.02571161463856697,0.1327618509531021,0.5199999809265137,0.010636412538588047,185.8800048828125,523.0399780273438,0.02156245708465576
20260717,detection_only,46,0.0,1.110295270621048,0.02581867389380932,0.1327618509531021,0.5133333206176758,0.00966509897261858,181.77333068847656,515.8533325195312,0.007526040077209473
20260717,detection_only,47,0.0,1.0958690931423387,0.024783648550510406,0.1327618509531021,0.5,0.008808285929262638,168.7066650390625,492.9866638183594,0.0
20260717,detection_only,48,0.0,1.0816303564302021,0.026066290214657784,0.1336051970720291,0.5133333206176758,0.009843277744948864,181.77333068847656,515.8533325195312,0.007526040077209473
20260717,detection_only,49,0.0,1.0675766250480143,0.02528407983481884,0.1327618509531021,0.5199999809265137,0.009846744127571583,181.02667236328125,514.5466918945312,0.004974007606506348
20260717,detection_only,50,0.0,1.0537054952030231,0.02789219841361046,0.14527514576911926,0.47999998927116394,0.009102817624807358,159.0,476.0,0.0
20260717,detection_only,51,0.0,1.040014594335196,0.024239305406808853,0.1327618509531021,0.5133333206176758,0.00930950976908207,174.30667114257812,502.7866516113281,0.0
20260717,detection_only,52,0.0,1.02650158071141,0.024430736899375916,0.1327618509531021,0.5133333206176758,0.009384631179273129,176.54666137695312,506.7066650390625,0.0
20260717,detection_only,53,0.0,1.0131641430249148,0.02462029829621315,0.1327618509531021,0.5066666603088379,0.009065244346857071,169.82666015625,494.9466552734375,0.0
20260717,detection_only,54,0.0,1.0,0.02639112062752247,0.13726729154586792,0.4866666793823242,0.009050740860402584,160.1199951171875,477.9599914550781,0.0
20260717,detection_only,55,0.0,0.9870069000017987,0.0242142416536808,0.1327618509531021,0.5133333206176758,0.00944469589740038,173.18666076660156,500.82666015625,0.0
20260717,detection_only,56,0.0,0.9741826206511606,0.02789219841361046,0.14527514576911926,0.47999998927116394,0.009102817624807358,159.0,476.0,0.0
20260717,detection_only,57,0.0,0.9615249684445302,0.02747616171836853,0.14527514576911926,0.4866666793823242,0.009092763997614384,159.3733367919922,476.6533203125,0.0
20260717,detection_only,58,0.0,0.949031778378763,0.02789219841361046,0.14527514576911926,0.47999998927116394,0.009102817624807358,159.0,476.0,0.0
20260717,detection_only,59,0.0,0.9367009135808169,0.02789219841361046,0.14527514576911926,0.47999998927116394,0.009102817624807358,159.0,476.0,0.0
20260717,detection_only,60,0.0,0.9245302649422548,0.02789219841361046,0.14527514576911926,0.47999998927116394,0.009102817624807358,159.0,476.0,0.0
20260717,detection_only,61,0.0,0.9125177507584963,0.02789219841361046,0.14527514576911926,0.47999998927116394,0.009102817624807358,159.0,476.0,0.0
20260717,detection_only,62,0.0,0.9006613163727574,0.027748756110668182,0.14527514576911926,0.4866666793823242,0.00977267138659954,159.0,476.0,0.0
20260717,detection_only,63,0.0,0.8889589338246144,0.02789219841361046,0.14527514576911926,0.47999998927116394,0.009102817624807358,159.0,476.0,0.0
20260717,detection_only,64,0.0,0.8774086015031368,0.027748756110668182,0.14527514576911926,0.4866666793823242,0.00977267138659954,159.0,476.0,0.0
20260717,detection_only,65,0.0,0.8660083438045245,0.02789219841361046,0.14527514576911926,0.47999998927116394,0.009102817624807358,159.0,476.0,0.0
20260717,detection_only,66,0.0,0.8547562107941956,0.02789219841361046,0.14527514576911926,0.47999998927116394,0.009102817624807358,159.0,476.0,0.0
20260717,detection_only,67,0.0,0.8436502778732629,0.027748756110668182,0.14527514576911926,0.4866666793823242,0.00977267138659954,159.0,476.0,0.0
20260717,detection_only,68,0.0,0.8326886454493452,0.027748756110668182,0.14527514576911926,0.4866666793823242,0.00977267138659954,159.0,476.0,0.0
20260717,detection_only,69,0.0,0.8218694386116551,0.02789219841361046,0.14527514576911926,0.47999998927116394,0.009102817624807358,159.0,476.0,0.0
20260717,detection_only,70,0.0,0.8111908068103082,0.027748756110668182,0.14527514576911926,0.4866666793823242,0.00977267138659954,159.0,476.0,0.0
20260717,detection_only,71,0.0,0.8006509235398003,0.027748756110668182,0.14527514576911926,0.4866666793823242,0.00977267138659954,159.0,476.0,0.0
20260717,detection_only,72,0.0,0.7902479860265953,0.02789219841361046,0.14527514576911926,0.47999998927116394,0.009102817624807358,159.0,476.0,0.0
20260717,detection_only,73,0.0,0.7799802149207745,0.027475805953145027,0.14527514576911926,0.4933333396911621,0.01117923203855753,159.0,476.0,0.0
20260717,detection_only,74,0.0,0.7698458539916904,0.02789219841361046,0.14527514576911926,0.47999998927116394,0.009102817624807358,159.0,476.0,0.0
20260717,detection_only,75,0.0,0.7598431698275756,0.02789219841361046,0.14527514576911926,0.47999998927116394,0.009102817624807358,159.0,476.0,0.0
20260717,detection_only,76,0.0,0.7499704515390556,0.027475805953145027,0.14527514576911926,0.4933333396911621,0.010487218387424946,159.0,476.0,0.0
20260717,detection_only,77,0.0,0.7402260104665124,0.027475805953145027,0.14527514576911926,0.4933333396911621,0.01117923203855753,159.0,476.0,0.0
20260717,detection_only,78,0.0,0.7306081798912514,0.02789219841361046,0.14527514576911926,0.47999998927116394,0.009102817624807358,159.0,476.0,0.0
20260717,detection_only,79,0.0,0.7211153147504205,0.02789219841361046,0.14527514576911926,0.47999998927116394,0.009102817624807358,159.0,476.0,0.0
20260717,detection_only,80,0.0,0.7117457913556338,0.02789219841361046,0.14527514576911926,0.47999998927116394,0.009102817624807358,159.0,476.0,0.0
20260717,detection_only,81,0.0,0.702498007115251,0.027619248256087303,0.14527514576911926,0.4866666793823242,0.010509379208087921,159.0,476.0,0.0
20260717,detection_only,82,0.0,0.6933703802602654,0.027430381625890732,0.14527514576911926,0.5,0.010789211839437485,159.3733367919922,476.6533203125,0.0
20260717,detection_only,83,0.0,0.6843613495737529,0.02789219841361046,0.14527514576911926,0.47999998927116394,0.009102817624807358,159.0,476.0,0.0
20260717,detection_only,84,0.0,0.6754693741238371,0.027846775949001312,0.14527514576911926,0.4866666793823242,0.00828501395881176,159.74667358398438,477.3066711425781,0.0
20260717,detection_only,85,0.0,0.6666929330001236,0.02789219841361046,0.14527514576911926,0.47999998927116394,0.009102817624807358,159.0,476.0,0.0
20260717,detection_only,86,0.0,0.6580305250535589,0.027619248256087303,0.14527514576911926,0.4866666793823242,0.009817365556955338,159.0,476.0,0.0
20260717,detection_only,87,0.0,0.649480668639669,0.027475805953145027,0.14527514576911926,0.4933333396911621,0.01117923203855753,159.0,476.0,0.0
20260717,detection_only,88,0.0,0.6410419013651351,0.027619248256087303,0.14527514576911926,0.4866666793823242,0.010509379208087921,159.0,476.0,0.0
20260717,detection_only,89,0.0,0.6327127798376607,0.02789219841361046,0.14527514576911926,0.47999998927116394,0.009102817624807358,159.0,476.0,0.0
20260717,detection_only,90,0.0,0.62449187941909,0.027573823928833008,0.14527514576911926,0.4933333396911621,0.009013036265969276,159.74667358398438,477.3066711425781,0.0
20260717,detection_only,91,0.0,0.6163777939817331,0.027619248256087303,0.14527514576911926,0.4866666793823242,0.009817365556955338,159.0,476.0,0.0
20260717,detection_only,92,0.0,0.6083691356678577,0.027619248256087303,0.14527514576911926,0.4866666793823242,0.010509379208087921,159.0,476.0,0.0
20260717,detection_only,93,0.0,0.6004645346523059,0.027619248256087303,0.14527514576911926,0.4866666793823242,0.010509379208087921,159.0,476.0,0.0
20260717,detection_only,94,0.0,0.592662638908195,0.02789219841361046,0.14527514576911926,0.47999998927116394,0.009102817624807358,159.0,476.0,0.0
20260717,detection_only,95,0.0,0.5849621139756629,0.02789219841361046,0.14527514576911926,0.47999998927116394,0.009102817624807358,159.0,476.0,0.0
20260717,detection_only,96,0.0,0.5773616427336179,0.02789219841361046,0.14527514576911926,0.47999998927116394,0.009102817624807358,159.0,476.0,0.0
20260717,detection_only,97,0.0,0.5698599251744542,0.027619248256087303,0.14527514576911926,0.4866666793823242,0.009817365556955338,159.0,476.0,0.0
20260717,detection_only,98,0.0,0.562455678181695,0.027439599856734276,0.14527514576911926,0.4933333396911621,0.012141951359808445,159.0,476.0,0.0
20260717,detection_only,99,0.0,0.555147635310524,0.02789219841361046,0.14527514576911926,0.47999998927116394,0.009184559807181358,159.3733367919922,476.6533203125,0.0
20260717,detection_only,100,0.0,0.5479345465711694,0.02789219841361046,0.14527514576911926,0.47999998927116394,0.009184039197862148,159.3733367919922,476.6533203125,0.0
20260717,detection_only,101,0.0,0.5408151782151011,0.027846775949001312,0.14527514576911926,0.4866666793823242,0.008404714055359364,160.4933319091797,478.61334228515625,0.0
20260717,detection_only,102,0.0,0.5337883125240072,0.02789219841361046,0.14527514576911926,0.47999998927116394,0.009102817624807358,159.0,476.0,0.0
20260717,detection_only,103,0.0,0.5268527476015116,0.027451086789369583,0.14527514576911926,0.4933333396911621,0.010761100798845291,159.74667358398438,477.3066711425781,0.0
20260717,detection_only,104,0.0,0.520007297167598,0.02789219841361046,0.14527514576911926,0.47999998927116394,0.009102817624807358,159.0,476.0,0.0
20260717,detection_only,105,0.0,0.513250790355705,0.02789219841361046,0.14527514576911926,0.47999998927116394,0.009102817624807358,159.0,476.0,0.0
20260717,detection_only,106,0.0,0.5065820715124574,0.02789219841361046,0.14527514576911926,0.47999998927116394,0.009187555871903896,159.3733367919922,476.6533203125,0.0
20260717,detection_only,107,0.0,0.5,0.02789219841361046,0.14527514576911926,0.47999998927116394,0.009102817624807358,159.0,476.0,0.0
20260717,detection_only,108,0.0,0.49350345000089935,0.02789219841361046,0.14527514576911926,0.47999998927116394,0.009926044382154942,159.74667358398438,477.3066711425781,0.0
20260717,detection_only,109,0.0,0.4870913103255803,0.02789219841361046,0.14527514576911926,0.47999998927116394,0.009231519885361195,159.74667358398438,477.3066711425781,0.0
20260717,detection_only,110,0.0,0.4807624842222651,0.02789219841361046,0.14527514576911926,0.47999998927116394,0.00922689400613308,159.74667358398438,477.3066711425781,0.0
20260717,detection_only,111,0.0,0.47451588918938153,0.02771255187690258,0.14527514576911926,0.4866666793823242,0.010862086899578571,159.74667358398438,477.3066711425781,0.0
20260717,detection_only,112,0.0,0.46835045679040843,0.02771255187690258,0.14527514576911926,0.4866666793823242,0.010818067006766796,159.3733367919922,476.6533203125,0.0
20260717,detection_only,113,0.0,0.4622651324711274,0.027835289016366005,0.14527514576911926,0.4866666793823242,0.009646833874285221,160.1199951171875,477.9599914550781,0.0
20260717,detection_only,114,0.0,0.4562588753792482,0.02789219841361046,0.14527514576911926,0.47999998927116394,0.009182168170809746,159.3733367919922,476.6533203125,0.0
20260717,detection_only,115,0.0,0.45033065818637874,0.027667127549648285,0.14527514576911926,0.4933333396911621,0.010053769685328007,160.4933319091797,478.61334228515625,0.0
20260717,detection_only,116,0.0,0.4444794669123073,0.0278807133436203,0.14527514576911926,0.47999998927116394,0.010047038085758686,159.74667358398438,477.3066711425781,0.0
20260717,detection_only,117,0.0,0.43870430075156847,0.02789219841361046,0.14527514576911926,0.47999998927116394,0.009102817624807358,159.0,476.0,0.0
20260717,detection_only,118,0.0,0.4330041719022623,0.0278807133436203,0.14527514576911926,0.47999998927116394,0.010051739402115345,159.74667358398438,477.3066711425781,0.0
20260717,detection_only,119,0.0,0.42737810539709786,0.02771255187690258,0.14527514576911926,0.4866666793823242,0.01155940257012844,159.74667358398438,477.3066711425781,0.0
20260717,detection_only,120,0.0,0.42182513893663154,0.02675248123705387,0.14004959166049957,0.4933333396911621,0.009166070260107517,160.86666870117188,479.26666259765625,0.0
20260717,detection_only,121,0.0,0.4163443227246726,0.027846775949001312,0.14527514576911926,0.4866666793823242,0.008362263441085815,160.4933319091797,478.61334228515625,0.0
20260717,detection_only,122,0.0,0.4109347193058275,0.02675248123705387,0.14004959166049957,0.4933333396911621,0.0091526098549366,160.86666870117188,479.26666259765625,0.0
20260717,detection_only,123,0.0,0.40559540340515404,0.02771255187690258,0.14527514576911926,0.4866666793823242,0.010866937227547169,159.74667358398438,477.3066711425781,0.0
20260717,detection_only,124,0.0,0.4003254617699001,0.027667127549648285,0.14527514576911926,0.4933333396911621,0.010472394526004791,160.1199951171875,477.9599914550781,0.0
20260717,detection_only,125,0.0,0.39512399301329765,0.0278807133436203,0.14527514576911926,0.47999998927116394,0.00992466788738966,159.0,476.0,0.0
20260717,detection_only,126,0.0,0.38999010746038726,0.02658431977033615,0.14004959166049957,0.5,0.009905416518449783,160.1199951171875,477.9599914550781,0.0
20260717,detection_only,127,0.0,0.3849229269958451,0.0278807133436203,0.14527514576911926,0.47999998927116394,0.00992466788738966,159.0,476.0,0.0
20260717,detection_only,128,0.0,0.37992158491378775,0.02675248123705387,0.14004959166049957,0.4933333396911621,0.00909458752721548,160.4933319091797,478.61334228515625,0.0
20260717,detection_only,129,0.0,0.37498522576952775,0.02658431977033615,0.14004959166049957,0.5,0.009858550503849983,160.1199951171875,477.9599914550781,0.0
20260717,detection_only,130,0.0,0.3701130052332562,0.027835289016366005,0.14527514576911926,0.4866666793823242,0.009513688273727894,159.3733367919922,476.6533203125,0.0
20260717,detection_only,131,0.0,0.36530408994562563,0.02658431977033615,0.14004959166049957,0.5,0.00986883882433176,160.1199951171875,477.9599914550781,0.0
20260717,detection_only,132,0.0,0.36055765737521017,0.027846775949001312,0.14527514576911926,0.4866666793823242,0.008691761642694473,159.3733367919922,476.6533203125,0.0
20260717,detection_only,133,0.0,0.3558728956778169,0.02675248123705387,0.14004959166049957,0.4933333396911621,0.009056738577783108,160.1199951171875,477.9599914550781,0.0
20260717,detection_only,134,0.0,0.3512490035576255,0.02675248123705387,0.14004959166049957,0.4933333396911621,0.009037314914166927,160.1199951171875,477.9599914550781,0.0
20260717,detection_only,135,0.0,0.34668519013013266,0.02675248123705387,0.14004959166049957,0.4933333396911621,0.009059024043381214,160.1199951171875,477.9599914550781,0.0
20260717,detection_only,136,0.0,0.3421806747868764,0.02675248123705387,0.14004959166049957,0.4933333396911621,0.009034316055476665,160.1199951171875,477.9599914550781,0.0
20260717,detection_only,137,0.0,0.3377346870619185,0.02658431977033615,0.14004959166049957,0.5,0.010036475025117397,160.1199951171875,477.9599914550781,0.0
20260717,detection_only,138,0.0,0.3333464665000618,0.02675248123705387,0.14004959166049957,0.4933333396911621,0.009023861959576607,160.1199951171875,477.9599914550781,0.0
20260717,detection_only,139,0.0,0.3290152625267794,0.02675248123705387,0.14004959166049957,0.4933333396911621,0.009024292230606079,160.1199951171875,477.9599914550781,0.0
20260717,detection_only,140,0.0,0.32474033431983446,0.02675248123705387,0.14004959166049957,0.4933333396911621,0.009053190238773823,160.1199951171875,477.9599914550781,0.0
20260717,detection_only,141,0.0,0.32052095068256753,0.02675248123705387,0.14004959166049957,0.4933333396911621,0.009056482464075089,160.1199951171875,477.9599914550781,0.0
20260717,detection_only,142,0.0,0.31635638991883036,0.02675248123705387,0.14004959166049957,0.4933333396911621,0.00907993596047163,160.1199951171875,477.9599914550781,0.0
20260717,detection_only,143,0.0,0.312245939709545,0.02675248123705387,0.14004959166049957,0.4933333396911621,0.009031862020492554,160.1199951171875,477.9599914550781,0.0
20260717,detection_only,144,0.0,0.30818889699086655,0.026648683473467827,0.14004959166049957,0.4933333396911621,0.009395969100296497,160.86666870117188,479.26666259765625,0.0
20260717,detection_only,145,0.0,0.30418456783392883,0.02675248123705387,0.14004959166049957,0.4933333396911621,0.009009276516735554,160.1199951171875,477.9599914550781,0.0
20260717,detection_only,146,0.0,0.30023226732615294,0.026648683473467827,0.14004959166049957,0.4933333396911621,0.009388911537826061,160.86666870117188,479.26666259765625,0.0
20260717,detection_only,147,0.0,0.29633131945409746,0.02675248123705387,0.14004959166049957,0.4933333396911621,0.0090324142947793,160.1199951171875,477.9599914550781,0.0
20260717,detection_only,148,0.0,0.29248105698783144,0.02675248123705387,0.14004959166049957,0.4933333396911621,0.009209450334310532,160.1199951171875,477.9599914550781,0.0
20260717,detection_only,149,0.0,0.2886808213668089,0.02675248123705387,0.14004959166049957,0.4933333396911621,0.009003585204482079,160.1199951171875,477.9599914550781,0.0
20260717,detection_only,150,0.0,0.2849299625872271,0.026648683473467827,0.14004959166049957,0.4933333396911621,0.009191878139972687,160.86666870117188,479.26666259765625,0.0
20260717,detection_only,151,0.0,0.2812278390908475,0.02675248123705387,0.14004959166049957,0.4933333396911621,0.009044225327670574,160.4933319091797,478.61334228515625,0.0
20260717,detection_only,152,0.0,0.277573817655262,0.026648683473467827,0.14004959166049957,0.4933333396911621,0.009367452934384346,160.86666870117188,479.26666259765625,0.0
20260717,detection_only,153,0.0,0.2739672732855847,0.02675248123705387,0.14004959166049957,0.4933333396911621,0.009017089381814003,160.1199951171875,477.9599914550781,0.0
20260717,detection_only,154,0.0,0.2704075891075505,0.026648683473467827,0.14004959166049957,0.4933333396911621,0.009233998134732246,160.86666870117188,479.26666259765625,0.0
20260717,detection_only,155,0.0,0.2668941562620035,0.026648683473467827,0.14004959166049957,0.4933333396911621,0.009187527000904083,160.86666870117188,479.26666259765625,0.0
20260717,detection_only,156,0.0,0.26342637380075573,0.026648683473467827,0.14004959166049957,0.4933333396911621,0.009167063981294632,160.86666870117188,479.26666259765625,0.0
20260717,detection_only,157,0.0,0.260003648583799,0.02675248123705387,0.14004959166049957,0.4933333396911621,0.00969760213047266,160.1199951171875,477.9599914550781,0.0
20260717,detection_only,158,0.0,0.25662539517785243,0.02668551169335842,0.14004959166049957,0.4933333396911621,0.012597614899277687,160.86666870117188,479.26666259765625,0.0
20260717,detection_only,159,0.0,0.2532910357562287,0.026660168543457985,0.14004959166049957,0.4933333396911621,0.008380507118999958,160.86666870117188,479.26666259765625,0.0
20260717,detection_only,160,0.0,0.25,0.02676396630704403,0.14004959166049957,0.4933333396911621,0.008178699761629105,160.1199951171875,477.9599914550781,0.0
20260717,detection_plus_rate,1,0.0011030960083007635,2.0,0.023846177384257317,0.11661507189273834,0.4933333396911621,0.007810859475284815,215.0,574.0,0.12109375
20260717,detection_plus_rate,2,0.0026550912857055574,1.9740138000035972,0.023318367078900337,0.11575507372617722,0.5,0.008171363733708858,215.0,574.0,0.12109375
20260717,detection_plus_rate,3,0.004928221702575675,1.9483652413023211,0.022383825853466988,0.11710144579410553,0.5199999809265137,0.008788138628005981,215.0,574.0,0.12109375
20260717,detection_plus_rate,4,0.00826216697692872,1.9230499368890603,0.02162734977900982,0.112871915102005,0.5133333206176758,0.009857998229563236,215.0,574.0,0.12109375
20260717,detection_plus_rate,5,0.01281226634979249,1.898063556757526,0.021003924310207367,0.11409303545951843,0.5333333611488342,0.010958806611597538,215.0,574.0,0.12109375
20260717,detection_plus_rate,6,0.018494515419006374,1.8734018271616335,0.021331405267119408,0.11334416270256042,0.5199999809265137,0.011644165962934494,215.0,574.0,0.12109375
20260717,detection_plus_rate,7,0.024802727699279804,1.8490605298845093,0.02117355912923813,0.11334416270256042,0.5333333611488342,0.011181319132447243,215.0,574.0,0.12109375
20260717,detection_plus_rate,8,0.031150760650634803,1.8250355015169928,0.021203143522143364,0.11334416270256042,0.5333333611488342,0.010567179881036282,215.0,574.0,0.12109375
20260717,detection_plus_rate,9,0.037353320121765156,1.8013226327455147,0.021220099180936813,0.11334416270256042,0.5333333611488342,0.010103916749358177,215.0,574.0,0.12109375
20260717,detection_plus_rate,10,0.04341449260711672,1.777917867649229,0.020791804417967796,0.11326701194047928,0.54666668176651,0.009970450773835182,215.0,574.0,0.12109375
20260717,detection_plus_rate,11,0.04937878608703614,1.7548172030062736,0.021116074174642563,0.11326701194047928,0.5333333611488342,0.010052911005914211,215.0,574.0,0.12109375
20260717,detection_plus_rate,12,0.05522315502166748,1.732016687609049,0.021291198208928108,0.11334416270256042,0.5266666412353516,0.010335496626794338,215.0,574.0,0.12109375
20260717,detection_plus_rate,13,0.06066449642181398,1.7095124215883912,0.022083498537540436,0.11334416270256042,0.5133333206176758,0.009954079985618591,212.3866729736328,569.4266967773438,0.11216151714324951
20260717,detection_plus_rate,14,0.06538379669189456,1.687300555746526,0.026372121647000313,0.13726729154586792,0.4866666793823242,0.008915676735341549,161.98666381835938,481.2266540527344,0.0
20260717,detection_plus_rate,15,0.06900784492492679,1.6653772908986906,0.02789219841361046,0.14527514576911926,0.47999998927116394,0.009102817624807358,159.0,476.0,0.0
20260717,detection_plus_rate,16,0.07117796897888186,1.6437388772233101,0.02789219841361046,0.14527514576911926,0.47999998927116394,0.009102817624807358,159.0,476.0,0.0
20260717,detection_plus_rate,17,0.0723778820037842,1.6223816136206164,0.02789219841361046,0.14527514576911926,0.47999998927116394,0.009102817624807358,159.0,476.0,0.0
20260717,detection_plus_rate,18,0.07272424936294555,1.6013018470796005,0.02789219841361046,0.14527514576911926,0.47999998927116394,0.009102817624807358,159.0,476.0,0.0
20260717,detection_plus_rate,19,0.07263056516647337,1.5804959720531906,0.027748756110668182,0.14527514576911926,0.4866666793823242,0.00977267138659954,159.0,476.0,0.0
20260717,detection_plus_rate,20,0.07196481704711913,1.559960429841549,0.027748756110668182,0.14527514576911926,0.4866666793823242,0.00977267138659954,159.0,476.0,0.0
20260717,detection_plus_rate,21,0.07004279613494871,1.5396917079833807,0.027748756110668182,0.14527514576911926,0.4866666793823242,0.01046468410640955,159.0,476.0,0.0
20260717,detection_plus_rate,22,0.06804199457168576,1.5196863396551512,0.027503468096256256,0.14527514576911926,0.4866666793823242,0.011052730493247509,159.0,476.0,0.0
20260717,detection_plus_rate,23,0.06653771638870236,1.4999409030781112,0.027748756110668182,0.14527514576911926,0.4866666793823242,0.00977267138659954,159.0,476.0,0.0
20260717,detection_plus_rate,24,0.06550176620483394,1.4804520209330247,0.027748756110668182,0.14527514576911926,0.4866666793823242,0.01046468410640955,159.0,476.0,0.0
20260717,detection_plus_rate,25,0.06369478940963742,1.4612163597825027,0.027748756110668182,0.14527514576911926,0.4866666793823242,0.01046468410640955,159.0,476.0,0.0
20260717,detection_plus_rate,26,0.06208361864089962,1.442230629500841,0.027748756110668182,0.14527514576911926,0.4866666793823242,0.01046468410640955,159.0,476.0,0.0
20260717,detection_plus_rate,27,0.061003656387329054,1.4234915827112675,0.027748756110668182,0.14527514576911926,0.4866666793823242,0.01046468410640955,159.0,476.0,0.0
20260717,detection_plus_rate,28,0.0602789211273193,1.404996014230502,0.027748756110668182,0.14527514576911926,0.4866666793823242,0.00977267138659954,159.0,476.0,0.0
20260717,detection_plus_rate,29,0.05936164379119869,1.3867407605205309,0.027748756110668182,0.14527514576911926,0.4866666793823242,0.01046468410640955,159.0,476.0,0.0
20260717,detection_plus_rate,30,0.05787905931472775,1.3687226991475059,0.027748756110668182,0.14527514576911926,0.4866666793823242,0.01046468410640955,159.0,476.0,0.0
20260717,detection_plus_rate,31,0.056448984146118125,1.350938748247674,0.027748756110668182,0.14527514576911926,0.4866666793823242,0.01046468410640955,159.0,476.0,0.0
20260717,detection_plus_rate,32,0.05582767009735104,1.333385866000247,0.027748756110668182,0.14527514576911926,0.4866666793823242,0.01046468410640955,159.0,476.0,0.0
20260717,detection_plus_rate,33,0.055337631702423055,1.3160610501071175,0.027748756110668182,0.14527514576911926,0.4866666793823242,0.00977267138659954,159.0,476.0,0.0
20260717,detection_plus_rate,34,0.05380178689956661,1.2989613372793378,0.027503468096256256,0.14527514576911926,0.4866666793823242,0.011052730493247509,159.0,476.0,0.0
20260717,detection_plus_rate,35,0.05212776184082027,1.2820838027302701,0.0272305179387331,0.14527514576911926,0.4933333396911621,0.011767279356718063,159.0,476.0,0.0
20260717,detection_plus_rate,36,0.05147106885910029,1.2654255596753214,0.027748756110668182,0.14527514576911926,0.4866666793823242,0.00977267138659954,159.0,476.0,0.0
20260717,detection_plus_rate,37,0.051259887218475304,1.24898375883818,0.027748756110668182,0.14527514576911926,0.4866666793823242,0.00977267138659954,159.0,476.0,0.0
20260717,detection_plus_rate,38,0.05059902906417842,1.2327555879634662,0.027748756110668182,0.14527514576911926,0.4866666793823242,0.01046468410640955,159.0,476.0,0.0
20260717,detection_plus_rate,39,0.049263575077056844,1.2167382713357153,0.0272305179387331,0.14527514576911926,0.4933333396911621,0.011767279356718063,159.0,476.0,0.0
20260717,detection_plus_rate,40,0.0478702902793884,1.2009290693046117,0.027503468096256256,0.14527514576911926,0.4866666793823242,0.011052730493247509,159.0,476.0,0.0
20260717,detection_plus_rate,41,0.04700501680374142,1.18532527781639,0.027748756110668182,0.14527514576911926,0.4866666793823242,0.01046468410640955,159.0,476.0,0.0
20260717,detection_plus_rate,42,0.046740863323211625,1.1699242279513258,0.027748756110668182,0.14527514576911926,0.4866666793823242,0.01046468410640955,159.0,476.0,0.0
20260717,detection_plus_rate,43,0.045987825393676705,1.1547232854672358,0.027748756110668182,0.14527514576911926,0.4866666793823242,0.00977267138659954,159.0,476.0,0.0
20260717,detection_plus_rate,44,0.044140753746032664,1.1397198503489083,0.027503468096256256,0.14527514576911926,0.4866666793823242,0.011052730493247509,159.0,476.0,0.0
20260717,detection_plus_rate,45,0.04222080945968623,1.12491135636339,0.027219031006097794,0.14527514576911926,0.4933333396911621,0.01258912868797779,159.0,476.0,0.0
20260717,detection_plus_rate,46,0.04226166963577267,1.110295270621048,0.027748756110668182,0.14527514576911926,0.4866666793823242,0.00977267138659954,159.0,476.0,0.0
20260717,detection_plus_rate,47,0.042725751399993864,1.0958690931423387,0.02789219841361046,0.14527514576911926,0.47999998927116394,0.009102817624807358,159.0,476.0,0.0
20260717,detection_plus_rate,48,0.04253909587860103,1.0816303564302021,0.02789219841361046,0.14527514576911926,0.47999998927116394,0.009102817624807358,159.0,476.0,0.0
20260717,detection_plus_rate,49,0.043075017929077086,1.0675766250480143,0.027748756110668182,0.14527514576911926,0.4866666793823242,0.01046468410640955,159.0,476.0,0.0
20260717,detection_plus_rate,50,0.042827446460723805,1.0537054952030231,0.027748756110668182,0.14527514576911926,0.4866666793823242,0.01046468410640955,159.0,476.0,0.0
20260717,detection_plus_rate,51,0.04087914705276483,1.040014594335196,0.0272305179387331,0.14527514576911926,0.4933333396911621,0.011767279356718063,159.0,476.0,0.0
20260717,detection_plus_rate,52,0.03861221551895135,1.02650158071141,0.027219031006097794,0.14527514576911926,0.4933333396911621,0.01258912868797779,159.0,476.0,0.0
20260717,detection_plus_rate,53,0.0379729795455932,1.0131641430249148,0.027748756110668182,0.14527514576911926,0.4866666793823242,0.01046468410640955,159.0,476.0,0.0
20260717,detection_plus_rate,54,0.03842245101928703,1.0,0.027748756110668182,0.14527514576911926,0.4866666793823242,0.00977267138659954,159.0,476.0,0.0
20260717,detection_plus_rate,55,0.03865551948547354,0.9870069000017987,0.027748756110668182,0.14527514576911926,0.4866666793823242,0.00977267138659954,159.0,476.0,0.0
20260717,detection_plus_rate,56,0.038625771999359036,0.9741826206511606,0.027748756110668182,0.14527514576911926,0.4866666793823242,0.00977267138659954,159.0,476.0,0.0
20260717,detection_plus_rate,57,0.038117794990539466,0.9615249684445302,0.027748756110668182,0.14527514576911926,0.4866666793823242,0.01046468410640955,159.0,476.0,0.0
20260717,detection_plus_rate,58,0.03681656122207633,0.949031778378763,0.027748756110668182,0.14527514576911926,0.4866666793823242,0.01046468410640955,159.0,476.0,0.0
20260717,detection_plus_rate,59,0.03522920608520499,0.9367009135808169,0.027503468096256256,0.14527514576911926,0.4866666793823242,0.011052730493247509,159.0,476.0,0.0
20260717,detection_plus_rate,60,0.033767774105071924,0.9245302649422548,0.0272305179387331,0.14527514576911926,0.4933333396911621,0.011767279356718063,159.0,476.0,0.0
20260717,detection_plus_rate,61,0.03248820781707753,0.9125177507584963,0.027748756110668182,0.14527514576911926,0.4866666793823242,0.00977267138659954,159.0,476.0,0.0
20260717,detection_plus_rate,62,0.03169945240020742,0.9006613163727574,0.027475805953145027,0.14527514576911926,0.4933333396911621,0.010487218387424946,159.0,476.0,0.0
20260717,detection_plus_rate,63,0.030798370838165192,0.8889589338246144,0.027475805953145027,0.14527514576911926,0.4933333396911621,0.010487218387424946,159.0,476.0,0.0
20260717,detection_plus_rate,64,0.029465544223785313,0.8774086015031368,0.027475805953145027,0.14527514576911926,0.4933333396911621,0.010487218387424946,159.0,476.0,0.0
20260717,detection_plus_rate,65,0.02818629503250114,0.8660083438045245,0.027475805953145027,0.14527514576911926,0.4933333396911621,0.010487218387424946,159.0,476.0,0.0
20260717,detection_plus_rate,66,0.02668185710906974,0.8547562107941956,0.027475805953145027,0.14527514576911926,0.4933333396911621,0.01117923203855753,159.0,476.0,0.0
20260717,detection_plus_rate,67,0.025116491317748933,0.8436502778732629,0.027475805953145027,0.14527514576911926,0.4933333396911621,0.01117923203855753,159.0,476.0,0.0
20260717,detection_plus_rate,68,0.024475467205047518,0.8326886454493452,0.027475805953145027,0.14527514576911926,0.4933333396911621,0.010487218387424946,159.0,476.0,0.0
20260717,detection_plus_rate,69,0.023551065921783354,0.8218694386116551,0.027475805953145027,0.14527514576911926,0.4933333396911621,0.010487218387424946,159.0,476.0,0.0
20260717,detection_plus_rate,70,0.021900184154510404,0.8111908068103082,0.0272305179387331,0.14527514576911926,0.4933333396911621,0.011075266636908054,159.0,476.0,0.0
20260717,detection_plus_rate,71,0.021135809421539208,0.8006509235398003,0.0272305179387331,0.14527514576911926,0.4933333396911621,0.011075266636908054,159.0,476.0,0.0
20260717,detection_plus_rate,72,0.020440113544464022,0.7902479860265953,0.027748756110668182,0.14527514576911926,0.4866666793823242,0.00977267138659954,159.0,476.0,0.0
20260717,detection_plus_rate,73,0.01908509254455557,0.7799802149207745,0.027748756110668182,0.14527514576911926,0.4866666793823242,0.00977267138659954,159.0,476.0,0.0
20260717,detection_plus_rate,74,0.018648626804351708,0.7698458539916904,0.0272305179387331,0.14527514576911926,0.4933333396911621,0.011767279356718063,159.0,476.0,0.0
20260717,detection_plus_rate,75,0.018041918277740376,0.7598431698275756,0.027475805953145027,0.14527514576911926,0.4933333396911621,0.010487218387424946,159.0,476.0,0.0
20260717,detection_plus_rate,76,0.015689179897308246,0.7499704515390556,0.027475805953145027,0.14527514576911926,0.4933333396911621,0.010487218387424946,159.0,476.0,0.0
20260717,detection_plus_rate,77,0.014699349403381244,0.7402260104665124,0.027219031006097794,0.14527514576911926,0.4933333396911621,0.011897115968167782,159.0,476.0,0.0
20260717,detection_plus_rate,78,0.015521183013915894,0.7306081798912514,0.027748756110668182,0.14527514576911926,0.4866666793823242,0.00977267138659954,159.0,476.0,0.0
20260717,detection_plus_rate,79,0.015311672687530396,0.7211153147504205,0.02789219841361046,0.14527514576911926,0.47999998927116394,0.009102817624807358,159.0,476.0,0.0
20260717,detection_plus_rate,80,0.015555765628814576,0.7117457913556338,0.02789219841361046,0.14527514576911926,0.47999998927116394,0.009102817624807358,159.0,476.0,0.0
20260717,detection_plus_rate,81,0.016088578701019183,0.702498007115251,0.027748756110668182,0.14527514576911926,0.4866666793823242,0.00977267138659954,159.0,476.0,0.0
20260717,detection_plus_rate,82,0.015990388393401986,0.6933703802602654,0.027475805953145027,0.14527514576911926,0.4933333396911621,0.010487218387424946,159.0,476.0,0.0
20260717,detection_plus_rate,83,0.014737112522125126,0.6843613495737529,0.027475805953145027,0.14527514576911926,0.4933333396911621,0.010487218387424946,159.0,476.0,0.0
20260717,detection_plus_rate,84,0.013240325450897103,0.6754693741238371,0.027475805953145027,0.14527514576911926,0.4933333396911621,0.010487218387424946,159.0,476.0,0.0
20260717,detection_plus_rate,85,0.013232932090759172,0.6666929330001236,0.027475805953145027,0.14527514576911926,0.4933333396911621,0.010487218387424946,159.0,476.0,0.0
20260717,detection_plus_rate,86,0.012576997280120735,0.6580305250535589,0.027748756110668182,0.14527514576911926,0.4866666793823242,0.00977267138659954,159.0,476.0,0.0
20260717,detection_plus_rate,87,0.010947539806365843,0.649480668639669,0.027475805953145027,0.14527514576911926,0.4933333396911621,0.010487218387424946,159.0,476.0,0.0
20260717,detection_plus_rate,88,0.010527336597442512,0.6410419013651351,0.027475805953145027,0.14527514576911926,0.4933333396911621,0.010487218387424946,159.0,476.0,0.0
20260717,detection_plus_rate,89,0.009496445655822635,0.6327127798376607,0.027475805953145027,0.14527514576911926,0.4933333396911621,0.010487218387424946,159.0,476.0,0.0
20260717,detection_plus_rate,90,0.007577702999114862,0.62449187941909,0.027475805953145027,0.14527514576911926,0.4933333396911621,0.010487218387424946,159.0,476.0,0.0
20260717,detection_plus_rate,91,0.006281259059905882,0.6163777939817331,0.027475805953145027,0.14527514576911926,0.4933333396911621,0.010487218387424946,159.0,476.0,0.0
20260717,detection_plus_rate,92,0.005496075153350707,0.6083691356678577,0.027475805953145027,0.14527514576911926,0.4933333396911621,0.010487218387424946,159.0,476.0,0.0
20260717,detection_plus_rate,93,0.004554929733276244,0.6004645346523059,0.027475805953145027,0.14527514576911926,0.4933333396911621,0.010487218387424946,159.0,476.0,0.0
20260717,detection_plus_rate,94,0.0038124108314512924,0.592662638908195,0.027475805953145027,0.14527514576911926,0.4933333396911621,0.010487218387424946,159.0,476.0,0.0
20260717,detection_plus_rate,95,0.0034842014312742994,0.5849621139756629,0.027475805953145027,0.14527514576911926,0.4933333396911621,0.010487218387424946,159.0,476.0,0.0
20260717,detection_plus_rate,96,0.002145981788635139,0.5773616427336179,0.027475805953145027,0.14527514576911926,0.4933333396911621,0.010487218387424946,159.0,476.0,0.0
20260717,detection_plus_rate,97,0.0004930973052977364,0.5698599251744542,0.027475805953145027,0.14527514576911926,0.4933333396911621,0.010487218387424946,159.0,476.0,0.0
20260717,detection_plus_rate,98,0.0,0.562455678181695,0.027475805953145027,0.14527514576911926,0.4933333396911621,0.010487218387424946,159.0,476.0,0.0
20260717,detection_plus_rate,99,0.0,0.555147635310524,0.027475805953145027,0.14527514576911926,0.4933333396911621,0.010487218387424946,159.0,476.0,0.0
20260717,detection_plus_rate,100,0.0,0.5479345465711694,0.027475805953145027,0.14527514576911926,0.4933333396911621,0.010487218387424946,159.0,476.0,0.0
20260717,detection_plus_rate,101,0.0,0.5408151782151011,0.027475805953145027,0.14527514576911926,0.4933333396911621,0.010487218387424946,159.0,476.0,0.0
20260717,detection_plus_rate,102,0.000141329765319842,0.5337883125240072,0.027619248256087303,0.14527514576911926,0.4866666793823242,0.009817365556955338,159.0,476.0,0.0
20260717,detection_plus_rate,103,0.0,0.5268527476015116,0.027619248256087303,0.14527514576911926,0.4866666793823242,0.009817365556955338,159.0,476.0,0.0
20260717,detection_plus_rate,104,0.0,0.520007297167598,0.027619248256087303,0.14527514576911926,0.4866666793823242,0.009817365556955338,159.0,476.0,0.0
20260717,detection_plus_rate,105,0.0,0.513250790355705,0.027475805953145027,0.14527514576911926,0.4933333396911621,0.010487218387424946,159.0,476.0,0.0
20260717,detection_plus_rate,106,0.0,0.5065820715124574,0.027475805953145027,0.14527514576911926,0.4933333396911621,0.010487218387424946,159.0,476.0,0.0
20260717,detection_plus_rate,107,0.0,0.5,0.027619248256087303,0.14527514576911926,0.4866666793823242,0.009817365556955338,159.0,476.0,0.0
20260717,detection_plus_rate,108,0.0,0.49350345000089935,0.027619248256087303,0.14527514576911926,0.4866666793823242,0.009817365556955338,159.0,476.0,0.0
20260717,detection_plus_rate,109,0.0,0.4870913103255803,0.027619248256087303,0.14527514576911926,0.4866666793823242,0.009817365556955338,159.0,476.0,0.0
20260717,detection_plus_rate,110,0.0,0.4807624842222651,0.027619248256087303,0.14527514576911926,0.4866666793823242,0.009817365556955338,159.0,476.0,0.0
20260717,detection_plus_rate,111,0.0,0.47451588918938153,0.027619248256087303,0.14527514576911926,0.4866666793823242,0.009817365556955338,159.0,476.0,0.0
20260717,detection_plus_rate,112,0.0,0.46835045679040843,0.027619248256087303,0.14527514576911926,0.4866666793823242,0.009817365556955338,159.0,476.0,0.0
20260717,detection_plus_rate,113,0.0,0.4622651324711274,0.027475805953145027,0.14527514576911926,0.4933333396911621,0.010487218387424946,159.0,476.0,0.0
20260717,detection_plus_rate,114,0.0,0.4562588753792482,0.027619248256087303,0.14527514576911926,0.4866666793823242,0.009817365556955338,159.0,476.0,0.0
20260717,detection_plus_rate,115,0.0,0.45033065818637874,0.027619248256087303,0.14527514576911926,0.4866666793823242,0.009817365556955338,159.0,476.0,0.0
20260717,detection_plus_rate,116,0.0,0.4444794669123073,0.027619248256087303,0.14527514576911926,0.4866666793823242,0.009817365556955338,159.0,476.0,0.0
20260717,detection_plus_rate,117,0.0,0.43870430075156847,0.027619248256087303,0.14527514576911926,0.4866666793823242,0.009817365556955338,159.0,476.0,0.0
20260717,detection_plus_rate,118,0.0,0.4330041719022623,0.027619248256087303,0.14527514576911926,0.4866666793823242,0.009817365556955338,159.0,476.0,0.0
20260717,detection_plus_rate,119,0.0,0.42737810539709786,0.027619248256087303,0.14527514576911926,0.4866666793823242,0.009817365556955338,159.0,476.0,0.0
20260717,detection_plus_rate,120,0.0,0.42182513893663154,0.027619248256087303,0.14527514576911926,0.4866666793823242,0.009817365556955338,159.0,476.0,0.0
20260717,detection_plus_rate,121,0.0,0.4163443227246726,0.027619248256087303,0.14527514576911926,0.4866666793823242,0.009817365556955338,159.0,476.0,0.0
20260717,detection_plus_rate,122,0.0,0.4109347193058275,0.027619248256087303,0.14527514576911926,0.4866666793823242,0.009817365556955338,159.0,476.0,0.0
20260717,detection_plus_rate,123,0.0,0.40559540340515404,0.027619248256087303,0.14527514576911926,0.4866666793823242,0.009817365556955338,159.0,476.0,0.0
20260717,detection_plus_rate,124,0.0,0.4003254617699001,0.027619248256087303,0.14527514576911926,0.4866666793823242,0.009817365556955338,159.0,476.0,0.0
20260717,detection_plus_rate,125,0.0,0.39512399301329765,0.027619248256087303,0.14527514576911926,0.4866666793823242,0.009817365556955338,159.0,476.0,0.0
20260717,detection_plus_rate,126,0.0,0.38999010746038726,0.027619248256087303,0.14527514576911926,0.4866666793823242,0.009817365556955338,159.0,476.0,0.0
20260717,detection_plus_rate,127,0.0005245327949523926,0.3849229269958451,0.027619248256087303,0.14527514576911926,0.4866666793823242,0.009817365556955338,159.0,476.0,0.0
20260717,detection_plus_rate,128,0.0,0.37992158491378775,0.027619248256087303,0.14527514576911926,0.4866666793823242,0.009817365556955338,159.0,476.0,0.0
20260717,detection_plus_rate,129,0.0,0.37498522576952775,0.027619248256087303,0.14527514576911926,0.4866666793823242,0.009817365556955338,159.0,476.0,0.0
20260717,detection_plus_rate,130,0.0,0.3701130052332562,0.027619248256087303,0.14527514576911926,0.4866666793823242,0.009817365556955338,159.0,476.0,0.0
20260717,detection_plus_rate,131,0.0,0.36530408994562563,0.027640044689178467,0.14527514576911926,0.4866666793823242,0.009925877675414085,159.3733367919922,476.6533203125,0.0
20260717,detection_plus_rate,132,0.00046143054962159984,0.36055765737521017,0.02789219841361046,0.14527514576911926,0.47999998927116394,0.009102817624807358,159.0,476.0,0.0
20260717,detection_plus_rate,133,0.0,0.3558728956778169,0.027914447709918022,0.14527514576911926,0.47999998927116394,0.009197471663355827,159.3733367919922,476.6533203125,0.0
20260717,detection_plus_rate,134,0.00014356851577757013,0.3512490035576255,0.027641497552394867,0.14527514576911926,0.4866666793823242,0.009915213100612164,159.3733367919922,476.6533203125,0.0
20260717,detection_plus_rate,135,6.989240646360084e-05,0.34668519013013266,0.027914447709918022,0.14527514576911926,0.47999998927116394,0.009197111241519451,159.3733367919922,476.6533203125,0.0
20260717,detection_plus_rate,136,0.0,0.3421806747868764,0.02789219841361046,0.14527514576911926,0.47999998927116394,0.009102817624807358,159.0,476.0,0.0
20260717,detection_plus_rate,137,0.0,0.3377346870619185,0.027630014345049858,0.14527514576911926,0.4866666793823242,0.010752215050160885,159.3733367919922,476.6533203125,0.0
20260717,detection_plus_rate,138,0.0,0.3333464665000618,0.02759607322514057,0.14527514576911926,0.4933333396911621,0.009108060039579868,160.1199951171875,477.9599914550781,0.0
20260717,detection_plus_rate,139,0.0005866336822509589,0.3290152625267794,0.027914447709918022,0.14527514576911926,0.47999998927116394,0.009201026521623135,159.3733367919922,476.6533203125,0.0
20260717,detection_plus_rate,140,0.0,0.32474033431983446,0.026861947029829025,0.14017052948474884,0.4866666793823242,0.009165418334305286,160.1199951171875,477.9599914550781,0.0
20260717,detection_plus_rate,141,0.0007982349395752042,0.32052095068256753,0.026861947029829025,0.14017052948474884,0.4866666793823242,0.009137979708611965,159.74667358398438,477.3066711425781,0.0
20260717,detection_plus_rate,142,0.0,0.31635638991883036,0.027914447709918022,0.14527514576911926,0.47999998927116394,0.009210724383592606,159.3733367919922,476.6533203125,0.0
20260717,detection_plus_rate,143,0.0,0.312245939709545,0.02759607322514057,0.14527514576911926,0.4933333396911621,0.00915907695889473,160.4933319091797,478.61334228515625,0.0
20260717,detection_plus_rate,144,0.0,0.30818889699086655,0.027869023382663727,0.14527514576911926,0.4866666793823242,0.008368267677724361,160.1199951171875,477.9599914550781,0.0
20260717,detection_plus_rate,145,0.0,0.30418456783392883,0.027869023382663727,0.14527514576911926,0.4866666793823242,0.008401784114539623,160.4933319091797,478.61334228515625,0.0
20260717,detection_plus_rate,146,0.0,0.30023226732615294,0.02681652456521988,0.14017052948474884,0.4933333396911621,0.008373720571398735,160.86666870117188,479.26666259765625,0.0
20260717,detection_plus_rate,147,0.0,0.29633131945409746,0.02680504135787487,0.14017052948474884,0.4933333396911621,0.009187267161905766,160.86666870117188,479.26666259765625,0.0
20260717,detection_plus_rate,148,0.0,0.29248105698783144,0.027869023382663727,0.14527514576911926,0.4866666793823242,0.008391561917960644,160.4933319091797,478.61334228515625,0.0
20260717,detection_plus_rate,149,0.0,0.2886808213668089,0.026852525770664215,0.14017052948474884,0.4933333396911621,0.008317952044308186,161.24000549316406,479.9200134277344,0.0
20260717,detection_plus_rate,150,0.0,0.2849299625872271,0.026841042563319206,0.14017052948474884,0.4933333396911621,0.009158428758382797,161.24000549316406,479.9200134277344,0.0
20260717,detection_plus_rate,151,0.0,0.2812278390908475,0.026841042563319206,0.14017052948474884,0.4933333396911621,0.009158369153738022,161.24000549316406,479.9200134277344,0.0
20260717,detection_plus_rate,152,0.0,0.277573817655262,0.02680504135787487,0.14017052948474884,0.4933333396911621,0.00917851086705923,160.86666870117188,479.26666259765625,0.0
20260717,detection_plus_rate,153,0.0,0.2739672732855847,0.02681652456521988,0.14017052948474884,0.4933333396911621,0.008332980796694756,160.86666870117188,479.26666259765625,0.0
20260717,detection_plus_rate,154,0.0,0.2704075891075505,0.025769716128706932,0.13482290506362915,0.5,0.008342471905052662,161.6133270263672,480.5733337402344,0.0
20260717,detection_plus_rate,155,0.0,0.2668941562620035,0.025769716128706932,0.13482290506362915,0.5,0.008332140743732452,161.6133270263672,480.5733337402344,0.0
20260717,detection_plus_rate,156,0.0,0.26342637380075573,0.026841042563319206,0.14017052948474884,0.4933333396911621,0.00913925189524889,161.24000549316406,479.9200134277344,0.0
20260717,detection_plus_rate,157,0.0002050352096557795,0.260003648583799,0.027893543243408203,0.14527514576911926,0.4866666793823242,0.009202547371387482,160.86666870117188,479.26666259765625,0.0
20260717,detection_plus_rate,158,0.0,0.25662539517785243,0.026672881096601486,0.14017052948474884,0.5,0.009969116188585758,161.24000549316406,479.9200134277344,0.0
20260717,detection_plus_rate,159,0.0,0.2532910357562287,0.02613355964422226,0.13482290506362915,0.4933333396911621,0.009356390684843063,162.73333740234375,482.5333251953125,0.0
20260717,detection_plus_rate,160,3.4093856813299796e-07,0.25,0.02681652456521988,0.14017052948474884,0.4933333396911621,0.008324549533426762,160.86666870117188,479.26666259765625,0.0
20260717,detection_plus_resource,1,0.0,2.0,0.0235674437135458,0.11661507189273834,0.5,0.007803985383361578,215.0,574.0,0.12109375
20260717,detection_plus_resource,2,0.0,1.9740138000035972,0.023051204159855843,0.11587078869342804,0.5066666603088379,0.00814983993768692,215.0,574.0,0.12109375
20260717,detection_plus_resource,3,0.0,1.9483652413023211,0.02201789617538452,0.11510510742664337,0.5199999809265137,0.008769650012254715,215.0,574.0,0.12109375
20260717,detection_plus_resource,4,0.0,1.9230499368890603,0.020572157576680183,0.10942045599222183,0.5266666412353516,0.009831485338509083,215.0,574.0,0.12109375
20260717,detection_plus_resource,5,0.0,1.898063556757526,0.021032409742474556,0.11409303545951843,0.5333333611488342,0.010975563898682594,215.0,574.0,0.12109375
20260717,detection_plus_resource,6,0.0,1.8734018271616335,0.02112901769578457,0.11334416270256042,0.5199999809265137,0.01173901092261076,215.0,574.0,0.12109375
20260717,detection_plus_resource,7,0.0,1.8490605298845093,0.021815165877342224,0.11530987173318863,0.5266666412353516,0.011374395340681076,215.0,574.0,0.12109375
20260717,detection_plus_resource,8,0.0,1.8250355015169928,0.021466512233018875,0.11601025611162186,0.5333333611488342,0.010764030739665031,215.0,574.0,0.12109375
20260717,detection_plus_resource,9,0.0,1.8013226327455147,0.02231997810304165,0.1201055720448494,0.54666668176651,0.010225240141153336,215.0,574.0,0.12109375
20260717,detection_plus_resource,10,0.0,1.777917867649229,0.021358387544751167,0.11601025611162186,0.5400000214576721,0.00996207445859909,215.0,574.0,0.12109375
20260717,detection_plus_resource,11,0.0,1.7548172030062736,0.020299863070249557,0.11326701194047928,0.5533333420753479,0.009876487776637077,215.0,574.0,0.12109375
20260717,detection_plus_resource,12,0.0,1.732016687609049,0.020551180467009544,0.11326701194047928,0.54666668176651,0.009889367036521435,215.0,574.0,0.12109375
20260717,detection_plus_resource,13,0.0,1.7095124215883912,0.020964574068784714,0.11334416270256042,0.5400000214576721,0.009763145819306374,215.0,574.0,0.12109375
20260717,detection_plus_resource,14,0.0,1.687300555746526,0.021828265860676765,0.11601025611162186,0.5266666412353516,0.009714137762784958,215.0,574.0,0.12109375
20260717,detection_plus_resource,15,0.0,1.6653772908986906,0.02083416096866131,0.11334416270256042,0.5333333611488342,0.0095477644354105,215.0,574.0,0.12109375
20260717,detection_plus_resource,16,0.0,1.6437388772233101,0.021237274631857872,0.11334416270256042,0.5266666412353516,0.009270291775465012,215.0,574.0,0.12109375
20260717,detection_plus_resource,17,0.0,1.6223816136206164,0.02232273481786251,0.11601025611162186,0.5066666603088379,0.008889331482350826,213.5066680908203,571.3866577148438,0.1159895658493042
20260717,detection_plus_resource,18,0.0,1.6013018470796005,0.021182015538215637,0.11334416270256042,0.5266666412353516,0.008905278518795967,212.3866729736328,569.4266967773438,0.11216151714324951
20260717,detection_plus_resource,19,0.0,1.5804959720531906,0.021356243640184402,0.11601025611162186,0.5333333611488342,0.008974381722509861,211.63999938964844,568.1199951171875,0.10960936546325684
20260717,detection_plus_resource,20,0.0,1.559960429841549,0.02221331186592579,0.1179572120308876,0.5133333206176758,0.008858179673552513,210.89332580566406,566.8133544921875,0.10705733299255371
20260717,detection_plus_resource,21,0.0,1.5396917079833807,0.02443862147629261,0.12648554146289825,0.5133333206176758,0.008449766784906387,206.413330078125,558.9733276367188,0.09174478054046631
20260717,detection_plus_resource,22,0.0,1.5196863396551512,0.022663166746497154,0.12142253667116165,0.5333333611488342,0.008640422485768795,206.413330078125,558.9733276367188,0.09174478054046631
20260717,detection_plus_resource,23,0.0,1.4999409030781112,0.02281820960342884,0.12142253667116165,0.5266666412353516,0.009019444696605206,206.7866668701172,559.6266479492188,0.09302079677581787
20260717,detection_plus_resource,24,0.0,1.4804520209330247,0.02237934060394764,0.12079283595085144,0.5266666412353516,0.00896553136408329,206.413330078125,558.9733276367188,0.09174478054046631
20260717,detection_plus_resource,25,0.0,1.4612163597825027,0.02323969081044197,0.12142253667116165,0.5266666412353516,0.008814036846160889,205.2933349609375,557.0133056640625,0.08791661262512207
20260717,detection_plus_resource,26,0.0,1.442230629500841,0.02270406112074852,0.12142253667116165,0.5266666412353516,0.009218900464475155,206.0399932861328,558.3200073242188,0.09046876430511475
20260717,detection_plus_resource,27,0.0,1.4234915827112675,0.022973358631134033,0.12142253667116165,0.5266666412353516,0.009161658585071564,205.6666717529297,557.6666870117188,0.08919274806976318
20260717,detection_plus_resource,28,0.0,1.404996014230502,0.024112705141305923,0.12552036345005035,0.5199999809265137,0.009043768048286438,204.54666137695312,555.7066650390625,0.08536458015441895
20260717,detection_plus_resource,29,0.0,1.3867407605205309,0.0241563618183136,0.12552036345005035,0.5199999809265137,0.009302218444645405,205.2933349609375,557.0133056640625,0.08791661262512207
20260717,detection_plus_resource,30,0.0,1.3687226991475059,0.024112705141305923,0.12552036345005035,0.5199999809265137,0.00907869916409254,204.17333984375,555.0533447265625,0.08408856391906738
20260717,detection_plus_resource,31,0.0,1.350938748247674,0.02250678278505802,0.11978504806756973,0.5333333611488342,0.009230729192495346,204.17333984375,555.0533447265625,0.08408856391906738
20260717,detection_plus_resource,32,0.0,1.333385866000247,0.023441854864358902,0.12389339506626129,0.5266666412353516,0.009151098318397999,204.17333984375,555.0533447265625,0.08408856391906738
20260717,detection_plus_resource,33,0.0,1.3160610501071175,0.02362850122153759,0.12389339506626129,0.5199999809265137,0.009160620160400867,204.17333984375,555.0533447265625,0.08408856391906738
20260717,detection_plus_resource,34,0.0,1.2989613372793378,0.023560509085655212,0.12389339506626129,0.5199999809265137,0.009038381278514862,203.42666625976562,553.7466430664062,0.08153641223907471
20260717,detection_plus_resource,35,0.0,1.2820838027302701,0.022536464035511017,0.12008184939622879,0.5266666412353516,0.00955449603497982,204.9199981689453,556.3599853515625,0.08664059638977051
20260717,detection_plus_resource,36,0.0,1.2654255596753214,0.023401211947202682,0.12389339506626129,0.5266666412353516,0.008962834253907204,202.30667114257812,551.7866821289062,0.07770836353302002
20260717,detection_plus_resource,37,0.0,1.24898375883818,0.023441854864358902,0.12389339506626129,0.5266666412353516,0.009303956292569637,203.8000030517578,554.4000244140625,0.08281254768371582
20260717,detection_plus_resource,38,0.0,1.2327555879634662,0.023051217198371887,0.12389339506626129,0.5333333611488342,0.009197180159389973,203.42666625976562,553.7466430664062,0.08153641223907471
20260717,detection_plus_resource,39,0.0,1.2167382713357153,0.022100316360592842,0.12008184939622879,0.5333333611488342,0.009261312894523144,204.17333984375,555.0533447265625,0.08408856391906738
20260717,detection_plus_resource,40,0.0,1.2009290693046117,0.022987820208072662,0.12389339506626129,0.5333333611488342,0.008932719938457012,200.81333923339844,549.17333984375,0.07260417938232422
20260717,detection_plus_resource,41,0.0,1.18532527781639,0.021936800330877304,0.12008184939622879,0.5333333611488342,0.00988822802901268,206.0399932861328,558.3200073242188,0.09046876430511475
20260717,detection_plus_resource,42,0.0,1.1699242279513258,0.02211831510066986,0.12008184939622879,0.5333333611488342,0.009463470429182053,204.17333984375,555.0533447265625,0.08408856391906738
20260717,detection_plus_resource,43,0.0,1.1547232854672358,0.023143230006098747,0.12389339506626129,0.5333333611488342,0.008878438733518124,197.82666015625,543.9466552734375,0.06239581108093262
20260717,detection_plus_resource,44,0.0,1.1397198503489083,0.022947067394852638,0.12389339506626129,0.5333333611488342,0.009087486192584038,199.32000732421875,546.5599975585938,0.06749999523162842
20260717,detection_plus_resource,45,0.0,1.12491135636339,0.022672928869724274,0.12008184939622879,0.5199999809265137,0.009982029907405376,204.54666137695312,555.7066650390625,0.08536458015441895
20260717,detection_plus_resource,46,0.0,1.110295270621048,0.022411992773413658,0.12008184939622879,0.5266666412353516,0.009274042211472988,201.55999755859375,550.47998046875,0.07515621185302734
20260717,detection_plus_resource,47,0.0,1.0958690931423387,0.023391729220747948,0.12729239463806152,0.5400000214576721,0.008915960788726807,194.83999633789062,538.719970703125,0.052187442779541016
20260717,detection_plus_resource,48,0.0,1.0816303564302021,0.0220189206302166,0.12008184939622879,0.5333333611488342,0.009402250871062279,199.32000732421875,546.5599975585938,0.06749999523162842
20260717,detection_plus_resource,49,0.0,1.0675766250480143,0.0220189206302166,0.12008184939622879,0.5333333611488342,0.009825976565480232,200.81333923339844,549.17333984375,0.07260417938232422
20260717,detection_plus_resource,50,0.0,1.0537054952030231,0.02361368015408516,0.12729239463806152,0.5400000214576721,0.009006980806589127,191.47999572753906,532.8400268554688,0.0407031774520874
20260717,detection_plus_resource,51,0.0,1.040014594335196,0.023391729220747948,0.12729239463806152,0.5400000214576721,0.009566920809447765,194.46665954589844,538.066650390625,0.05091142654418945
20260717,detection_plus_resource,52,0.0,1.02650158071141,0.02331002801656723,0.12511833012104034,0.5266666412353516,0.00986090861260891,196.3333282470703,541.3333129882812,0.057291626930236816
20260717,detection_plus_resource,53,0.0,1.0131641430249148,0.023497771471738815,0.12729239463806152,0.5400000214576721,0.009537806734442711,193.34666442871094,536.106689453125,0.047083377838134766
20260717,detection_plus_resource,54,0.0,1.0,0.024062758311629295,0.12729239463806152,0.5333333611488342,0.009211317636072636,190.73333740234375,531.5333251953125,0.03815102577209473
20260717,detection_plus_resource,55,0.0,0.9870069000017987,0.022769851610064507,0.12348084151744843,0.5333333611488342,0.009651027619838715,192.60000610351562,534.7999877929688,0.04453122615814209
20260717,detection_plus_resource,56,0.0,0.9741826206511606,0.02457933872938156,0.12741443514823914,0.5333333611488342,0.009125275537371635,187.3733367919922,525.6533203125,0.026666641235351562
20260717,detection_plus_resource,57,0.0,0.9615249684445302,0.023953938856720924,0.12729239463806152,0.5333333611488342,0.00916188582777977,187.3733367919922,525.6533203125,0.026666641235351562
20260717,detection_plus_resource,58,0.0,0.949031778378763,0.02293999120593071,0.12348084151744843,0.5333333611488342,0.009094398468732834,188.4933319091797,527.6133422851562,0.0304948091506958
20260717,detection_plus_resource,59,0.0,0.9367009135808169,0.023915061727166176,0.1280389130115509,0.5266666412353516,0.008875282481312752,185.5066680908203,522.3866577148438,0.0202864408493042
20260717,detection_plus_resource,60,0.0,0.9245302649422548,0.024091262370347977,0.1245788186788559,0.5199999809265137,0.009024493396282196,185.5066680908203,522.3866577148438,0.0202864408493042
20260717,detection_plus_resource,61,0.0,0.9125177507584963,0.023976080119609833,0.12741443514823914,0.5333333611488342,0.008717797696590424,182.14666748046875,516.5066528320312,0.008802056312561035
20260717,detection_plus_resource,62,0.0,0.9006613163727574,0.023401515558362007,0.12348084151744843,0.5133333206176758,0.009561487473547459,185.8800048828125,523.0399780273438,0.02156245708465576
20260717,detection_plus_resource,63,0.0,0.8889589338246144,0.023542046546936035,0.12741443514823914,0.5333333611488342,0.008618969470262527,174.30667114257812,502.7866516113281,0.0
20260717,detection_plus_resource,64,0.0,0.8774086015031368,0.02275748737156391,0.12228333950042725,0.5333333611488342,0.008963278494775295,183.26666259765625,518.4666748046875,0.012630224227905273
20260717,detection_plus_resource,65,0.0,0.8660083438045245,0.02351653389632702,0.12741443514823914,0.5333333611488342,0.008534739725291729,177.6666717529297,508.6666564941406,0.0
20260717,detection_plus_resource,66,0.0,0.8547562107941956,0.022533880546689034,0.12361342459917068,0.5333333611488342,0.00866676401346922,178.7866668701172,510.6266784667969,0.0
20260717,detection_plus_resource,67,0.0,0.8436502778732629,0.02320968359708786,0.12741421163082123,0.5333333611488342,0.008701869286596775,171.32000732421875,497.55999755859375,0.0
20260717,detection_plus_resource,68,0.0,0.8326886454493452,0.02266588620841503,0.12361342459917068,0.5266666412353516,0.00896868109703064,177.6666717529297,508.6666564941406,0.0
20260717,detection_plus_resource,69,0.0,0.8218694386116551,0.026991592720150948,0.14527514576911926,0.5,0.00835017953068018,160.86666870117188,479.26666259765625,0.0
20260717,detection_plus_resource,70,0.0,0.8111908068103082,0.022161314263939857,0.12272229790687561,0.5333333611488342,0.009076358750462532,172.06666564941406,498.8666687011719,0.0
20260717,detection_plus_resource,71,0.0,0.8006509235398003,0.025455480441451073,0.13532525300979614,0.5,0.008318952284753323,163.47999572753906,483.8399963378906,0.0
20260717,detection_plus_resource,72,0.0,0.7902479860265953,0.027846775949001312,0.14527514576911926,0.4866666793823242,0.00827444065362215,159.74667358398438,477.3066711425781,0.0
20260717,detection_plus_resource,73,0.0,0.7799802149207745,0.022177739068865776,0.12272229790687561,0.5333333611488342,0.00920267403125763,172.06666564941406,498.8666687011719,0.0
20260717,detection_plus_resource,74,0.0,0.7698458539916904,0.02676396630704403,0.14004959166049957,0.4933333396911621,0.008215761743485928,160.1199951171875,477.9599914550781,0.0
20260717,detection_plus_resource,75,0.0,0.7598431698275756,0.027846775949001312,0.14527514576911926,0.4866666793823242,0.00829548854380846,159.74667358398438,477.3066711425781,0.0
20260717,detection_plus_resource,76,0.0,0.7499704515390556,0.025562869384884834,0.13624855875968933,0.5,0.00897988397628069,160.4933319091797,478.61334228515625,0.0
20260717,detection_plus_resource,77,0.0,0.7402260104665124,0.02583582140505314,0.13624855875968933,0.4933333396911621,0.008207874372601509,160.4933319091797,478.61334228515625,0.0
20260717,detection_plus_resource,78,0.0,0.7306081798912514,0.026918627321720123,0.14159618318080902,0.4866666793823242,0.008234936743974686,160.1199951171875,477.9599914550781,0.0
20260717,detection_plus_resource,79,0.0,0.7211153147504205,0.02583582140505314,0.13624855875968933,0.4933333396911621,0.00820098351687193,160.4933319091797,478.61334228515625,0.0
20260717,detection_plus_resource,80,0.0,0.7117457913556338,0.026918627321720123,0.14159618318080902,0.4866666793823242,0.008243363350629807,160.1199951171875,477.9599914550781,0.0
20260717,detection_plus_resource,81,0.0,0.702498007115251,0.026645677164196968,0.14159618318080902,0.4933333396911621,0.008978087455034256,160.1199951171875,477.9599914550781,0.0
20260717,detection_plus_resource,82,0.0,0.6933703802602654,0.026645677164196968,0.14159618318080902,0.4933333396911621,0.008980064652860165,160.1199951171875,477.9599914550781,0.0
20260717,detection_plus_resource,83,0.0,0.6843613495737529,0.026918627321720123,0.14159618318080902,0.4866666793823242,0.008215849287807941,160.1199951171875,477.9599914550781,0.0
20260717,detection_plus_resource,84,0.0,0.6754693741238371,0.025562869384884834,0.13624855875968933,0.5,0.008916573598980904,160.4933319091797,478.61334228515625,0.0
20260717,detection_plus_resource,85,0.0,0.6666929330001236,0.026645677164196968,0.14159618318080902,0.4933333396911621,0.008946767076849937,160.1199951171875,477.9599914550781,0.0
20260717,detection_plus_resource,86,0.0,0.6580305250535589,0.026645677164196968,0.14159618318080902,0.4933333396911621,0.00893673487007618,160.1199951171875,477.9599914550781,0.0
20260717,detection_plus_resource,87,0.0,0.649480668639669,0.025562869384884834,0.13624855875968933,0.5,0.008917874656617641,160.4933319091797,478.61334228515625,0.0
20260717,detection_plus_resource,88,0.0,0.6410419013651351,0.026645677164196968,0.14159618318080902,0.4933333396911621,0.008957671001553535,160.1199951171875,477.9599914550781,0.0
20260717,detection_plus_resource,89,0.0,0.6327127798376607,0.026645677164196968,0.14159618318080902,0.4933333396911621,0.008968282490968704,160.1199951171875,477.9599914550781,0.0
20260717,detection_plus_resource,90,0.0,0.62449187941909,0.026477515697479248,0.14159618318080902,0.5,0.00980731938034296,160.1199951171875,477.9599914550781,0.0
20260717,detection_plus_resource,91,0.0,0.6163777939817331,0.026477515697479248,0.14159618318080902,0.5,0.009809223935008049,160.1199951171875,477.9599914550781,0.0
20260717,detection_plus_resource,92,0.0,0.6083691356678577,0.026645677164196968,0.14159618318080902,0.4933333396911621,0.008997265249490738,160.1199951171875,477.9599914550781,0.0
20260717,detection_plus_resource,93,0.0,0.6004645346523059,0.026645677164196968,0.14159618318080902,0.4933333396911621,0.008986047469079494,160.1199951171875,477.9599914550781,0.0
20260717,detection_plus_resource,94,0.0,0.592662638908195,0.026645677164196968,0.14159618318080902,0.4933333396911621,0.009011910296976566,160.1199951171875,477.9599914550781,0.0
20260717,detection_plus_resource,95,0.0,0.5849621139756629,0.026645677164196968,0.14159618318080902,0.4933333396911621,0.008990059606730938,160.1199951171875,477.9599914550781,0.0
20260717,detection_plus_resource,96,0.0,0.5773616427336179,0.026645677164196968,0.14159618318080902,0.4933333396911621,0.00897324550896883,160.1199951171875,477.9599914550781,0.0
20260717,detection_plus_resource,97,0.0,0.5698599251744542,0.025394706055521965,0.13624855875968933,0.5066666603088379,0.009806313551962376,160.4933319091797,478.61334228515625,0.0
20260717,detection_plus_resource,98,0.0,0.562455678181695,0.026477515697479248,0.14159618318080902,0.5,0.009837711229920387,160.1199951171875,477.9599914550781,0.0
20260717,detection_plus_resource,99,0.0,0.555147635310524,0.026645677164196968,0.14159618318080902,0.4933333396911621,0.009019984863698483,160.1199951171875,477.9599914550781,0.0
20260717,detection_plus_resource,100,0.0,0.5479345465711694,0.025562869384884834,0.13624855875968933,0.5,0.008984081447124481,160.4933319091797,478.61334228515625,0.0
20260717,detection_plus_resource,101,0.0,0.5408151782151011,0.02583582140505314,0.13624855875968933,0.4933333396911621,0.00824672169983387,160.4933319091797,478.61334228515625,0.0
20260717,detection_plus_resource,102,0.0,0.5337883125240072,0.02583582140505314,0.13624855875968933,0.4933333396911621,0.00820548739284277,160.4933319091797,478.61334228515625,0.0
20260717,detection_plus_resource,103,0.0,0.5268527476015116,0.025562869384884834,0.13624855875968933,0.5,0.008896004408597946,160.4933319091797,478.61334228515625,0.0
20260717,detection_plus_resource,104,0.0,0.520007297167598,0.02545907162129879,0.13624855875968933,0.5,0.009012267924845219,160.86666870117188,479.26666259765625,0.0
20260717,detection_plus_resource,105,0.0,0.513250790355705,0.02529090829193592,0.13624855875968933,0.5066666603088379,0.009854231029748917,160.86666870117188,479.26666259765625,0.0
20260717,detection_plus_resource,106,0.0,0.5065820715124574,0.02529090829193592,0.13624855875968933,0.5066666603088379,0.009905962273478508,160.86666870117188,479.26666259765625,0.0
20260717,detection_plus_resource,107,0.0,0.5,0.02529090829193592,0.13624855875968933,0.5066666603088379,0.00987895019352436,160.86666870117188,479.26666259765625,0.0
20260717,detection_plus_resource,108,0.0,0.49350345000089935,0.02545907162129879,0.13624855875968933,0.5,0.009056341834366322,160.86666870117188,479.26666259765625,0.0
20260717,detection_plus_resource,109,0.0,0.4870913103255803,0.02545907162129879,0.13624855875968933,0.5,0.00903927069157362,160.86666870117188,479.26666259765625,0.0
20260717,detection_plus_resource,110,0.0,0.4807624842222651,0.02529090829193592,0.13624855875968933,0.5066666603088379,0.009869665838778019,160.86666870117188,479.26666259765625,0.0
20260717,detection_plus_resource,111,0.0,0.47451588918938153,0.02529090829193592,0.13624855875968933,0.5066666603088379,0.009878210723400116,160.86666870117188,479.26666259765625,0.0
20260717,detection_plus_resource,112,0.0,0.46835045679040843,0.025394706055521965,0.13624855875968933,0.5066666603088379,0.009726322256028652,160.4933319091797,478.61334228515625,0.0
20260717,detection_plus_resource,113,0.0,0.4622651324711274,0.02529090829193592,0.13624855875968933,0.5066666603088379,0.009905579499900341,160.86666870117188,479.26666259765625,0.0
20260717,detection_plus_resource,114,0.0,0.4562588753792482,0.025394706055521965,0.13624855875968933,0.5066666603088379,0.009712991304695606,160.4933319091797,478.61334228515625,0.0
20260717,detection_plus_resource,115,0.0,0.45033065818637874,0.025165250524878502,0.13624855875968933,0.5066666603088379,0.01162573229521513,160.86666870117188,479.26666259765625,0.0
20260717,detection_plus_resource,116,0.0,0.4444794669123073,0.02529090829193592,0.13624855875968933,0.5066666603088379,0.009813046082854271,160.86666870117188,479.26666259765625,0.0
20260717,detection_plus_resource,117,0.0,0.43870430075156847,0.025732023641467094,0.13624855875968933,0.4933333396911621,0.00831631850451231,161.24000549316406,479.9200134277344,0.0
20260717,detection_plus_resource,118,0.0,0.4330041719022623,0.025732023641467094,0.13624855875968933,0.4933333396911621,0.008331095799803734,161.24000549316406,479.9200134277344,0.0
20260717,detection_plus_resource,119,0.0,0.42737810539709786,0.02529090829193592,0.13624855875968933,0.5066666603088379,0.009794030338525772,160.86666870117188,479.26666259765625,0.0
20260717,detection_plus_resource,120,0.0,0.42182513893663154,0.02529090829193592,0.13624855875968933,0.5066666603088379,0.009966420941054821,161.24000549316406,479.9200134277344,0.0
20260717,detection_plus_resource,121,0.0,0.4163443227246726,0.025732023641467094,0.13624855875968933,0.4933333396911621,0.008334262296557426,161.24000549316406,479.9200134277344,0.0
20260717,detection_plus_resource,122,0.0,0.4109347193058275,0.02529090829193592,0.13624855875968933,0.5066666603088379,0.009793350473046303,161.6133270263672,480.5733337402344,0.0
20260717,detection_plus_resource,123,0.0,0.40559540340515404,0.02529090829193592,0.13624855875968933,0.5066666603088379,0.009940293617546558,161.24000549316406,479.9200134277344,0.0
20260717,detection_plus_resource,124,0.0,0.4003254617699001,0.025732023641467094,0.13624855875968933,0.4933333396911621,0.008341368287801743,161.24000549316406,479.9200134277344,0.0
20260717,detection_plus_resource,125,0.0,0.39512399301329765,0.025732023641467094,0.13624855875968933,0.4933333396911621,0.008301401510834694,161.24000549316406,479.9200134277344,0.0
20260717,detection_plus_resource,126,0.0,0.38999010746038726,0.02413906343281269,0.13523562252521515,0.5133333206176758,0.012146332301199436,164.22666931152344,485.14666748046875,0.0
20260717,detection_plus_resource,127,0.0,0.3849229269958451,0.02545907162129879,0.13624855875968933,0.5,0.009029422886669636,161.24000549316406,479.9200134277344,0.0
20260717,detection_plus_resource,128,0.0,0.37992158491378775,0.02529090829193592,0.13624855875968933,0.5066666603088379,0.009696333669126034,161.6133270263672,480.5733337402344,0.0
20260717,detection_plus_resource,129,0.0,0.37498522576952775,0.02527942694723606,0.13624855875968933,0.5066666603088379,0.010541994124650955,161.6133270263672,480.5733337402344,0.0
20260717,detection_plus_resource,130,0.0,0.3701130052332562,0.02539905160665512,0.13624855875968933,0.5066666603088379,0.011522565968334675,161.24000549316406,479.9200134277344,0.0
20260717,detection_plus_resource,131,0.0,0.36530408994562563,0.024266814813017845,0.13523562252521515,0.5133333206176758,0.010932199656963348,163.47999572753906,483.8399963378906,0.0
20260717,detection_plus_resource,132,0.0,0.36055765737521017,0.025732023641467094,0.13624855875968933,0.4933333396911621,0.008208224549889565,161.24000549316406,479.9200134277344,0.0
20260717,detection_plus_resource,133,0.0,0.3558728956778169,0.02471941150724888,0.13523562252521515,0.5,0.0085813133046031,163.47999572753906,483.8399963378906,0.0
20260717,detection_plus_resource,134,0.0,0.3512490035576255,0.02545907162129879,0.13624855875968933,0.5,0.009063047356903553,161.24000549316406,479.9200134277344,0.0
20260717,detection_plus_resource,135,0.0,0.34668519013013266,0.02527942694723606,0.13624855875968933,0.5066666603088379,0.010737285949289799,161.24000549316406,479.9200134277344,0.0
20260717,detection_plus_resource,136,0.0,0.3421806747868764,0.02527942694723606,0.13624855875968933,0.5066666603088379,0.010691070929169655,161.24000549316406,479.9200134277344,0.0
20260717,detection_plus_resource,137,0.0,0.3377346870619185,0.024752110242843628,0.13523562252521515,0.5133333206176758,0.01330666895955801,162.73333740234375,482.5333251953125,0.0
20260717,detection_plus_resource,138,0.0,0.3333464665000618,0.025732023641467094,0.13624855875968933,0.4933333396911621,0.00821385346353054,161.24000549316406,479.9200134277344,0.0
20260717,detection_plus_resource,139,0.0,0.3290152625267794,0.025732023641467094,0.13624855875968933,0.4933333396911621,0.008112301118671894,161.6133270263672,480.5733337402344,0.0
20260717,detection_plus_resource,140,0.0,0.32474033431983446,0.025732023641467094,0.13624855875968933,0.4933333396911621,0.008167671971023083,161.6133270263672,480.5733337402344,0.0
20260717,detection_plus_resource,141,0.0,0.32052095068256753,0.025720536708831787,0.13624855875968933,0.4933333396911621,0.009086246602237225,161.98666381835938,481.2266540527344,0.0
20260717,detection_plus_resource,142,0.0,0.31635638991883036,0.025720536708831787,0.13624855875968933,0.4933333396911621,0.009135274216532707,161.24000549316406,479.9200134277344,0.0
20260717,detection_plus_resource,143,0.0,0.312245939709545,0.025720536708831787,0.13624855875968933,0.4933333396911621,0.00916174054145813,161.24000549316406,479.9200134277344,0.0
20260717,detection_plus_resource,144,0.0,0.30818889699086655,0.025720536708831787,0.13624855875968933,0.4933333396911621,0.009150419384241104,161.24000549316406,479.9200134277344,0.0
20260717,detection_plus_resource,145,0.0,0.30418456783392883,0.025720536708831787,0.13624855875968933,0.4933333396911621,0.009127139113843441,161.24000549316406,479.9200134277344,0.0
20260717,detection_plus_resource,146,0.0,0.30023226732615294,0.025248726829886436,0.13624855875968933,0.5133333206176758,0.01466936431825161,161.24000549316406,479.9200134277344,0.0
20260717,detection_plus_resource,147,0.0,0.29633131945409746,0.025732023641467094,0.13624855875968933,0.4933333396911621,0.008285379968583584,161.24000549316406,479.9200134277344,0.0
20260717,detection_plus_resource,148,0.0,0.29248105698783144,0.025732023641467094,0.13624855875968933,0.4933333396911621,0.008243230171501637,161.24000549316406,479.9200134277344,0.0
20260717,detection_plus_resource,149,0.0,0.2886808213668089,0.025720536708831787,0.13624855875968933,0.4933333396911621,0.009103246964514256,161.24000549316406,479.9200134277344,0.0
20260717,detection_plus_resource,150,0.0,0.2849299625872271,0.02517118863761425,0.13624855875968933,0.5133333206176758,0.012990474700927734,161.24000549316406,479.9200134277344,0.0
20260717,detection_plus_resource,151,0.0,0.2812278390908475,0.025732023641467094,0.13624855875968933,0.4933333396911621,0.008276460692286491,161.24000549316406,479.9200134277344,0.0
20260717,detection_plus_resource,152,0.0,0.277573817655262,0.025720536708831787,0.13624855875968933,0.4933333396911621,0.00915964599698782,161.24000549316406,479.9200134277344,0.0
20260717,detection_plus_resource,153,0.0,0.2739672732855847,0.025720536708831787,0.13624855875968933,0.4933333396911621,0.009155595675110817,161.24000549316406,479.9200134277344,0.0
20260717,detection_plus_resource,154,0.0,0.2704075891075505,0.0246884748339653,0.13523562252521515,0.5133333206176758,0.015125649981200695,161.98666381835938,481.2266540527344,0.0
20260717,detection_plus_resource,155,0.0,0.2668941562620035,0.025786302983760834,0.13624855875968933,0.4933333396911621,0.009972773492336273,161.24000549316406,479.9200134277344,0.0
20260717,detection_plus_resource,156,0.0,0.26342637380075573,0.024953100830316544,0.13523562252521515,0.5,0.010768425650894642,161.6133270263672,480.5733337402344,0.0
20260717,detection_plus_resource,157,0.0,0.260003648583799,0.025786302983760834,0.13624855875968933,0.4933333396911621,0.00994465034455061,161.24000549316406,479.9200134277344,0.0
20260717,detection_plus_resource,158,0.0,0.25662539517785243,0.025720536708831787,0.13624855875968933,0.4933333396911621,0.009105619043111801,161.24000549316406,479.9200134277344,0.0
20260717,detection_plus_resource,159,0.0,0.2532910357562287,0.025732023641467094,0.13624855875968933,0.4933333396911621,0.008290278725326061,161.24000549316406,479.9200134277344,0.0
20260717,detection_plus_resource,160,0.0,0.25,0.025720536708831787,0.13624855875968933,0.4933333396911621,0.0091244550421834,161.24000549316406,479.9200134277344,0.0
20260717,full_joint_loss,1,0.0011047935485839933,2.0,0.02340582199394703,0.11661507189273834,0.5,0.00782827939838171,215.0,574.0,0.12109375
20260717,full_joint_loss,2,0.002680912017822257,1.9740138000035972,0.023352283984422684,0.11575507372617722,0.5,0.008262360468506813,215.0,574.0,0.12109375
20260717,full_joint_loss,3,0.005055537223815909,1.9483652413023211,0.02319498360157013,0.11263815313577652,0.4933333396911621,0.009109673090279102,215.0,574.0,0.12109375
20260717,full_joint_loss,4,0.0087209129333496,1.9230499368890603,0.023581936955451965,0.11695604026317596,0.4933333396911621,0.01075661275535822,215.0,574.0,0.12109375
20260717,full_joint_loss,5,0.014201993942260715,1.898063556757526,0.021425530314445496,0.11409303545951843,0.5133333206176758,0.013109322637319565,215.0,574.0,0.12109375
20260717,full_joint_loss,6,0.021740555763244584,1.8734018271616335,0.022539597004652023,0.11725683510303497,0.5066666603088379,0.015410380437970161,215.0,574.0,0.12109375
20260717,full_joint_loss,7,0.030796155929565396,1.8490605298845093,0.023919472470879555,0.12268473953008652,0.5133333206176758,0.015596146695315838,215.0,574.0,0.12109375
20260717,full_joint_loss,8,0.04046427726745603,1.8250355015169928,0.02228376641869545,0.12171933799982071,0.5333333611488342,0.014612877741456032,215.0,574.0,0.12109375
20260717,full_joint_loss,9,0.050144567489624016,1.8013226327455147,0.02228376641869545,0.12171933799982071,0.5333333611488342,0.013397579081356525,215.0,574.0,0.12109375
20260717,full_joint_loss,10,0.059624724388122545,1.777917867649229,0.023102831095457077,0.1242033913731575,0.5333333611488342,0.012753310613334179,215.0,574.0,0.12109375
20260717,full_joint_loss,11,0.06905678749084472,1.7548172030062736,0.022307422012090683,0.12171933799982071,0.5333333611488342,0.01250122394412756,215.0,574.0,0.12109375
20260717,full_joint_loss,12,0.07867725372314452,1.732016687609049,0.021595636382699013,0.11911080777645111,0.5400000214576721,0.012683756649494171,215.0,574.0,0.12109375
20260717,full_joint_loss,13,0.08838729381561278,1.7095124215883912,0.021771306172013283,0.11911080777645111,0.5400000214576721,0.012754849158227444,215.0,574.0,0.12109375
20260717,full_joint_loss,14,0.09791533946990963,1.687300555746526,0.022944612428545952,0.12171933799982071,0.5333333611488342,0.01279546320438385,215.0,574.0,0.12109375
20260717,full_joint_loss,15,0.10704936981201169,1.6653772908986906,0.02386115863919258,0.12268473953008652,0.5199999809265137,0.013186192139983177,215.0,574.0,0.12109375
20260717,full_joint_loss,16,0.11556412696838378,1.6437388772233101,0.022567082196474075,0.12171933799982071,0.5400000214576721,0.01350926049053669,215.0,574.0,0.12109375
20260717,full_joint_loss,17,0.12319067001342773,1.6223816136206164,0.022503672167658806,0.1210896298289299,0.5266666412353516,0.013805233873426914,214.25332641601562,572.693359375,0.11854171752929688
20260717,full_joint_loss,18,0.12977384090423583,1.6013018470796005,0.021171482279896736,0.11601025611162186,0.5333333611488342,0.013164696283638477,209.02667236328125,563.5466918945312,0.10067713260650635
20260717,full_joint_loss,19,0.13503429889678953,1.5804959720531906,0.024937650188803673,0.1327618509531021,0.5133333206176758,0.009766063652932644,178.413330078125,509.97332763671875,0.0
20260717,full_joint_loss,20,0.13875768184661863,1.559960429841549,0.027748756110668182,0.14527514576911926,0.4866666793823242,0.011138209141790867,159.0,476.0,0.0
20260717,full_joint_loss,21,0.1403082990646362,1.5396917079833807,0.027748756110668182,0.14527514576911926,0.4866666793823242,0.01183022279292345,159.0,476.0,0.0
20260717,full_joint_loss,22,0.1406332921981811,1.5196863396551512,0.0272305179387331,0.14527514576911926,0.4933333396911621,0.013773094862699509,159.0,476.0,0.0
20260717,full_joint_loss,23,0.141147813796997,1.4999409030781112,0.027503468096256256,0.14527514576911926,0.4866666793823242,0.01158883422613144,159.0,476.0,0.0
20260717,full_joint_loss,24,0.14265703201293936,1.4804520209330247,0.027503468096256256,0.14527514576911926,0.4866666793823242,0.011052730493247509,159.0,476.0,0.0
20260717,full_joint_loss,25,0.14396210193634024,1.4612163597825027,0.027475805953145027,0.14527514576911926,0.4933333396911621,0.01117923203855753,159.0,476.0,0.0
20260717,full_joint_loss,26,0.14505054950714102,1.442230629500841,0.0272305179387331,0.14527514576911926,0.4933333396911621,0.012407557107508183,159.0,476.0,0.0
20260717,full_joint_loss,27,0.14594524860382072,1.4234915827112675,0.0272305179387331,0.14527514576911926,0.4933333396911621,0.012407557107508183,159.0,476.0,0.0
20260717,full_joint_loss,28,0.14679243564605704,1.404996014230502,0.027475805953145027,0.14527514576911926,0.4933333396911621,0.011819508858025074,159.0,476.0,0.0
20260717,full_joint_loss,29,0.14801782608032216,1.3867407605205309,0.027475805953145027,0.14527514576911926,0.4933333396911621,0.011819508858025074,159.0,476.0,0.0
20260717,full_joint_loss,30,0.14914775371551503,1.3687226991475059,0.027475805953145027,0.14527514576911926,0.4933333396911621,0.01117923203855753,159.0,476.0,0.0
20260717,full_joint_loss,31,0.14991333961486805,1.350938748247674,0.0272305179387331,0.14527514576911926,0.4933333396911621,0.012407557107508183,159.0,476.0,0.0
20260717,full_joint_loss,32,0.1505009651184081,1.333385866000247,0.0272305179387331,0.14527514576911926,0.4933333396911621,0.012407557107508183,159.0,476.0,0.0
20260717,full_joint_loss,33,0.151183738708496,1.3160610501071175,0.0272305179387331,0.14527514576911926,0.4933333396911621,0.012407557107508183,159.0,476.0,0.0
20260717,full_joint_loss,34,0.15167617321014393,1.2989613372793378,0.0272305179387331,0.14527514576911926,0.4933333396911621,0.011767279356718063,159.0,476.0,0.0
20260717,full_joint_loss,35,0.1524183464050292,1.2820838027302701,0.0272305179387331,0.14527514576911926,0.4933333396911621,0.013200090266764164,159.0,476.0,0.0
20260717,full_joint_loss,36,0.1534286260604857,1.2654255596753214,0.027475805953145027,0.14527514576911926,0.4933333396911621,0.01117923203855753,159.0,476.0,0.0
20260717,full_joint_loss,37,0.1541583681106566,1.24898375883818,0.0272305179387331,0.14527514576911926,0.4933333396911621,0.012407557107508183,159.0,476.0,0.0
20260717,full_joint_loss,38,0.15465739250183091,1.2327555879634662,0.0272305179387331,0.14527514576911926,0.4933333396911621,0.011767279356718063,159.0,476.0,0.0
20260717,full_joint_loss,39,0.154954376220703,1.2167382713357153,0.0272305179387331,0.14527514576911926,0.4933333396911621,0.012407557107508183,159.0,476.0,0.0
20260717,full_joint_loss,40,0.15527870655059803,1.2009290693046117,0.0272305179387331,0.14527514576911926,0.4933333396911621,0.011767279356718063,159.0,476.0,0.0
20260717,full_joint_loss,41,0.1557962989807128,1.18532527781639,0.0272305179387331,0.14527514576911926,0.4933333396911621,0.014534497633576393,159.0,476.0,0.0
20260717,full_joint_loss,42,0.1570826768875121,1.1699242279513258,0.0272305179387331,0.14527514576911926,0.4933333396911621,0.011767279356718063,159.0,476.0,0.0
20260717,full_joint_loss,43,0.15819701194763172,1.1547232854672358,0.027475805953145027,0.14527514576911926,0.4933333396911621,0.01117923203855753,159.0,476.0,0.0
20260717,full_joint_loss,44,0.15846566677093493,1.1397198503489083,0.027475805953145027,0.14527514576911926,0.4933333396911621,0.01117923203855753,159.0,476.0,0.0
20260717,full_joint_loss,45,0.15876254081726063,1.12491135636339,0.0272305179387331,0.14527514576911926,0.4933333396911621,0.013101686723530293,159.0,476.0,0.0
20260717,full_joint_loss,46,0.15974363327026356,1.110295270621048,0.0272305179387331,0.14527514576911926,0.4933333396911621,0.011767279356718063,159.0,476.0,0.0
20260717,full_joint_loss,47,0.1610884189605712,1.0958690931423387,0.027475805953145027,0.14527514576911926,0.4933333396911621,0.010487218387424946,159.0,476.0,0.0
20260717,full_joint_loss,48,0.1615715479850768,1.0816303564302021,0.027475805953145027,0.14527514576911926,0.4933333396911621,0.01117923203855753,159.0,476.0,0.0
20260717,full_joint_loss,49,0.1619594931602477,1.0675766250480143,0.0272305179387331,0.14527514576911926,0.4933333396911621,0.014534497633576393,159.0,476.0,0.0
20260717,full_joint_loss,50,0.16215586185455313,1.0537054952030231,0.0272305179387331,0.14527514576911926,0.4933333396911621,0.012303382158279419,159.0,476.0,0.0
20260717,full_joint_loss,51,0.16232303142547597,1.040014594335196,0.027185093611478806,0.14527514576911926,0.5,0.010991894640028477,159.74667358398438,477.3066711425781,0.0
20260717,full_joint_loss,52,0.16248073577880848,1.02650158071141,0.027185093611478806,0.14527514576911926,0.5,0.011005794629454613,159.74667358398438,477.3066711425781,0.0
20260717,full_joint_loss,53,0.16269433259963978,1.0131641430249148,0.027185093611478806,0.14527514576911926,0.5,0.013020837679505348,159.74667358398438,477.3066711425781,0.0
20260717,full_joint_loss,54,0.16301748037338248,1.0,0.027185093611478806,0.14527514576911926,0.5,0.01301199197769165,159.74667358398438,477.3066711425781,0.0
20260717,full_joint_loss,55,0.16325914382934562,0.9870069000017987,0.027185093611478806,0.14527514576911926,0.5,0.011014511808753014,159.74667358398438,477.3066711425781,0.0
20260717,full_joint_loss,56,0.16391438961029045,0.9741826206511606,0.027185093611478806,0.14527514576911926,0.5,0.010995362885296345,159.74667358398438,477.3066711425781,0.0
20260717,full_joint_loss,57,0.1645115613937377,0.9615249684445302,0.027430381625890732,0.14527514576911926,0.5,0.011202072724699974,159.74667358398438,477.3066711425781,0.0
20260717,full_joint_loss,58,0.1645515060424804,0.949031778378763,0.027185093611478806,0.14527514576911926,0.5,0.011797435581684113,159.74667358398438,477.3066711425781,0.0
20260717,full_joint_loss,59,0.1644223999977111,0.9367009135808169,0.027185093611478806,0.14527514576911926,0.5,0.012440234422683716,159.74667358398438,477.3066711425781,0.0
20260717,full_joint_loss,60,0.1649867606163024,0.9245302649422548,0.027185093611478806,0.14527514576911926,0.5,0.010982655920088291,159.74667358398438,477.3066711425781,0.0
20260717,full_joint_loss,61,0.16509823322296135,0.9125177507584963,0.027430381625890732,0.14527514576911926,0.5,0.010372593998908997,159.74667358398438,477.3066711425781,0.0
20260717,full_joint_loss,62,0.1652533817291259,0.9006613163727574,0.027185093611478806,0.14527514576911926,0.5,0.01180264726281166,159.74667358398438,477.3066711425781,0.0
20260717,full_joint_loss,63,0.16532917737960806,0.8889589338246144,0.027185093611478806,0.14527514576911926,0.5,0.01180360559374094,159.74667358398438,477.3066711425781,0.0
20260717,full_joint_loss,64,0.16546235561370842,0.8774086015031368,0.027185093611478806,0.14527514576911926,0.5,0.010980294086039066,159.74667358398438,477.3066711425781,0.0
20260717,full_joint_loss,65,0.1652028012275695,0.8660083438045245,0.027185093611478806,0.14527514576911926,0.5,0.010955685749650002,159.74667358398438,477.3066711425781,0.0
20260717,full_joint_loss,66,0.16444779396057121,0.8547562107941956,0.027185093611478806,0.14527514576911926,0.5,0.01177479512989521,159.74667358398438,477.3066711425781,0.0
20260717,full_joint_loss,67,0.16384109735488883,0.8436502778732629,0.026102285832166672,0.14004959166049957,0.5066666603088379,0.011852100491523743,160.1199951171875,477.9599914550781,0.0
20260717,full_joint_loss,68,0.16437558412551873,0.8326886454493452,0.025015590712428093,0.13624855875968933,0.5066666603088379,0.012371981516480446,161.24000549316406,479.9200134277344,0.0
20260717,full_joint_loss,69,0.16495742082595818,0.8218694386116551,0.026347573846578598,0.14004959166049957,0.5066666603088379,0.009623081423342228,160.1199951171875,477.9599914550781,0.0
20260717,full_joint_loss,70,0.16389853954315178,0.8111908068103082,0.027430381625890732,0.14527514576911926,0.5,0.01032528281211853,159.74667358398438,477.3066711425781,0.0
20260717,full_joint_loss,71,0.16299809217452996,0.8006509235398003,0.024944612756371498,0.13624855875968933,0.5066666603088379,0.01696610450744629,161.24000549316406,479.9200134277344,0.0
20260717,full_joint_loss,72,0.16280999422073356,0.7902479860265953,0.025015590712428093,0.13624855875968933,0.5066666603088379,0.011415760032832623,161.24000549316406,479.9200134277344,0.0
20260717,full_joint_loss,73,0.16258875131607048,0.7799802149207745,0.02526087686419487,0.13624855875968933,0.5066666603088379,0.010643848218023777,161.24000549316406,479.9200134277344,0.0
20260717,full_joint_loss,74,0.1625605630874633,0.7698458539916904,0.02526087686419487,0.13624855875968933,0.5066666603088379,0.010726737789809704,161.24000549316406,479.9200134277344,0.0
20260717,full_joint_loss,75,0.16248747110366812,0.7598431698275756,0.025015590712428093,0.13624855875968933,0.5066666603088379,0.012213124893605709,161.24000549316406,479.9200134277344,0.0
20260717,full_joint_loss,76,0.16107786893844595,0.7499704515390556,0.025039786472916603,0.13624855875968933,0.5066666603088379,0.014218964613974094,160.86666870117188,479.26666259765625,0.0
20260717,full_joint_loss,77,0.16107771396636952,0.7402260104665124,0.023997141048312187,0.13047724962234497,0.5199999809265137,0.014807494357228279,164.22666931152344,485.14666748046875,0.0
20260717,full_joint_loss,78,0.16228179931640616,0.7306081798912514,0.02526087686419487,0.13624855875968933,0.5066666603088379,0.009919481351971626,161.24000549316406,479.9200134277344,0.0
20260717,full_joint_loss,79,0.16110279560089102,0.7211153147504205,0.02541942521929741,0.13624855875968933,0.5066666603088379,0.009517070837318897,160.4933319091797,478.61334228515625,0.0
20260717,full_joint_loss,80,0.15913100957870474,0.7117457913556338,0.024999363347887993,0.13624855875968933,0.5066666603088379,0.01587698608636856,160.86666870117188,479.26666259765625,0.0
20260717,full_joint_loss,81,0.1587147378921508,0.702498007115251,0.02480054646730423,0.13624855875968933,0.5133333206176758,0.01317662838846445,161.6133270263672,480.5733337402344,0.0
20260717,full_joint_loss,82,0.15918690204620353,0.6933703802602654,0.02526087686419487,0.13624855875968933,0.5066666603088379,0.01061277650296688,161.24000549316406,479.9200134277344,0.0
20260717,full_joint_loss,83,0.1580306911468505,0.6843613495737529,0.025315627455711365,0.13624855875968933,0.5066666603088379,0.010342386551201344,160.86666870117188,479.26666259765625,0.0
20260717,full_joint_loss,84,0.15654679775238028,0.6754693741238371,0.02526087686419487,0.13624855875968933,0.5066666603088379,0.012154960073530674,161.24000549316406,479.9200134277344,0.0
20260717,full_joint_loss,85,0.1563748097419738,0.6666929330001236,0.02498503588140011,0.13624855875968933,0.5066666603088379,0.015159636735916138,161.24000549316406,479.9200134277344,0.0
20260717,full_joint_loss,86,0.15505275011062614,0.6580305250535589,0.02541942521929741,0.13624855875968933,0.5066666603088379,0.010993417352437973,160.4933319091797,478.61334228515625,0.0
20260717,full_joint_loss,87,0.15277488946914664,0.649480668639669,0.02528507262468338,0.13624855875968933,0.5066666603088379,0.012066320516169071,160.86666870117188,479.26666259765625,0.0
20260717,full_joint_loss,88,0.1520289421081542,0.6410419013651351,0.02497355081140995,0.13624855875968933,0.5066666603088379,0.014591099694371223,161.24000549316406,479.9200134277344,0.0
20260717,full_joint_loss,89,0.1515059781074523,0.6327127798376607,0.02526087686419487,0.13624855875968933,0.5066666603088379,0.010640201158821583,161.24000549316406,479.9200134277344,0.0
20260717,full_joint_loss,90,0.15033576488494865,0.62449187941909,0.025315627455711365,0.13624855875968933,0.5066666603088379,0.010381819680333138,160.86666870117188,479.26666259765625,0.0
20260717,full_joint_loss,91,0.14859730482101433,0.6163777939817331,0.02528507262468338,0.13624855875968933,0.5066666603088379,0.012063351459801197,160.86666870117188,479.26666259765625,0.0
20260717,full_joint_loss,92,0.14742664575576775,0.6083691356678577,0.02497355081140995,0.13624855875968933,0.5066666603088379,0.014588549733161926,161.24000549316406,479.9200134277344,0.0
20260717,full_joint_loss,93,0.14671539306640619,0.6004645346523059,0.02526087686419487,0.13624855875968933,0.5066666603088379,0.011425765231251717,161.24000549316406,479.9200134277344,0.0
20260717,full_joint_loss,94,0.1458185172080993,0.592662638908195,0.025315627455711365,0.13624855875968933,0.5066666603088379,0.01036848034709692,160.86666870117188,479.26666259765625,0.0
20260717,full_joint_loss,95,0.1447439193725585,0.5849621139756629,0.02541942521929741,0.13624855875968933,0.5066666603088379,0.010995296761393547,160.4933319091797,478.61334228515625,0.0
20260717,full_joint_loss,96,0.14265511751174917,0.5773616427336179,0.025388870388269424,0.13624855875968933,0.5066666603088379,0.011835306882858276,160.4933319091797,478.61334228515625,0.0
20260717,full_joint_loss,97,0.14073908567428578,0.5698599251744542,0.02528507262468338,0.13624855875968933,0.5066666603088379,0.012120267376303673,160.86666870117188,479.26666259765625,0.0
20260717,full_joint_loss,98,0.13970201730728138,0.562455678181695,0.025230320170521736,0.13624855875968933,0.5066666603088379,0.01148539874702692,161.24000549316406,479.9200134277344,0.0
20260717,full_joint_loss,99,0.1390458559989928,0.555147635310524,0.02541942521929741,0.13624855875968933,0.5066666603088379,0.010213129222393036,160.4933319091797,478.61334228515625,0.0
20260717,full_joint_loss,100,0.13751341581344592,0.5479345465711694,0.026471678167581558,0.14159618318080902,0.5,0.010997449979186058,160.1199951171875,477.9599914550781,0.0
20260717,full_joint_loss,101,0.13612336874008166,0.5408151782151011,0.025388870388269424,0.13624855875968933,0.5066666603088379,0.013305780477821827,160.4933319091797,478.61334228515625,0.0
20260717,full_joint_loss,102,0.13525107145309437,0.5337883125240072,0.026471678167581558,0.14159618318080902,0.5,0.011809061281383038,160.1199951171875,477.9599914550781,0.0
20260717,full_joint_loss,103,0.13321993112564076,0.5268527476015116,0.026471678167581558,0.14159618318080902,0.5,0.011802034452557564,160.1199951171875,477.9599914550781,0.0
20260717,full_joint_loss,104,0.13091535806655874,0.520007297167598,0.026471678167581558,0.14159618318080902,0.5,0.011816827580332756,160.1199951171875,477.9599914550781,0.0
20260717,full_joint_loss,105,0.12893573045730583,0.513250790355705,0.026471678167581558,0.14159618318080902,0.5,0.011820247396826744,160.1199951171875,477.9599914550781,0.0
20260717,full_joint_loss,106,0.12734306097030632,0.5065820715124574,0.02643256075680256,0.14159618318080902,0.5,0.011598360724747181,160.27999877929688,478.239990234375,0.0
20260717,full_joint_loss,107,0.12548607349395743,0.5,0.02643256075680256,0.14159618318080902,0.5,0.010796512477099895,160.27999877929688,478.239990234375,0.0
20260717,full_joint_loss,108,0.12331215620040885,0.49350345000089935,0.02643256075680256,0.14159618318080902,0.5,0.011611157096922398,160.27999877929688,478.239990234375,0.0
20260717,full_joint_loss,109,0.12110481262207022,0.4870913103255803,0.02643256075680256,0.14159618318080902,0.5,0.012440968304872513,160.27999877929688,478.239990234375,0.0
20260717,full_joint_loss,110,0.11879249811172476,0.4807624842222651,0.02643256075680256,0.14159618318080902,0.5,0.010823718272149563,160.27999877929688,478.239990234375,0.0
20260717,full_joint_loss,111,0.11651798009872427,0.47451588918938153,0.02643256075680256,0.14159618318080902,0.5,0.010829419828951359,160.27999877929688,478.239990234375,0.0
20260717,full_joint_loss,112,0.11409977197647085,0.46835045679040843,0.02643256075680256,0.14159618318080902,0.5,0.010859609581530094,160.27999877929688,478.239990234375,0.0
20260717,full_joint_loss,113,0.11244557619094839,0.4622651324711274,0.025349752977490425,0.13624855875968933,0.5066666603088379,0.010971371084451675,160.65333557128906,478.8933410644531,0.0
20260717,full_joint_loss,114,0.11065486669540396,0.4562588753792482,0.02643256075680256,0.14159618318080902,0.5,0.010851109400391579,160.27999877929688,478.239990234375,0.0
20260717,full_joint_loss,115,0.10695748567581166,0.45033065818637874,0.025349752977490425,0.13624855875968933,0.5066666603088379,0.011785824783146381,160.65333557128906,478.8933410644531,0.0
20260717,full_joint_loss,116,0.10572032690048207,0.4444794669123073,0.025066310539841652,0.13624855875968933,0.5133333206176758,0.013701369054615498,161.02667236328125,479.5466613769531,0.0
20260717,full_joint_loss,117,0.10329792022705069,0.43870430075156847,0.02643256075680256,0.14159618318080902,0.5,0.010133882984519005,160.27999877929688,478.239990234375,0.0
20260717,full_joint_loss,118,0.10072724103927604,0.4330041719022623,0.02524595521390438,0.13624855875968933,0.5066666603088379,0.011120973154902458,161.02667236328125,479.5466613769531,0.0
20260717,full_joint_loss,119,0.09885999441146842,0.42737810539709786,0.02524595521390438,0.13624855875968933,0.5066666603088379,0.011137066408991814,161.02667236328125,479.5466613769531,0.0
20260717,full_joint_loss,120,0.09647858858108511,0.42182513893663154,0.02524595521390438,0.13624855875968933,0.5066666603088379,0.011943675577640533,161.02667236328125,479.5466613769531,0.0
20260717,full_joint_loss,121,0.09520979642868033,0.4163443227246726,0.02524595521390438,0.13624855875968933,0.5066666603088379,0.010353497229516506,161.02667236328125,479.5466613769531,0.0
20260717,full_joint_loss,122,0.09337859392166128,0.4109347193058275,0.02524595521390438,0.13624855875968933,0.5066666603088379,0.0103847561404109,161.02667236328125,479.5466613769531,0.0
20260717,full_joint_loss,123,0.0909731984138488,0.40559540340515404,0.02524595521390438,0.13624855875968933,0.5066666603088379,0.011189219541847706,161.02667236328125,479.5466613769531,0.0
20260717,full_joint_loss,124,0.09071883678436271,0.4003254617699001,0.02524595521390438,0.13624855875968933,0.5066666603088379,0.0104479705914855,161.02667236328125,479.5466613769531,0.0
20260717,full_joint_loss,125,0.08759891748428336,0.39512399301329765,0.025349752977490425,0.13624855875968933,0.5066666603088379,0.010195523500442505,160.65333557128906,478.8933410644531,0.0
20260717,full_joint_loss,126,0.08513441085815421,0.38999010746038726,0.024619469419121742,0.13523562252521515,0.5066666603088379,0.012830759398639202,162.52000427246094,482.1600036621094,0.0
20260717,full_joint_loss,127,0.08489745616912833,0.3849229269958451,0.02524595521390438,0.13624855875968933,0.5066666603088379,0.010419693775475025,161.02667236328125,479.5466613769531,0.0
20260717,full_joint_loss,128,0.08178091526031485,0.37992158491378775,0.02524595521390438,0.13624855875968933,0.5066666603088379,0.010456925258040428,161.02667236328125,479.5466613769531,0.0
20260717,full_joint_loss,129,0.08032052755355827,0.37498522576952775,0.024619469419121742,0.13523562252521515,0.5066666603088379,0.011911449022591114,162.52000427246094,482.1600036621094,0.0
20260717,full_joint_loss,130,0.07879937171936026,0.3701130052332562,0.02524595521390438,0.13624855875968933,0.5066666603088379,0.010612664744257927,161.39999389648438,480.20001220703125,0.0
20260717,full_joint_loss,131,0.07619848728179922,0.36530408994562563,0.02404024638235569,0.13523562252521515,0.5133333206176758,0.014018789865076542,164.01333618164062,484.7733459472656,0.0
20260717,full_joint_loss,132,0.07685306310653678,0.36055765737521017,0.02524595521390438,0.13624855875968933,0.5066666603088379,0.010615414008498192,161.39999389648438,480.20001220703125,0.0
20260717,full_joint_loss,133,0.07337760686874381,0.3558728956778169,0.024685705080628395,0.13523562252521515,0.5066666603088379,0.010710036382079124,161.77333068847656,480.85333251953125,0.0
20260717,full_joint_loss,134,0.07272433519363394,0.3512490035576255,0.0246309544891119,0.13523562252521515,0.5066666603088379,0.011070706881582737,162.52000427246094,482.1600036621094,0.0
20260717,full_joint_loss,135,0.07158099412918081,0.34668519013013266,0.02524595521390438,0.13624855875968933,0.5066666603088379,0.010640166699886322,161.39999389648438,480.20001220703125,0.0
20260717,full_joint_loss,136,0.06868126630783071,0.3421806747868764,0.024685705080628395,0.13523562252521515,0.5066666603088379,0.010792148299515247,161.77333068847656,480.85333251953125,0.0
20260717,full_joint_loss,137,0.06746738195419301,0.3377346870619185,0.024739986285567284,0.13523562252521515,0.5066666603088379,0.012408188544213772,161.77333068847656,480.85333251953125,0.0
20260717,full_joint_loss,138,0.06533620119094838,0.3333464665000618,0.02524595521390438,0.13624855875968933,0.5066666603088379,0.01067427545785904,161.77333068847656,480.85333251953125,0.0
20260717,full_joint_loss,139,0.06444334745407093,0.3290152625267794,0.02519981749355793,0.13624855875968933,0.5066666603088379,0.0109108192846179,162.14666748046875,481.50665283203125,0.0
20260717,full_joint_loss,140,0.061905679702758676,0.32474033431983446,0.025234472006559372,0.13624855875968933,0.5066666603088379,0.011552292853593826,161.77333068847656,480.85333251953125,0.0
20260717,full_joint_loss,141,0.06057914733886708,0.32052095068256753,0.024619469419121742,0.13523562252521515,0.5066666603088379,0.011810215190052986,162.52000427246094,482.1600036621094,0.0
20260717,full_joint_loss,142,0.059197123050689596,0.31635638991883036,0.024739986285567284,0.13523562252521515,0.5066666603088379,0.012331482023000717,161.77333068847656,480.85333251953125,0.0
20260717,full_joint_loss,143,0.05813682079315176,0.312245939709545,0.024619469419121742,0.13523562252521515,0.5066666603088379,0.011791420169174671,162.52000427246094,482.1600036621094,0.0
20260717,full_joint_loss,144,0.05626718521118154,0.30818889699086655,0.024685705080628395,0.13523562252521515,0.5066666603088379,0.010728229768574238,161.77333068847656,480.85333251953125,0.0
20260717,full_joint_loss,145,0.05445306301116934,0.30418456783392883,0.025265580043196678,0.13624855875968933,0.5066666603088379,0.011930283159017563,162.52000427246094,482.1600036621094,0.0
20260717,full_joint_loss,146,0.05201681137084952,0.30023226732615294,0.02530023641884327,0.13624855875968933,0.5066666603088379,0.012468923814594746,161.77333068847656,480.85333251953125,0.0
20260717,full_joint_loss,147,0.050320274829864405,0.29633131945409746,0.025304695591330528,0.13624855875968933,0.5066666603088379,0.01199768390506506,162.36000061035156,481.8800048828125,0.0
20260717,full_joint_loss,148,0.04853514432907095,0.29248105698783144,0.02528507262468338,0.13624855875968933,0.5066666603088379,0.01083696074783802,161.6133270263672,480.5733337402344,0.0
20260717,full_joint_loss,149,0.04639402627944937,0.2886808213668089,0.025265580043196678,0.13624855875968933,0.5066666603088379,0.011792088858783245,162.52000427246094,482.1600036621094,0.0
20260717,full_joint_loss,150,0.04459915399551381,0.2849299625872271,0.02472435124218464,0.13523562252521515,0.5066666603088379,0.012776171788573265,162.36000061035156,481.8800048828125,0.0
20260717,full_joint_loss,151,0.044660508632659815,0.2812278390908475,0.02455134503543377,0.13523562252521515,0.5133333206176758,0.011942100711166859,162.73333740234375,482.5333251953125,0.0
20260717,full_joint_loss,152,0.043055303096771136,0.277573817655262,0.024735834449529648,0.13523562252521515,0.5066666603088379,0.011915728449821472,162.36000061035156,481.8800048828125,0.0
20260717,full_joint_loss,153,0.04157385349273671,0.2739672732855847,0.02469671703875065,0.13523562252521515,0.5066666603088379,0.01192724984139204,162.52000427246094,482.1600036621094,0.0
20260717,full_joint_loss,154,0.039320907592773326,0.2704075891075505,0.025296082720160484,0.13624855875968933,0.5066666603088379,0.012139745987951756,162.52000427246094,482.1600036621094,0.0
20260717,full_joint_loss,155,0.037441926002502325,0.2668941562620035,0.025304695591330528,0.13624855875968933,0.5066666603088379,0.01272447407245636,162.36000061035156,481.8800048828125,0.0
20260717,full_joint_loss,156,0.03557571411132802,0.26342637380075573,0.025304695591330528,0.13624855875968933,0.5066666603088379,0.012691829353570938,162.36000061035156,481.8800048828125,0.0
20260717,full_joint_loss,157,0.034948074817657375,0.260003648583799,0.024732964113354683,0.13523562252521515,0.5066666603088379,0.013543670997023582,162.36000061035156,481.8800048828125,0.0
20260717,full_joint_loss,158,0.03387342453002921,0.25662539517785243,0.024739986285567284,0.13523562252521515,0.5066666603088379,0.012296081520617008,161.77333068847656,480.85333251953125,0.0
20260717,full_joint_loss,159,0.0309375810623168,0.2532910357562287,0.024407975375652313,0.13634540140628815,0.5133333206176758,0.012900139205157757,166.6266632080078,489.3466796875,0.0
20260717,full_joint_loss,160,0.032596178054809466,0.25,0.02515222877264023,0.13523562252521515,0.4933333396911621,0.011132855899631977,161.98666381835938,481.2266540527344,0.0
20260718,detection_only,1,0.0,2.0,0.02386336401104927,0.11575507372617722,0.4866666793823242,0.00774336326867342,215.0,574.0,0.12109375
20260718,detection_only,2,0.0,1.9740138000035972,0.023294299840927124,0.11461873352527618,0.4933333396911621,0.00797391775995493,215.0,574.0,0.12109375
20260718,detection_only,3,0.0,1.9483652413023211,0.022249044850468636,0.11387444287538528,0.5199999809265137,0.008430756628513336,215.0,574.0,0.12109375
20260718,detection_only,4,0.0,1.9230499368890603,0.021482817828655243,0.10942045599222183,0.5133333206176758,0.00932330172508955,215.0,574.0,0.12109375
20260718,detection_only,5,0.0,1.898063556757526,0.021287675946950912,0.11334416270256042,0.5199999809265137,0.010523809120059013,215.0,574.0,0.12109375
20260718,detection_only,6,0.0,1.8734018271616335,0.021846411749720573,0.11334416270256042,0.5133333206176758,0.011515083722770214,215.0,574.0,0.12109375
20260718,detection_only,7,0.0,1.8490605298845093,0.021831128746271133,0.11334416270256042,0.5199999809265137,0.01176262367516756,215.0,574.0,0.12109375
20260718,detection_only,8,0.0,1.8250355015169928,0.02149745635688305,0.11334416270256042,0.5266666412353516,0.010746319778263569,215.0,574.0,0.12109375
20260718,detection_only,9,0.0,1.8013226327455147,0.02149745635688305,0.11334416270256042,0.5266666412353516,0.009794383309781551,215.0,574.0,0.12109375
20260718,detection_only,10,0.0,1.777917867649229,0.021145706996321678,0.11334416270256042,0.5333333611488342,0.00943803507834673,215.0,574.0,0.12109375
20260718,detection_only,11,0.0,1.7548172030062736,0.02149745635688305,0.11334416270256042,0.5266666412353516,0.009648468345403671,215.0,574.0,0.12109375
20260718,detection_only,12,0.0,1.732016687609049,0.02120877243578434,0.11334416270256042,0.5333333611488342,0.009813439100980759,215.0,574.0,0.12109375
20260718,detection_only,13,0.0,1.7095124215883912,0.02075089141726494,0.11124005913734436,0.5333333611488342,0.00966981053352356,215.0,574.0,0.12109375
20260718,detection_only,14,0.0,1.687300555746526,0.02215498313307762,0.11591263115406036,0.5199999809265137,0.009360691532492638,215.0,574.0,0.12109375
20260718,detection_only,15,0.0,1.6653772908986906,0.021273165941238403,0.11124005913734436,0.5199999809265137,0.008766917511820793,213.5066680908203,571.3866577148438,0.1159895658493042
20260718,detection_only,16,0.0,1.6437388772233101,0.021898800507187843,0.11601025611162186,0.5133333206176758,0.00920033734291792,213.13333129882812,570.7333374023438,0.11471354961395264
20260718,detection_only,17,0.0,1.6223816136206164,0.022484270855784416,0.12043868005275726,0.5266666412353516,0.008876406587660313,210.89332580566406,566.8133544921875,0.10705733299255371
20260718,detection_only,18,0.0,1.6013018470796005,0.023198949173092842,0.1217687577009201,0.5199999809265137,0.009114809334278107,210.52000427246094,566.1599731445312,0.1057811975479126
20260718,detection_only,19,0.0,1.5804959720531906,0.023446232080459595,0.1217687577009201,0.5133333206176758,0.008654013276100159,206.413330078125,558.9733276367188,0.09174478054046631
20260718,detection_only,20,0.0,1.559960429841549,0.022842993959784508,0.12079283595085144,0.5199999809265137,0.008889811113476753,206.413330078125,558.9733276367188,0.09174478054046631
20260718,detection_only,21,0.0,1.5396917079833807,0.022806202992796898,0.12079283595085144,0.5266666412353516,0.008771001361310482,205.2933349609375,557.0133056640625,0.08791661262512207
20260718,detection_only,22,0.0,1.5196863396551512,0.0226068664342165,0.12079283595085144,0.5199999809265137,0.009330044500529766,206.0399932861328,558.3200073242188,0.09046876430511475
20260718,detection_only,23,0.0,1.4999409030781112,0.02252448908984661,0.12079283595085144,0.5266666412353516,0.00932423397898674,205.6666717529297,557.6666870117188,0.08919274806976318
20260718,detection_only,24,0.0,1.4804520209330247,0.024595210328698158,0.12677016854286194,0.5133333206176758,0.009005771018564701,203.05332946777344,553.0933227539062,0.08026039600372314
20260718,detection_only,25,0.0,1.4612163597825027,0.024335460737347603,0.12552036345005035,0.5199999809265137,0.009186148643493652,203.42666625976562,553.7466430664062,0.08153641223907471
20260718,detection_only,26,0.0,1.442230629500841,0.024335460737347603,0.12552036345005035,0.5199999809265137,0.009692703373730183,203.8000030517578,554.4000244140625,0.08281254768371582
20260718,detection_only,27,0.0,1.4234915827112675,0.02484087273478508,0.12924101948738098,0.5199999809265137,0.009384945034980774,200.81333923339844,549.17333984375,0.07260417938232422
20260718,detection_only,28,0.0,1.404996014230502,0.02623777464032173,0.13086776435375214,0.5133333206176758,0.00928569957613945,198.57333374023438,545.2533569335938,0.06494796276092529
20260718,detection_only,29,0.0,1.3867407605205309,0.023538906127214432,0.12142253667116165,0.5266666412353516,0.010255387984216213,201.93333435058594,551.1333618164062,0.07643234729766846
20260718,detection_only,30,0.0,1.3687226991475059,0.024606244638562202,0.12689198553562164,0.5266666412353516,0.009725237265229225,197.0800018310547,542.6400146484375,0.05984377861022949
20260718,detection_only,31,0.0,1.350938748247674,0.025873780250549316,0.13086776435375214,0.5266666412353516,0.00908358208835125,191.85333251953125,533.4933471679688,0.041979193687438965
20260718,detection_only,32,0.0,1.333385866000247,0.02512316219508648,0.12689198553562164,0.5199999809265137,0.009657819755375385,194.83999633789062,538.719970703125,0.052187442779541016
20260718,detection_only,33,0.0,1.3160610501071175,0.024842537939548492,0.12689198553562164,0.5199999809265137,0.00999239832162857,196.7066650390625,541.9866943359375,0.05856776237487793
20260718,detection_only,34,0.0,1.2989613372793378,0.02501574158668518,0.13144251704216003,0.5333333611488342,0.009487275965511799,188.86666870117188,528.2666625976562,0.03177082538604736
20260718,detection_only,35,0.0,1.2820838027302701,0.02556668035686016,0.1327618509531021,0.5333333611488342,0.009384188801050186,189.98666381835938,530.2266845703125,0.0355989933013916
20260718,detection_only,36,0.0,1.2654255596753214,0.02499501407146454,0.12689198553562164,0.5266666412353516,0.010295465588569641,194.83999633789062,538.719970703125,0.052187442779541016
20260718,detection_only,37,0.0,1.24898375883818,0.025483710691332817,0.1327618509531021,0.5333333611488342,0.009253796190023422,187.74667358398438,526.306640625,0.027942657470703125
20260718,detection_only,38,0.0,1.2327555879634662,0.025350362062454224,0.1327618509531021,0.5333333611488342,0.009272905997931957,187.3733367919922,525.6533203125,0.026666641235351562
20260718,detection_only,39,0.0,1.2167382713357153,0.025350362062454224,0.1327618509531021,0.5333333611488342,0.009529197588562965,187.3733367919922,525.6533203125,0.026666641235351562
20260718,detection_only,40,0.0,1.2009290693046117,0.02474195696413517,0.1327618509531021,0.5400000214576721,0.009220381267368793,184.3866729736328,520.4266967773438,0.01645839214324951
20260718,detection_only,41,0.0,1.18532527781639,0.02481892704963684,0.1327618509531021,0.5199999809265137,0.008843619376420975,178.413330078125,509.97332763671875,0.0
20260718,detection_only,42,0.0,1.1699242279513258,0.024389583617448807,0.1327618509531021,0.5133333206176758,0.008771254681050777,176.9199981689453,507.3599853515625,0.0
20260718,detection_only,43,0.0,1.1547232854672358,0.02515515871345997,0.1327618509531021,0.5333333611488342,0.009394986554980278,183.26666259765625,518.4666748046875,0.012630224227905273
20260718,detection_only,44,0.0,1.1397198503489083,0.02583931013941765,0.1327618509531021,0.47999998927116394,0.008746237494051456,166.46665954589844,489.0666809082031,0.0
20260718,detection_only,45,0.0,1.12491135636339,0.02368486486375332,0.13144229352474213,0.5266666412353516,0.008603681810200214,177.2933349609375,508.0133361816406,0.0
20260718,detection_only,46,0.0,1.110295270621048,0.024421125650405884,0.1327618509531021,0.5333333611488342,0.009163755923509598,180.27999877929688,513.239990234375,0.002421855926513672
20260718,detection_only,47,0.0,1.0958690931423387,0.026771128177642822,0.13811065256595612,0.47999998927116394,0.008672085590660572,162.36000061035156,481.8800048828125,0.0
20260718,detection_only,48,0.0,1.0816303564302021,0.024992937222123146,0.1336051970720291,0.5133333206176758,0.008604036644101143,174.30667114257812,502.7866516113281,0.0
20260718,detection_only,49,0.0,1.0675766250480143,0.027706734836101532,0.14527514576911926,0.4866666793823242,0.008379139937460423,160.4933319091797,478.61334228515625,0.0
20260718,detection_only,50,0.0,1.0537054952030231,0.025667771697044373,0.1327618509531021,0.4933333396911621,0.008449988439679146,165.72000122070312,487.760009765625,0.0
20260718,detection_only,51,0.0,1.040014594335196,0.027430737391114235,0.14527514576911926,0.4933333396911621,0.008383984677493572,160.1199951171875,477.9599914550781,0.0
20260718,detection_only,52,0.0,1.02650158071141,0.028030531480908394,0.14527514576911926,0.47999998927116394,0.00840053241699934,160.86666870117188,479.26666259765625,0.0
20260718,detection_only,53,0.0,1.0131641430249148,0.027846775949001312,0.14527514576911926,0.4866666793823242,0.008373582735657692,159.74667358398438,477.3066711425781,0.0
20260718,detection_only,54,0.0,1.0,0.025519387796521187,0.1327618509531021,0.5,0.00904788263142109,164.97332763671875,486.4533386230469,0.0
20260718,detection_only,55,0.0,0.9870069000017987,0.027846775949001312,0.14527514576911926,0.4866666793823242,0.00838939193636179,159.74667358398438,477.3066711425781,0.0
20260718,detection_only,56,0.0,0.9741826206511606,0.027846775949001312,0.14527514576911926,0.4866666793823242,0.008382621221244335,159.74667358398438,477.3066711425781,0.0
20260718,detection_only,57,0.0,0.9615249684445302,0.024441521614789963,0.12741421163082123,0.5066666603088379,0.00916044507175684,166.0933380126953,488.413330078125,0.0
20260718,detection_only,58,0.0,0.949031778378763,0.027846775949001312,0.14527514576911926,0.4866666793823242,0.008383393287658691,159.74667358398438,477.3066711425781,0.0
20260718,detection_only,59,0.0,0.9367009135808169,0.027846775949001312,0.14527514576911926,0.4866666793823242,0.008394819684326649,159.74667358398438,477.3066711425781,0.0
20260718,detection_only,60,0.0,0.9245302649422548,0.027703333646059036,0.14527514576911926,0.4933333396911621,0.009064659476280212,159.74667358398438,477.3066711425781,0.0
20260718,detection_only,61,0.0,0.9125177507584963,0.027846775949001312,0.14527514576911926,0.4866666793823242,0.00839078426361084,159.74667358398438,477.3066711425781,0.0
20260718,detection_only,62,0.0,0.9006613163727574,0.026620524004101753,0.14004959166049957,0.5,0.009031581692397594,160.1199951171875,477.9599914550781,0.0
20260718,detection_only,63,0.0,0.8889589338246144,0.027846775949001312,0.14527514576911926,0.4866666793823242,0.008370304480195045,159.74667358398438,477.3066711425781,0.0
20260718,detection_only,64,0.0,0.8774086015031368,0.026620524004101753,0.14004959166049957,0.5,0.009004505351185799,160.1199951171875,477.9599914550781,0.0
20260718,detection_only,65,0.0,0.8660083438045245,0.026620524004101753,0.14004959166049957,0.5,0.009015768766403198,160.1199951171875,477.9599914550781,0.0
20260718,detection_only,66,0.0,0.8547562107941956,0.027846775949001312,0.14527514576911926,0.4866666793823242,0.00904943235218525,159.74667358398438,477.3066711425781,0.0
20260718,detection_only,67,0.0,0.8436502778732629,0.026620524004101753,0.14004959166049957,0.5,0.00967287365347147,160.1199951171875,477.9599914550781,0.0
20260718,detection_only,68,0.0,0.8326886454493452,0.02676396630704403,0.14004959166049957,0.4933333396911621,0.008280923590064049,160.1199951171875,477.9599914550781,0.0
20260718,detection_only,69,0.0,0.8218694386116551,0.02676396630704403,0.14004959166049957,0.4933333396911621,0.008275304920971394,160.1199951171875,477.9599914550781,0.0
20260718,detection_only,70,0.0,0.8111908068103082,0.026620524004101753,0.14004959166049957,0.5,0.009674319066107273,160.1199951171875,477.9599914550781,0.0
20260718,detection_only,71,0.0,0.8006509235398003,0.02676396630704403,0.14004959166049957,0.4933333396911621,0.008269042707979679,160.1199951171875,477.9599914550781,0.0
20260718,detection_only,72,0.0,0.7902479860265953,0.02676396630704403,0.14004959166049957,0.4933333396911621,0.008257262408733368,160.1199951171875,477.9599914550781,0.0
20260718,detection_only,73,0.0,0.7799802149207745,0.02676396630704403,0.14004959166049957,0.4933333396911621,0.008952085860073566,160.1199951171875,477.9599914550781,0.0
20260718,detection_only,74,0.0,0.7698458539916904,0.026459144428372383,0.14004959166049957,0.4933333396911621,0.00913495197892189,160.86666870117188,479.26666259765625,0.0
20260718,detection_only,75,0.0,0.7598431698275756,0.02676396630704403,0.14004959166049957,0.4933333396911621,0.008914322592318058,160.1199951171875,477.9599914550781,0.0
20260718,detection_only,76,0.0,0.7499704515390556,0.02654259279370308,0.14004959166049957,0.4933333396911621,0.008959250524640083,160.4933319091797,478.61334228515625,0.0
20260718,detection_only,77,0.0,0.7402260104665124,0.026459144428372383,0.14004959166049957,0.4933333396911621,0.008406287990510464,161.24000549316406,479.9200134277344,0.0
20260718,detection_only,78,0.0,0.7306081798912514,0.02635534666478634,0.14004959166049957,0.4933333396911621,0.009221231564879417,161.6133270263672,480.5733337402344,0.0
20260718,detection_only,79,0.0,0.7211153147504205,0.02654259279370308,0.14004959166049957,0.4933333396911621,0.008908267132937908,160.4933319091797,478.61334228515625,0.0
20260718,detection_only,80,0.0,0.7117457913556338,0.02634386345744133,0.14004959166049957,0.4933333396911621,0.00996781699359417,161.24000549316406,479.9200134277344,0.0
20260718,detection_only,81,0.0,0.702498007115251,0.02635534666478634,0.14004959166049957,0.4933333396911621,0.008431963622570038,161.6133270263672,480.5733337402344,0.0
20260718,detection_only,82,0.0,0.6933703802602654,0.026459144428372383,0.14004959166049957,0.4933333396911621,0.008220277726650238,160.86666870117188,479.26666259765625,0.0
20260718,detection_only,83,0.0,0.6843613495737529,0.02592405304312706,0.14004959166049957,0.5,0.010367536917328835,163.10667419433594,483.1866760253906,0.0
20260718,detection_only,84,0.0,0.6754693741238371,0.02635534666478634,0.14004959166049957,0.4933333396911621,0.008970486000180244,161.24000549316406,479.9200134277344,0.0
20260718,detection_only,85,0.0,0.6666929330001236,0.026459144428372383,0.14004959166049957,0.4933333396911621,0.008887837640941143,160.86666870117188,479.26666259765625,0.0
20260718,detection_only,86,0.0,0.6580305250535589,0.02592424303293228,0.14004959166049957,0.5,0.01050298847258091,163.85333251953125,484.49334716796875,0.0
20260718,detection_only,87,0.0,0.649480668639669,0.026459144428372383,0.14004959166049957,0.4933333396911621,0.008945757523179054,161.24000549316406,479.9200134277344,0.0
20260718,detection_only,88,0.0,0.6410419013651351,0.02610173262655735,0.14004959166049957,0.4933333396911621,0.009972748346626759,162.36000061035156,481.8800048828125,0.0
20260718,detection_only,89,0.0,0.6327127798376607,0.02575589157640934,0.14004959166049957,0.5066666603088379,0.010496488772332668,163.85333251953125,484.49334716796875,0.0
20260718,detection_only,90,0.0,0.62449187941909,0.026459144428372383,0.14004959166049957,0.4933333396911621,0.008126436732709408,160.86666870117188,479.26666259765625,0.0
20260718,detection_only,91,0.0,0.6163777939817331,0.02576737478375435,0.14004959166049957,0.5066666603088379,0.009424584917724133,163.85333251953125,484.49334716796875,0.0
20260718,detection_only,92,0.0,0.6083691356678577,0.026459144428372383,0.14004959166049957,0.4933333396911621,0.008838952518999577,160.86666870117188,479.26666259765625,0.0
20260718,detection_only,93,0.0,0.6004645346523059,0.026447661221027374,0.14004959166049957,0.4933333396911621,0.009701886214315891,160.86666870117188,479.26666259765625,0.0
20260718,detection_only,94,0.0,0.592662638908195,0.02634386345744133,0.14004959166049957,0.4933333396911621,0.009876892901957035,161.6133270263672,480.5733337402344,0.0
20260718,detection_only,95,0.0,0.5849621139756629,0.02575608156621456,0.14004959166049957,0.5066666603088379,0.01015196181833744,163.47999572753906,483.8399963378906,0.0
20260718,detection_only,96,0.0,0.5773616427336179,0.026459144428372383,0.14004959166049957,0.4933333396911621,0.008081884123384953,160.86666870117188,479.26666259765625,0.0
20260718,detection_only,97,0.0,0.5698599251744542,0.02532377280294895,0.14004959166049957,0.5133333206176758,0.010245613753795624,164.22666931152344,485.14666748046875,0.0
20260718,detection_only,98,0.0,0.562455678181695,0.026447661221027374,0.14004959166049957,0.4933333396911621,0.008963330648839474,160.86666870117188,479.26666259765625,0.0
20260718,detection_only,99,0.0,0.555147635310524,0.02610173262655735,0.14004959166049957,0.4933333396911621,0.009858469478785992,161.98666381835938,481.2266540527344,0.0
20260718,detection_only,100,0.0,0.5479345465711694,0.026447661221027374,0.14004959166049957,0.4933333396911621,0.009618637152016163,160.86666870117188,479.26666259765625,0.0
20260718,detection_only,101,0.0,0.5408151782151011,0.026447661221027374,0.14004959166049957,0.4933333396911621,0.009614531882107258,160.86666870117188,479.26666259765625,0.0
20260718,detection_only,102,0.0,0.5337883125240072,0.026200421154499054,0.14004959166049957,0.5,0.009823688305914402,161.98666381835938,481.2266540527344,0.0
20260718,detection_only,103,0.0,0.5268527476015116,0.026459144428372383,0.14004959166049957,0.4933333396911621,0.008064443245530128,160.86666870117188,479.26666259765625,0.0
20260718,detection_only,104,0.0,0.520007297167598,0.02634386345744133,0.14004959166049957,0.4933333396911621,0.009768974035978317,161.6133270263672,480.5733337402344,0.0
20260718,detection_only,105,0.0,0.513250790355705,0.026447661221027374,0.14004959166049957,0.4933333396911621,0.009616518393158913,160.86666870117188,479.26666259765625,0.0
20260718,detection_only,106,0.0,0.5065820715124574,0.026447661221027374,0.14004959166049957,0.4933333396911621,0.00969932321459055,161.24000549316406,479.9200134277344,0.0
20260718,detection_only,107,0.0,0.5,0.026447661221027374,0.14004959166049957,0.4933333396911621,0.009689686819911003,161.24000549316406,479.9200134277344,0.0
20260718,detection_only,108,0.0,0.49350345000089935,0.02653111144900322,0.14004959166049957,0.4933333396911621,0.0095810666680336,160.4933319091797,478.61334228515625,0.0
20260718,detection_only,109,0.0,0.4870913103255803,0.026447661221027374,0.14004959166049957,0.4933333396911621,0.009604318998754025,160.86666870117188,479.26666259765625,0.0
20260718,detection_only,110,0.0,0.4807624842222651,0.02653111144900322,0.14004959166049957,0.4933333396911621,0.009618268348276615,160.4933319091797,478.61334228515625,0.0
20260718,detection_only,111,0.0,0.47451588918938153,0.026447661221027374,0.14004959166049957,0.4933333396911621,0.009724205359816551,161.24000549316406,479.9200134277344,0.0
20260718,detection_only,112,0.0,0.46835045679040843,0.026447661221027374,0.14004959166049957,0.4933333396911621,0.009693676605820656,161.24000549316406,479.9200134277344,0.0
20260718,detection_only,113,0.0,0.4622651324711274,0.026447661221027374,0.14004959166049957,0.4933333396911621,0.00961062591522932,160.86666870117188,479.26666259765625,0.0
20260718,detection_only,114,0.0,0.4562588753792482,0.02634386345744133,0.14004959166049957,0.4933333396911621,0.00979716144502163,161.6133270263672,480.5733337402344,0.0
20260718,detection_only,115,0.0,0.45033065818637874,0.02654259279370308,0.14004959166049957,0.4933333396911621,0.008074513636529446,160.4933319091797,478.61334228515625,0.0
20260718,detection_only,116,0.0,0.4444794669123073,0.026459144428372383,0.14004959166049957,0.4933333396911621,0.008166478015482426,161.24000549316406,479.9200134277344,0.0
20260718,detection_only,117,0.0,0.43870430075156847,0.02675248123705387,0.14004959166049957,0.4933333396911621,0.008889558725059032,160.1199951171875,477.9599914550781,0.0
20260718,detection_only,118,0.0,0.4330041719022623,0.02653111144900322,0.14004959166049957,0.4933333396911621,0.009720669128000736,160.86666870117188,479.26666259765625,0.0
20260718,detection_only,119,0.0,0.42737810539709786,0.02675248123705387,0.14004959166049957,0.4933333396911621,0.009577566757798195,160.1199951171875,477.9599914550781,0.0
20260718,detection_only,120,0.0,0.42182513893663154,0.02653111144900322,0.14004959166049957,0.4933333396911621,0.009708484634757042,160.86666870117188,479.26666259765625,0.0
20260718,detection_only,121,0.0,0.4163443227246726,0.02675248123705387,0.14004959166049957,0.4933333396911621,0.009563390165567398,160.1199951171875,477.9599914550781,0.0
20260718,detection_only,122,0.0,0.4109347193058275,0.02653111144900322,0.14004959166049957,0.4933333396911621,0.009713994339108467,160.86666870117188,479.26666259765625,0.0
20260718,detection_only,123,0.0,0.40559540340515404,0.02675248123705387,0.14004959166049957,0.4933333396911621,0.009596437215805054,160.1199951171875,477.9599914550781,0.0
20260718,detection_only,124,0.0,0.4003254617699001,0.02672354318201542,0.14004959166049957,0.4933333396911621,0.01041541900485754,160.1199951171875,477.9599914550781,0.0
20260718,detection_only,125,0.0,0.39512399301329765,0.02675248123705387,0.14004959166049957,0.4933333396911621,0.009585362859070301,160.1199951171875,477.9599914550781,0.0
20260718,detection_only,126,0.0,0.38999010746038726,0.02653111144900322,0.14004959166049957,0.4933333396911621,0.008923511952161789,160.4933319091797,478.61334228515625,0.0
20260718,detection_only,127,0.0,0.3849229269958451,0.02653111144900322,0.14004959166049957,0.4933333396911621,0.009623141959309578,160.4933319091797,478.61334228515625,0.0
20260718,detection_only,128,0.0,0.37992158491378775,0.02675248123705387,0.14004959166049957,0.4933333396911621,0.009577278979122639,160.1199951171875,477.9599914550781,0.0
20260718,detection_only,129,0.0,0.37498522576952775,0.02675248123705387,0.14004959166049957,0.4933333396911621,0.009587133303284645,160.1199951171875,477.9599914550781,0.0
20260718,detection_only,130,0.0,0.3701130052332562,0.02675248123705387,0.14004959166049957,0.4933333396911621,0.009579533711075783,160.1199951171875,477.9599914550781,0.0
20260718,detection_only,131,0.0,0.36530408994562563,0.02675248123705387,0.14004959166049957,0.4933333396911621,0.010391349904239178,160.1199951171875,477.9599914550781,0.0
20260718,detection_only,132,0.0,0.36055765737521017,0.02675248123705387,0.14004959166049957,0.4933333396911621,0.009585960768163204,160.1199951171875,477.9599914550781,0.0
20260718,detection_only,133,0.0,0.3558728956778169,0.02675248123705387,0.14004959166049957,0.4933333396911621,0.00959275383502245,160.1199951171875,477.9599914550781,0.0
20260718,detection_only,134,0.0,0.3512490035576255,0.02675248123705387,0.14004959166049957,0.4933333396911621,0.009577970951795578,160.1199951171875,477.9599914550781,0.0
20260718,detection_only,135,0.0,0.34668519013013266,0.02675248123705387,0.14004959166049957,0.4933333396911621,0.009694583714008331,160.4933319091797,478.61334228515625,0.0
20260718,detection_only,136,0.0,0.3421806747868764,0.02778099663555622,0.14527514576911926,0.4866666793823242,0.008886350318789482,159.3733367919922,476.6533203125,0.0
20260718,detection_only,137,0.0,0.3377346870619185,0.02634386345744133,0.14004959166049957,0.4933333396911621,0.011728489771485329,161.6133270263672,480.5733337402344,0.0
20260718,detection_only,138,0.0,0.3333464665000618,0.02675248123705387,0.14004959166049957,0.4933333396911621,0.008853866718709469,160.1199951171875,477.9599914550781,0.0
20260718,detection_only,139,0.0,0.3290152625267794,0.026427313685417175,0.14004959166049957,0.4933333396911621,0.009083963930606842,161.24000549316406,479.9200134277344,0.0
20260718,detection_only,140,0.0,0.32474033431983446,0.02676396630704403,0.14004959166049957,0.4933333396911621,0.008027969859540462,160.1199951171875,477.9599914550781,0.0
20260718,detection_only,141,0.0,0.32052095068256753,0.025499166920781136,0.13624855875968933,0.4933333396911621,0.009062675759196281,161.6133270263672,480.5733337402344,0.0
20260718,detection_only,142,0.0,0.31635638991883036,0.02675248123705387,0.14004959166049957,0.4933333396911621,0.008861708454787731,160.1199951171875,477.9599914550781,0.0
20260718,detection_only,143,0.0,0.312245939709545,0.02675248123705387,0.14004959166049957,0.4933333396911621,0.008865021169185638,160.1199951171875,477.9599914550781,0.0
20260718,detection_only,144,0.0,0.30818889699086655,0.02675248123705387,0.14004959166049957,0.4933333396911621,0.009835034608840942,160.4933319091797,478.61334228515625,0.0
20260718,detection_only,145,0.0,0.30418456783392883,0.02675248123705387,0.14004959166049957,0.4933333396911621,0.00969643983989954,160.1199951171875,477.9599914550781,0.0
20260718,detection_only,146,0.0,0.30023226732615294,0.02675248123705387,0.14004959166049957,0.4933333396911621,0.009691165760159492,160.1199951171875,477.9599914550781,0.0
20260718,detection_only,147,0.0,0.29633131945409746,0.025720536708831787,0.13624855875968933,0.4933333396911621,0.009832184761762619,161.24000549316406,479.9200134277344,0.0
20260718,detection_only,148,0.0,0.29248105698783144,0.02583582140505314,0.13624855875968933,0.4933333396911621,0.008084375411272049,160.86666870117188,479.26666259765625,0.0
20260718,detection_only,149,0.0,0.2886808213668089,0.02582433633506298,0.13624855875968933,0.4933333396911621,0.00892710778862238,160.86666870117188,479.26666259765625,0.0
20260718,detection_only,150,0.0,0.2849299625872271,0.025499166920781136,0.13624855875968933,0.4933333396911621,0.009928159415721893,161.6133270263672,480.5733337402344,0.0
20260718,detection_only,151,0.0,0.2812278390908475,0.02583582140505314,0.13624855875968933,0.4933333396911621,0.008786833845078945,160.4933319091797,478.61334228515625,0.0
20260718,detection_only,152,0.0,0.277573817655262,0.025499166920781136,0.13624855875968933,0.4933333396911621,0.009919778443872929,161.6133270263672,480.5733337402344,0.0
20260718,detection_only,153,0.0,0.2739672732855847,0.025720536708831787,0.13624855875968933,0.4933333396911621,0.009831560775637627,161.24000549316406,479.9200134277344,0.0
20260718,detection_only,154,0.0,0.2704075891075505,0.025499166920781136,0.13624855875968933,0.4933333396911621,0.00985829159617424,161.6133270263672,480.5733337402344,0.0
20260718,detection_only,155,0.0,0.2668941562620035,0.02583582140505314,0.13624855875968933,0.4933333396911621,0.008774964138865471,160.4933319091797,478.61334228515625,0.0
20260718,detection_only,156,0.0,0.26342637380075573,0.025673087686300278,0.13624855875968933,0.4933333396911621,0.011806751601397991,161.98666381835938,481.2266540527344,0.0
20260718,detection_only,157,0.0,0.260003648583799,0.025860335677862167,0.13624855875968933,0.4933333396911621,0.01044730469584465,160.4933319091797,478.61334228515625,0.0
20260718,detection_only,158,0.0,0.25662539517785243,0.025720536708831787,0.13624855875968933,0.4933333396911621,0.009845338761806488,161.24000549316406,479.9200134277344,0.0
20260718,detection_only,159,0.0,0.2532910357562287,0.025720536708831787,0.13624855875968933,0.4933333396911621,0.009940767660737038,161.6133270263672,480.5733337402344,0.0
20260718,detection_only,160,0.0,0.25,0.025756537914276123,0.13624855875968933,0.4933333396911621,0.01051633432507515,160.86666870117188,479.26666259765625,0.0
20260718,detection_plus_rate,1,0.001060152053833008,2.0,0.02386336401104927,0.11575507372617722,0.4866666793823242,0.00774336326867342,215.0,574.0,0.12109375
20260718,detection_plus_rate,2,0.002445363998413086,1.9740138000035972,0.023294299840927124,0.11461873352527618,0.4933333396911621,0.00797391775995493,215.0,574.0,0.12109375
20260718,detection_plus_rate,3,0.004415750503540039,1.9483652413023211,0.022249044850468636,0.11387444287538528,0.5199999809265137,0.008430756628513336,215.0,574.0,0.12109375
20260718,detection_plus_rate,4,0.007357544898986834,1.9230499368890603,0.021482817828655243,0.10942045599222183,0.5133333206176758,0.009320508688688278,215.0,574.0,0.12109375
20260718,detection_plus_rate,5,0.011563577651977575,1.898063556757526,0.021287675946950912,0.11334416270256042,0.5199999809265137,0.010526078753173351,215.0,574.0,0.12109375
20260718,detection_plus_rate,6,0.017069816589355514,1.8734018271616335,0.021846411749720573,0.11334416270256042,0.5133333206176758,0.01152392290532589,215.0,574.0,0.12109375
20260718,detection_plus_rate,7,0.02368864059448246,1.8490605298845093,0.021479377523064613,0.11334416270256042,0.5266666412353516,0.01177690364420414,215.0,574.0,0.12109375
20260718,detection_plus_rate,8,0.03049129486083988,1.8250355015169928,0.02149745635688305,0.11334416270256042,0.5266666412353516,0.010779625736176968,215.0,574.0,0.12109375
20260718,detection_plus_rate,9,0.03672675609588625,1.8013226327455147,0.021466972306370735,0.11334416270256042,0.5333333611488342,0.009850353933870792,215.0,574.0,0.12109375
20260718,detection_plus_rate,10,0.04242976188659671,1.777917867649229,0.021435527130961418,0.11334416270256042,0.5266666412353516,0.009587183594703674,215.0,574.0,0.12109375
20260718,detection_plus_rate,11,0.0482051706314087,1.7548172030062736,0.02122073620557785,0.11334416270256042,0.5333333611488342,0.010004865936934948,215.0,574.0,0.12109375
20260718,detection_plus_rate,12,0.05414115905761721,1.732016687609049,0.02193978615105152,0.11334416270256042,0.5133333206176758,0.010113445110619068,214.25332641601562,572.693359375,0.11854171752929688
20260718,detection_plus_rate,13,0.05962781429290774,1.7095124215883912,0.022805891931056976,0.11849171668291092,0.5199999809265137,0.00908446405082941,206.0399932861328,558.3200073242188,0.09046876430511475
20260718,detection_plus_rate,14,0.06417922973632813,1.687300555746526,0.02789219841361046,0.14527514576911926,0.47999998927116394,0.009102817624807358,159.0,476.0,0.0
20260718,detection_plus_rate,15,0.06710721492767334,1.6653772908986906,0.02789219841361046,0.14527514576911926,0.47999998927116394,0.009102817624807358,159.0,476.0,0.0
20260718,detection_plus_rate,16,0.06934879302978515,1.6437388772233101,0.02789219841361046,0.14527514576911926,0.47999998927116394,0.009102817624807358,159.0,476.0,0.0
20260718,detection_plus_rate,17,0.0708283996582031,1.6223816136206164,0.02789219841361046,0.14527514576911926,0.47999998927116394,0.009102817624807358,159.0,476.0,0.0
20260718,detection_plus_rate,18,0.07176021575927731,1.6013018470796005,0.027748756110668182,0.14527514576911926,0.4866666793823242,0.00977267138659954,159.0,476.0,0.0
20260718,detection_plus_rate,19,0.07126649379730221,1.5804959720531906,0.027748756110668182,0.14527514576911926,0.4866666793823242,0.00977267138659954,159.0,476.0,0.0
20260718,detection_plus_rate,20,0.07056655883789058,1.559960429841549,0.027748756110668182,0.14527514576911926,0.4866666793823242,0.00977267138659954,159.0,476.0,0.0
20260718,detection_plus_rate,21,0.06978406190872188,1.5396917079833807,0.027748756110668182,0.14527514576911926,0.4866666793823242,0.00977267138659954,159.0,476.0,0.0
20260718,detection_plus_rate,22,0.06863324880599972,1.5196863396551512,0.027475805953145027,0.14527514576911926,0.4933333396911621,0.010487218387424946,159.0,476.0,0.0
20260718,detection_plus_rate,23,0.06790687322616573,1.4999409030781112,0.027503468096256256,0.14527514576911926,0.4866666793823242,0.0103607177734375,159.0,476.0,0.0
20260718,detection_plus_rate,24,0.06679177284240718,1.4804520209330247,0.027748756110668182,0.14527514576911926,0.4866666793823242,0.00977267138659954,159.0,476.0,0.0
20260718,detection_plus_rate,25,0.06540716171264645,1.4612163597825027,0.027748756110668182,0.14527514576911926,0.4866666793823242,0.00977267138659954,159.0,476.0,0.0
20260718,detection_plus_rate,26,0.06462551832199093,1.442230629500841,0.027748756110668182,0.14527514576911926,0.4866666793823242,0.00977267138659954,159.0,476.0,0.0
20260718,detection_plus_rate,27,0.06375835418701167,1.4234915827112675,0.027748756110668182,0.14527514576911926,0.4866666793823242,0.00977267138659954,159.0,476.0,0.0
20260718,detection_plus_rate,28,0.06211394786834711,1.404996014230502,0.027748756110668182,0.14527514576911926,0.4866666793823242,0.00977267138659954,159.0,476.0,0.0
20260718,detection_plus_rate,29,0.06067348957061761,1.3867407605205309,0.0272305179387331,0.14527514576911926,0.4933333396911621,0.011767279356718063,159.0,476.0,0.0
20260718,detection_plus_rate,30,0.0605849146842956,1.3687226991475059,0.027748756110668182,0.14527514576911926,0.4866666793823242,0.00977267138659954,159.0,476.0,0.0
20260718,detection_plus_rate,31,0.060285067558288524,1.350938748247674,0.027748756110668182,0.14527514576911926,0.4866666793823242,0.00977267138659954,159.0,476.0,0.0
20260718,detection_plus_rate,32,0.05924945354461665,1.333385866000247,0.027748756110668182,0.14527514576911926,0.4866666793823242,0.00977267138659954,159.0,476.0,0.0
20260718,detection_plus_rate,33,0.0582250046730041,1.3160610501071175,0.0272305179387331,0.14527514576911926,0.4933333396911621,0.011767279356718063,159.0,476.0,0.0
20260718,detection_plus_rate,34,0.05724810361862177,1.2989613372793378,0.027503468096256256,0.14527514576911926,0.4866666793823242,0.0103607177734375,159.0,476.0,0.0
20260718,detection_plus_rate,35,0.05587450742721553,1.2820838027302701,0.027748756110668182,0.14527514576911926,0.4866666793823242,0.00977267138659954,159.0,476.0,0.0
20260718,detection_plus_rate,36,0.054859766960144,1.2654255596753214,0.027503468096256256,0.14527514576911926,0.4866666793823242,0.0103607177734375,159.0,476.0,0.0
20260718,detection_plus_rate,37,0.05406262636184688,1.24898375883818,0.027503468096256256,0.14527514576911926,0.4866666793823242,0.0103607177734375,159.0,476.0,0.0
20260718,detection_plus_rate,38,0.052973647117614715,1.2327555879634662,0.027748756110668182,0.14527514576911926,0.4866666793823242,0.01046468410640955,159.0,476.0,0.0
20260718,detection_plus_rate,39,0.0516614246368408,1.2167382713357153,0.027503468096256256,0.14527514576911926,0.4866666793823242,0.011052730493247509,159.0,476.0,0.0
20260718,detection_plus_rate,40,0.05045197963714598,1.2009290693046117,0.0272305179387331,0.14527514576911926,0.4933333396911621,0.011767279356718063,159.0,476.0,0.0
20260718,detection_plus_rate,41,0.04943986892700194,1.18532527781639,0.0272305179387331,0.14527514576911926,0.4933333396911621,0.011767279356718063,159.0,476.0,0.0
20260718,detection_plus_rate,42,0.04840558052062986,1.1699242279513258,0.027748756110668182,0.14527514576911926,0.4866666793823242,0.01046468410640955,159.0,476.0,0.0
20260718,detection_plus_rate,43,0.04722724676132199,1.1547232854672358,0.0272305179387331,0.14527514576911926,0.4933333396911621,0.011767279356718063,159.0,476.0,0.0
20260718,detection_plus_rate,44,0.0459498023986816,1.1397198503489083,0.027503468096256256,0.14527514576911926,0.4866666793823242,0.011052730493247509,159.0,476.0,0.0
20260718,detection_plus_rate,45,0.04453733444213863,1.12491135636339,0.0272305179387331,0.14527514576911926,0.4933333396911621,0.011767279356718063,159.0,476.0,0.0
20260718,detection_plus_rate,46,0.04347164630889888,1.110295270621048,0.027748756110668182,0.14527514576911926,0.4866666793823242,0.01046468410640955,159.0,476.0,0.0
20260718,detection_plus_rate,47,0.0428275847434997,1.0958690931423387,0.027748756110668182,0.14527514576911926,0.4866666793823242,0.00977267138659954,159.0,476.0,0.0
20260718,detection_plus_rate,48,0.041868064403533876,1.0816303564302021,0.027748756110668182,0.14527514576911926,0.4866666793823242,0.01046468410640955,159.0,476.0,0.0
20260718,detection_plus_rate,49,0.04025005340576166,1.0675766250480143,0.0272305179387331,0.14527514576911926,0.4933333396911621,0.011767279356718063,159.0,476.0,0.0
20260718,detection_plus_rate,50,0.03892010450363154,1.0537054952030231,0.0272305179387331,0.14527514576911926,0.4933333396911621,0.011767279356718063,159.0,476.0,0.0
20260718,detection_plus_rate,51,0.03843052387237544,1.040014594335196,0.027748756110668182,0.14527514576911926,0.4866666793823242,0.00977267138659954,159.0,476.0,0.0
20260718,detection_plus_rate,52,0.03775875091552729,1.02650158071141,0.027748756110668182,0.14527514576911926,0.4866666793823242,0.00977267138659954,159.0,476.0,0.0
20260718,detection_plus_rate,53,0.036021683216094905,1.0131641430249148,0.027503468096256256,0.14527514576911926,0.4866666793823242,0.011052730493247509,159.0,476.0,0.0
20260718,detection_plus_rate,54,0.035039656162261894,1.0,0.027219031006097794,0.14527514576911926,0.4933333396911621,0.01258912868797779,159.0,476.0,0.0
20260718,detection_plus_rate,55,0.0352463269233703,0.9870069000017987,0.027748756110668182,0.14527514576911926,0.4866666793823242,0.00977267138659954,159.0,476.0,0.0
20260718,detection_plus_rate,56,0.03443981409072871,0.9741826206511606,0.027748756110668182,0.14527514576911926,0.4866666793823242,0.00977267138659954,159.0,476.0,0.0
20260718,detection_plus_rate,57,0.033788182735443054,0.9615249684445302,0.027748756110668182,0.14527514576911926,0.4866666793823242,0.009390922263264656,159.3733367919922,476.6533203125,0.0
20260718,detection_plus_rate,58,0.033410103321075385,0.949031778378763,0.027748756110668182,0.14527514576911926,0.4866666793823242,0.01046468410640955,159.0,476.0,0.0
20260718,detection_plus_rate,59,0.03256451845169061,0.9367009135808169,0.027737271040678024,0.14527514576911926,0.4866666793823242,0.011286533437669277,159.0,476.0,0.0
20260718,detection_plus_rate,60,0.030592780113220145,0.9245302649422548,0.027737271040678024,0.14527514576911926,0.4866666793823242,0.011286533437669277,159.0,476.0,0.0
20260718,detection_plus_rate,61,0.028551766872405942,0.9125177507584963,0.027491983026266098,0.14527514576911926,0.4866666793823242,0.011874580755829811,159.0,476.0,0.0
20260718,detection_plus_rate,62,0.02762902021408075,0.9006613163727574,0.027446558699011803,0.14527514576911926,0.4933333396911621,0.011113929562270641,159.74667358398438,477.3066711425781,0.0
20260718,detection_plus_rate,63,0.02675984621047968,0.8889589338246144,0.027748756110668182,0.14527514576911926,0.4866666793823242,0.00977267138659954,159.0,476.0,0.0
20260718,detection_plus_rate,64,0.024856216907501165,0.8774086015031368,0.027737271040678024,0.14527514576911926,0.4866666793823242,0.011286533437669277,159.0,476.0,0.0
20260718,detection_plus_rate,65,0.02362399101257319,0.8660083438045245,0.02769184671342373,0.14527514576911926,0.4933333396911621,0.010538127273321152,159.74667358398438,477.3066711425781,0.0
20260718,detection_plus_rate,66,0.0228416752815246,0.8547562107941956,0.027703333646059036,0.14527514576911926,0.4933333396911621,0.009663200005888939,159.74667358398438,477.3066711425781,0.0
20260718,detection_plus_rate,67,0.02184290170669551,0.8436502778732629,0.027703333646059036,0.14527514576911926,0.4933333396911621,0.008946144953370094,159.74667358398438,477.3066711425781,0.0
20260718,detection_plus_rate,68,0.0207293033599853,0.8326886454493452,0.02769184671342373,0.14527514576911926,0.4933333396911621,0.010464096441864967,159.74667358398438,477.3066711425781,0.0
20260718,detection_plus_rate,69,0.019575042724609318,0.8218694386116551,0.02769184671342373,0.14527514576911926,0.4933333396911621,0.010475767776370049,159.74667358398438,477.3066711425781,0.0
20260718,detection_plus_rate,70,0.017714939117431574,0.8111908068103082,0.02769184671342373,0.14527514576911926,0.4933333396911621,0.010483919642865658,159.74667358398438,477.3066711425781,0.0
20260718,detection_plus_rate,71,0.016950366497039727,0.8006509235398003,0.027846775949001312,0.14527514576911926,0.4866666793823242,0.008262637071311474,159.74667358398438,477.3066711425781,0.0
20260718,detection_plus_rate,72,0.01646673679351799,0.7902479860265953,0.027846775949001312,0.14527514576911926,0.4866666793823242,0.008246497251093388,159.74667358398438,477.3066711425781,0.0
20260718,detection_plus_rate,73,0.014696354866027751,0.7799802149207745,0.027846775949001312,0.14527514576911926,0.4866666793823242,0.008264380507171154,159.74667358398438,477.3066711425781,0.0
20260718,detection_plus_rate,74,0.014125108718871994,0.7698458539916904,0.026609038934111595,0.14004959166049957,0.5,0.010413508862257004,160.1199951171875,477.9599914550781,0.0
20260718,detection_plus_rate,75,0.012714176177978443,0.7598431698275756,0.027835289016366005,0.14527514576911926,0.4866666793823242,0.009788410738110542,159.74667358398438,477.3066711425781,0.0
20260718,detection_plus_rate,76,0.011227273941039962,0.7499704515390556,0.02675248123705387,0.14004959166049957,0.4933333396911621,0.009706474840641022,160.1199951171875,477.9599914550781,0.0
20260718,detection_plus_rate,77,0.009820988178253089,0.7402260104665124,0.02675248123705387,0.14004959166049957,0.4933333396911621,0.008990844711661339,160.1199951171875,477.9599914550781,0.0
20260718,detection_plus_rate,78,0.008800351619720382,0.7306081798912514,0.02675248123705387,0.14004959166049957,0.4933333396911621,0.009683617390692234,160.1199951171875,477.9599914550781,0.0
20260718,detection_plus_rate,79,0.007854895591735767,0.7211153147504205,0.02676396630704403,0.14004959166049957,0.4933333396911621,0.008839829824864864,160.1199951171875,477.9599914550781,0.0
20260718,detection_plus_rate,80,0.006365590095519947,0.7117457913556338,0.02675248123705387,0.14004959166049957,0.4933333396911621,0.009665552526712418,160.1199951171875,477.9599914550781,0.0
20260718,detection_plus_rate,81,0.0054153418540953905,0.702498007115251,0.02675248123705387,0.14004959166049957,0.4933333396911621,0.008969663642346859,160.1199951171875,477.9599914550781,0.0
20260718,detection_plus_rate,82,0.004135522842407158,0.6933703802602654,0.02675248123705387,0.14004959166049957,0.4933333396911621,0.00894851703196764,160.1199951171875,477.9599914550781,0.0
20260718,detection_plus_rate,83,0.002798800468444751,0.6843613495737529,0.02675248123705387,0.14004959166049957,0.4933333396911621,0.009658333845436573,160.1199951171875,477.9599914550781,0.0
20260718,detection_plus_rate,84,0.003114678859710629,0.6754693741238371,0.02676396630704403,0.14004959166049957,0.4933333396911621,0.008120319806039333,160.1199951171875,477.9599914550781,0.0
20260718,detection_plus_rate,85,0.0014723563194274259,0.6666929330001236,0.02676396630704403,0.14004959166049957,0.4933333396911621,0.00810947734862566,160.1199951171875,477.9599914550781,0.0
20260718,detection_plus_rate,86,0.0007364892959594082,0.6580305250535589,0.026447661221027374,0.14004959166049957,0.4933333396911621,0.00974427629262209,160.86666870117188,479.26666259765625,0.0
20260718,detection_plus_rate,87,0.0005365014076232355,0.649480668639669,0.02676396630704403,0.14004959166049957,0.4933333396911621,0.008123941719532013,160.1199951171875,477.9599914550781,0.0
20260718,detection_plus_rate,88,0.0,0.6410419013651351,0.02675248123705387,0.14004959166049957,0.4933333396911621,0.008948756381869316,160.1199951171875,477.9599914550781,0.0
20260718,detection_plus_rate,89,5.896091461181641e-05,0.6327127798376607,0.026447661221027374,0.14004959166049957,0.4933333396911621,0.009733933955430984,160.86666870117188,479.26666259765625,0.0
20260718,detection_plus_rate,90,0.0,0.62449187941909,0.02675248123705387,0.14004959166049957,0.4933333396911621,0.008923827670514584,160.1199951171875,477.9599914550781,0.0
20260718,detection_plus_rate,91,0.0,0.6163777939817331,0.02675248123705387,0.14004959166049957,0.4933333396911621,0.008931320160627365,160.1199951171875,477.9599914550781,0.0
20260718,detection_plus_rate,92,0.0,0.6083691356678577,0.02675248123705387,0.14004959166049957,0.4933333396911621,0.008933904580771923,160.1199951171875,477.9599914550781,0.0
20260718,detection_plus_rate,93,0.0,0.6004645346523059,0.02675248123705387,0.14004959166049957,0.4933333396911621,0.00892940629273653,160.1199951171875,477.9599914550781,0.0
20260718,detection_plus_rate,94,0.0,0.592662638908195,0.02675248123705387,0.14004959166049957,0.4933333396911621,0.008929474279284477,160.1199951171875,477.9599914550781,0.0
20260718,detection_plus_rate,95,0.0,0.5849621139756629,0.02675248123705387,0.14004959166049957,0.4933333396911621,0.009631437249481678,160.1199951171875,477.9599914550781,0.0
20260718,detection_plus_rate,96,0.0,0.5773616427336179,0.02675248123705387,0.14004959166049957,0.4933333396911621,0.008920243009924889,160.1199951171875,477.9599914550781,0.0
20260718,detection_plus_rate,97,0.0,0.5698599251744542,0.02675248123705387,0.14004959166049957,0.4933333396911621,0.008936104364693165,160.1199951171875,477.9599914550781,0.0
20260718,detection_plus_rate,98,0.0,0.562455678181695,0.02675248123705387,0.14004959166049957,0.4933333396911621,0.00893643219023943,160.1199951171875,477.9599914550781,0.0
20260718,detection_plus_rate,99,0.0,0.555147635310524,0.02675248123705387,0.14004959166049957,0.4933333396911621,0.008935056626796722,160.1199951171875,477.9599914550781,0.0
20260718,detection_plus_rate,100,0.0,0.5479345465711694,0.02675248123705387,0.14004959166049957,0.4933333396911621,0.008922409266233444,160.1199951171875,477.9599914550781,0.0
20260718,detection_plus_rate,101,0.0,0.5408151782151011,0.02675248123705387,0.14004959166049957,0.4933333396911621,0.00961578730493784,160.1199951171875,477.9599914550781,0.0
20260718,detection_plus_rate,102,0.0,0.5337883125240072,0.02675248123705387,0.14004959166049957,0.4933333396911621,0.008922314271330833,160.1199951171875,477.9599914550781,0.0
20260718,detection_plus_rate,103,0.0,0.5268527476015116,0.02675248123705387,0.14004959166049957,0.4933333396911621,0.008902124129235744,160.1199951171875,477.9599914550781,0.0
20260718,detection_plus_rate,104,0.0,0.520007297167598,0.02675248123705387,0.14004959166049957,0.4933333396911621,0.008905603550374508,160.1199951171875,477.9599914550781,0.0
20260718,detection_plus_rate,105,0.0,0.513250790355705,0.02675248123705387,0.14004959166049957,0.4933333396911621,0.00890330784022808,160.1199951171875,477.9599914550781,0.0
20260718,detection_plus_rate,106,0.0,0.5065820715124574,0.02675248123705387,0.14004959166049957,0.4933333396911621,0.008914243429899216,160.1199951171875,477.9599914550781,0.0
20260718,detection_plus_rate,107,0.0,0.5,0.02675248123705387,0.14004959166049957,0.4933333396911621,0.008923106826841831,160.1199951171875,477.9599914550781,0.0
20260718,detection_plus_rate,108,0.0,0.49350345000089935,0.02675248123705387,0.14004959166049957,0.4933333396911621,0.008923708461225033,160.1199951171875,477.9599914550781,0.0
20260718,detection_plus_rate,109,0.0,0.4870913103255803,0.02675248123705387,0.14004959166049957,0.4933333396911621,0.008908145129680634,160.1199951171875,477.9599914550781,0.0
20260718,detection_plus_rate,110,0.0,0.4807624842222651,0.02675248123705387,0.14004959166049957,0.4933333396911621,0.008906859904527664,160.1199951171875,477.9599914550781,0.0
20260718,detection_plus_rate,111,0.0,0.47451588918938153,0.02675248123705387,0.14004959166049957,0.4933333396911621,0.008910066448152065,160.1199951171875,477.9599914550781,0.0
20260718,detection_plus_rate,112,0.0,0.46835045679040843,0.027229543775320053,0.14004959166049957,0.4866666793823242,0.009741737507283688,160.1199951171875,477.9599914550781,0.0
20260718,detection_plus_rate,113,0.0,0.4622651324711274,0.027229543775320053,0.14004959166049957,0.4866666793823242,0.010442479513585567,160.1199951171875,477.9599914550781,0.0
20260718,detection_plus_rate,114,0.0,0.4562588753792482,0.027229543775320053,0.14004959166049957,0.4866666793823242,0.009749476797878742,160.1199951171875,477.9599914550781,0.0
20260718,detection_plus_rate,115,0.0,0.45033065818637874,0.02675248123705387,0.14004959166049957,0.4933333396911621,0.008909881114959717,160.1199951171875,477.9599914550781,0.0
20260718,detection_plus_rate,116,0.0,0.4444794669123073,0.02675248123705387,0.14004959166049957,0.4933333396911621,0.008911704644560814,160.1199951171875,477.9599914550781,0.0
20260718,detection_plus_rate,117,0.0,0.43870430075156847,0.027229543775320053,0.14004959166049957,0.4866666793823242,0.010441554710268974,160.1199951171875,477.9599914550781,0.0
20260718,detection_plus_rate,118,0.0,0.4330041719022623,0.027229543775320053,0.14004959166049957,0.4866666793823242,0.010443300008773804,160.1199951171875,477.9599914550781,0.0
20260718,detection_plus_rate,119,0.0,0.42737810539709786,0.02675248123705387,0.14004959166049957,0.4933333396911621,0.008905523456633091,160.1199951171875,477.9599914550781,0.0
20260718,detection_plus_rate,120,0.0,0.42182513893663154,0.025519516319036484,0.13624855875968933,0.4933333396911621,0.008887319825589657,161.24000549316406,479.9200134277344,0.0
20260718,detection_plus_rate,121,0.0,0.4163443227246726,0.02675248123705387,0.14004959166049957,0.4933333396911621,0.008896895684301853,160.1199951171875,477.9599914550781,0.0
20260718,detection_plus_rate,122,0.0,0.4109347193058275,0.02605108916759491,0.13624855875968933,0.4866666793823242,0.011249696835875511,160.86666870117188,479.26666259765625,0.0
20260718,detection_plus_rate,123,0.0,0.40559540340515404,0.027229543775320053,0.14004959166049957,0.4866666793823242,0.010438119061291218,160.1199951171875,477.9599914550781,0.0
20260718,detection_plus_rate,124,0.0,0.4003254617699001,0.02560296468436718,0.13624855875968933,0.4933333396911621,0.008882209658622742,160.86666870117188,479.26666259765625,0.0
20260718,detection_plus_rate,125,0.0,0.39512399301329765,0.02541571855545044,0.13624855875968933,0.4933333396911621,0.00897279754281044,161.6133270263672,480.5733337402344,0.0
20260718,detection_plus_rate,126,0.0,0.38999010746038726,0.02608002908527851,0.13624855875968933,0.4866666793823242,0.009714779444038868,160.86666870117188,479.26666259765625,0.0
20260718,detection_plus_rate,127,0.0,0.3849229269958451,0.02608002908527851,0.13624855875968933,0.4866666793823242,0.010436039417982101,160.86666870117188,479.26666259765625,0.0
20260718,detection_plus_rate,128,0.0,0.37992158491378775,0.02608002908527851,0.13624855875968933,0.4866666793823242,0.010423008352518082,160.86666870117188,479.26666259765625,0.0
20260718,detection_plus_rate,129,0.0,0.37498522576952775,0.027229543775320053,0.14004959166049957,0.4866666793823242,0.010418618097901344,160.1199951171875,477.9599914550781,0.0
20260718,detection_plus_rate,130,0.0,0.3701130052332562,0.02608002908527851,0.13624855875968933,0.4866666793823242,0.01042737253010273,160.86666870117188,479.26666259765625,0.0
20260718,detection_plus_rate,131,0.0,0.36530408994562563,0.02608002908527851,0.13624855875968933,0.4866666793823242,0.01044608373194933,160.86666870117188,479.26666259765625,0.0
20260718,detection_plus_rate,132,0.0,0.36055765737521017,0.025519516319036484,0.13624855875968933,0.4933333396911621,0.00957831833511591,161.24000549316406,479.9200134277344,0.0
20260718,detection_plus_rate,133,0.0,0.3558728956778169,0.02560296468436718,0.13624855875968933,0.4933333396911621,0.009574358351528645,160.86666870117188,479.26666259765625,0.0
20260718,detection_plus_rate,134,0.0,0.3512490035576255,0.025996580719947815,0.13624855875968933,0.4866666793823242,0.009704596363008022,161.24000549316406,479.9200134277344,0.0
20260718,detection_plus_rate,135,0.0,0.34668519013013266,0.025996580719947815,0.13624855875968933,0.4866666793823242,0.010417686775326729,161.24000549316406,479.9200134277344,0.0
20260718,detection_plus_rate,136,0.0,0.3421806747868764,0.02560296468436718,0.13624855875968933,0.4933333396911621,0.009552913717925549,160.86666870117188,479.26666259765625,0.0
20260718,detection_plus_rate,137,0.0,0.3377346870619185,0.02560296468436718,0.13624855875968933,0.4933333396911621,0.009575768373906612,160.86666870117188,479.26666259765625,0.0
20260718,detection_plus_rate,138,0.0,0.3333464665000618,0.02541571855545044,0.13624855875968933,0.4933333396911621,0.009659749455749989,161.6133270263672,480.5733337402344,0.0
20260718,detection_plus_rate,139,0.0,0.3290152625267794,0.02560296468436718,0.13624855875968933,0.4933333396911621,0.009545820765197277,160.86666870117188,479.26666259765625,0.0
20260718,detection_plus_rate,140,0.0,0.32474033431983446,0.02541571855545044,0.13624855875968933,0.4933333396911621,0.009647616185247898,161.6133270263672,480.5733337402344,0.0
20260718,detection_plus_rate,141,0.0,0.32052095068256753,0.025519516319036484,0.13624855875968933,0.4933333396911621,0.009567013941705227,161.24000549316406,479.9200134277344,0.0
20260718,detection_plus_rate,142,0.0,0.31635638991883036,0.02560296468436718,0.13624855875968933,0.4933333396911621,0.009564870037138462,160.86666870117188,479.26666259765625,0.0
20260718,detection_plus_rate,143,0.0,0.312245939709545,0.02560296468436718,0.13624855875968933,0.4933333396911621,0.009546471759676933,160.86666870117188,479.26666259765625,0.0
20260718,detection_plus_rate,144,0.0,0.30818889699086655,0.025386778637766838,0.13624855875968933,0.4933333396911621,0.010478713549673557,161.6133270263672,480.5733337402344,0.0
20260718,detection_plus_rate,145,0.0,0.30418456783392883,0.02560296468436718,0.13624855875968933,0.4933333396911621,0.008841629140079021,160.86666870117188,479.26666259765625,0.0
20260718,detection_plus_rate,146,0.0,0.30023226732615294,0.02541571855545044,0.13624855875968933,0.4933333396911621,0.01032684650272131,161.6133270263672,480.5733337402344,0.0
20260718,detection_plus_rate,147,0.0,0.29633131945409746,0.025519516319036484,0.13624855875968933,0.4933333396911621,0.010250094346702099,161.24000549316406,479.9200134277344,0.0
20260718,detection_plus_rate,148,0.0,0.29248105698783144,0.02541571855545044,0.13624855875968933,0.4933333396911621,0.010336234234273434,161.6133270263672,480.5733337402344,0.0
20260718,detection_plus_rate,149,0.0,0.2886808213668089,0.025574026629328728,0.13624855875968933,0.4933333396911621,0.01107234787195921,160.86666870117188,479.26666259765625,0.0
20260718,detection_plus_rate,150,0.0,0.2849299625872271,0.02541571855545044,0.13624855875968933,0.4933333396911621,0.010485729202628136,161.98666381835938,481.2266540527344,0.0
20260718,detection_plus_rate,151,0.0,0.2812278390908475,0.02560296468436718,0.13624855875968933,0.4933333396911621,0.010218924842774868,160.86666870117188,479.26666259765625,0.0
20260718,detection_plus_rate,152,0.0,0.277573817655262,0.02541571855545044,0.13624855875968933,0.4933333396911621,0.010438173078000546,161.98666381835938,481.2266540527344,0.0
20260718,detection_plus_rate,153,0.0,0.2739672732855847,0.02541571855545044,0.13624855875968933,0.4933333396911621,0.01032090000808239,161.6133270263672,480.5733337402344,0.0
20260718,detection_plus_rate,154,0.0,0.2704075891075505,0.02541571855545044,0.13624855875968933,0.4933333396911621,0.010425982996821404,161.98666381835938,481.2266540527344,0.0
20260718,detection_plus_rate,155,0.0,0.2668941562620035,0.02541571855545044,0.13624855875968933,0.4933333396911621,0.01030237227678299,161.6133270263672,480.5733337402344,0.0
20260718,detection_plus_rate,156,0.0,0.26342637380075573,0.025386778637766838,0.13624855875968933,0.4933333396911621,0.011123666539788246,161.6133270263672,480.5733337402344,0.0
20260718,detection_plus_rate,157,0.0,0.260003648583799,0.025386778637766838,0.13624855875968933,0.4933333396911621,0.011246709153056145,161.98666381835938,481.2266540527344,0.0
20260718,detection_plus_rate,158,0.0,0.25662539517785243,0.025499166920781136,0.13624855875968933,0.4933333396911621,0.010401923209428787,161.6133270263672,480.5733337402344,0.0
20260718,detection_plus_rate,159,0.0,0.2532910357562287,0.02541571855545044,0.13624855875968933,0.4933333396911621,0.010413003154098988,161.98666381835938,481.2266540527344,0.0
20260718,detection_plus_rate,160,0.0,0.25,0.02560296468436718,0.13624855875968933,0.4933333396911621,0.010212943889200687,160.86666870117188,479.26666259765625,0.0
20260718,detection_plus_resource,1,0.0,2.0,0.02392391487956047,0.11575507372617722,0.4866666793823242,0.007742328569293022,215.0,574.0,0.12109375
20260718,detection_plus_resource,2,0.0,1.9740138000035972,0.023113511502742767,0.11461873352527618,0.4933333396911621,0.00797361508011818,215.0,574.0,0.12109375
20260718,detection_plus_resource,3,0.0,1.9483652413023211,0.022018948569893837,0.11436081677675247,0.5266666412353516,0.008428087458014488,215.0,574.0,0.12109375
20260718,detection_plus_resource,4,0.0,1.9230499368890603,0.02104981802403927,0.10942045599222183,0.5199999809265137,0.009323627687990665,215.0,574.0,0.12109375
20260718,detection_plus_resource,5,0.0,1.898063556757526,0.021458392962813377,0.11334416270256042,0.5133333206176758,0.010565299540758133,215.0,574.0,0.12109375
20260718,detection_plus_resource,6,0.0,1.8734018271616335,0.02124783769249916,0.11334416270256042,0.5333333611488342,0.011639755219221115,215.0,574.0,0.12109375
20260718,detection_plus_resource,7,0.0,1.8490605298845093,0.022182447835803032,0.11601025611162186,0.5199999809265137,0.012000750750303268,215.0,574.0,0.12109375
20260718,detection_plus_resource,8,0.0,1.8250355015169928,0.02115030400454998,0.11530987173318863,0.54666668176651,0.01092052087187767,215.0,574.0,0.12109375
20260718,detection_plus_resource,9,0.0,1.8013226327455147,0.02066093124449253,0.11334416270256042,0.54666668176651,0.009904212318360806,215.0,574.0,0.12109375
20260718,detection_plus_resource,10,0.0,1.777917867649229,0.021335389465093613,0.11601025611162186,0.5400000214576721,0.009516620077192783,215.0,574.0,0.12109375
20260718,detection_plus_resource,11,0.0,1.7548172030062736,0.020231112837791443,0.11326701194047928,0.5533333420753479,0.0096841249614954,215.0,574.0,0.12109375
20260718,detection_plus_resource,12,0.0,1.732016687609049,0.021689029410481453,0.11601025611162186,0.5266666412353516,0.00989338755607605,215.0,574.0,0.12109375
20260718,detection_plus_resource,13,0.0,1.7095124215883912,0.020891809836030006,0.11334416270256042,0.5266666412353516,0.009785722941160202,215.0,574.0,0.12109375
20260718,detection_plus_resource,14,0.0,1.687300555746526,0.02129669114947319,0.11334416270256042,0.5266666412353516,0.009488857351243496,215.0,574.0,0.12109375
20260718,detection_plus_resource,15,0.0,1.6653772908986906,0.02160620130598545,0.11601025611162186,0.5133333206176758,0.008899257518351078,214.25332641601562,572.693359375,0.11854171752929688
20260718,detection_plus_resource,16,0.0,1.6437388772233101,0.022034378722310066,0.11601025611162186,0.5133333206176758,0.009047260507941246,213.8800048828125,572.0399780273438,0.11726558208465576
20260718,detection_plus_resource,17,0.0,1.6223816136206164,0.021639835089445114,0.11601025611162186,0.5199999809265137,0.00912226177752018,212.75999450683594,570.0800170898438,0.11343753337860107
20260718,detection_plus_resource,18,0.0,1.6013018470796005,0.02162640355527401,0.11601025611162186,0.5266666412353516,0.00914760772138834,212.01333618164062,568.7733154296875,0.1108853816986084
20260718,detection_plus_resource,19,0.0,1.5804959720531906,0.022956831380724907,0.1217687577009201,0.5199999809265137,0.00860426016151905,207.9066619873047,561.586669921875,0.09684896469116211
20260718,detection_plus_resource,20,0.0,1.559960429841549,0.022052515298128128,0.12079283595085144,0.5333333611488342,0.00883312989026308,207.53334045410156,560.933349609375,0.09557294845581055
20260718,detection_plus_resource,21,0.0,1.5396917079833807,0.02260548062622547,0.12079283595085144,0.5199999809265137,0.008727303706109524,206.413330078125,558.9733276367188,0.09174478054046631
20260718,detection_plus_resource,22,0.0,1.5196863396551512,0.022449402138590813,0.12079283595085144,0.5199999809265137,0.009290540590882301,207.16000366210938,560.280029296875,0.09429693222045898
20260718,detection_plus_resource,23,0.0,1.4999409030781112,0.022189360111951828,0.12079283595085144,0.5266666412353516,0.009317529387772083,207.16000366210938,560.280029296875,0.09429693222045898
20260718,detection_plus_resource,24,0.0,1.4804520209330247,0.022997058928012848,0.12142253667116165,0.5266666412353516,0.008739215321838856,205.6666717529297,557.6666870117188,0.08919274806976318
20260718,detection_plus_resource,25,0.0,1.4612163597825027,0.024352559819817543,0.12552036345005035,0.5133333206176758,0.008820141665637493,205.2933349609375,557.0133056640625,0.08791661262512207
20260718,detection_plus_resource,26,0.0,1.442230629500841,0.023105906322598457,0.12389339506626129,0.5266666412353516,0.00935375690460205,206.413330078125,558.9733276367188,0.09174478054046631
20260718,detection_plus_resource,27,0.0,1.4234915827112675,0.023358197882771492,0.12389339506626129,0.5199999809265137,0.009149217046797276,205.6666717529297,557.6666870117188,0.08919274806976318
20260718,detection_plus_resource,28,0.0,1.404996014230502,0.02360089123249054,0.12389339506626129,0.5266666412353516,0.009059430100023746,205.2933349609375,557.0133056640625,0.08791661262512207
20260718,detection_plus_resource,29,0.0,1.3867407605205309,0.024071073159575462,0.12552036345005035,0.5199999809265137,0.009449142962694168,205.6666717529297,557.6666870117188,0.08919274806976318
20260718,detection_plus_resource,30,0.0,1.3687226991475059,0.023937726393342018,0.12552036345005035,0.5199999809265137,0.009572102688252926,205.6666717529297,557.6666870117188,0.08919274806976318
20260718,detection_plus_resource,31,0.0,1.350938748247674,0.024137433618307114,0.12552036345005035,0.5199999809265137,0.009076264686882496,203.8000030517578,554.4000244140625,0.08281254768371582
20260718,detection_plus_resource,32,0.0,1.333385866000247,0.02413814142346382,0.12552036345005035,0.5199999809265137,0.009168107062578201,203.8000030517578,554.4000244140625,0.08281254768371582
20260718,detection_plus_resource,33,0.0,1.3160610501071175,0.022974401712417603,0.12142253667116165,0.5266666412353516,0.009585980325937271,205.6666717529297,557.6666870117188,0.08919274806976318
20260718,detection_plus_resource,34,0.0,1.2989613372793378,0.02328255958855152,0.12389339506626129,0.5266666412353516,0.009297391399741173,205.6666717529297,557.6666870117188,0.08919274806976318
20260718,detection_plus_resource,35,0.0,1.2820838027302701,0.024112705141305923,0.12552036345005035,0.5199999809265137,0.00905840564519167,203.8000030517578,554.4000244140625,0.08281254768371582
20260718,detection_plus_resource,36,0.0,1.2654255596753214,0.023915303871035576,0.12552036345005035,0.5199999809265137,0.009588106535375118,205.6666717529297,557.6666870117188,0.08919274806976318
20260718,detection_plus_resource,37,0.0,1.24898375883818,0.023426147177815437,0.12389339506626129,0.5266666412353516,0.009373205713927746,204.17333984375,555.0533447265625,0.08408856391906738
20260718,detection_plus_resource,38,0.0,1.2327555879634662,0.02411889098584652,0.12552036345005035,0.5199999809265137,0.00933906715363264,203.8000030517578,554.4000244140625,0.08281254768371582
20260718,detection_plus_resource,39,0.0,1.2167382713357153,0.023441854864358902,0.12389339506626129,0.5266666412353516,0.009432957507669926,203.8000030517578,554.4000244140625,0.08281254768371582
20260718,detection_plus_resource,40,0.0,1.2009290693046117,0.022972002625465393,0.12389339506626129,0.5333333611488342,0.009553216397762299,203.8000030517578,554.4000244140625,0.08281254768371582
20260718,detection_plus_resource,41,0.0,1.18532527781639,0.02357850782573223,0.12389339506626129,0.5199999809265137,0.009550290182232857,203.8000030517578,554.4000244140625,0.08281254768371582
20260718,detection_plus_resource,42,0.0,1.1699242279513258,0.02357850782573223,0.12389339506626129,0.5199999809265137,0.009331167675554752,202.30667114257812,551.7866821289062,0.07770836353302002
20260718,detection_plus_resource,43,0.0,1.1547232854672358,0.023240476846694946,0.12389339506626129,0.5266666412353516,0.009959012269973755,204.54666137695312,555.7066650390625,0.08536458015441895
20260718,detection_plus_resource,44,0.0,1.1397198503489083,0.023497112095355988,0.12389339506626129,0.5199999809265137,0.009207560680806637,200.06666564941406,547.8666381835938,0.07005202770233154
20260718,detection_plus_resource,45,0.0,1.12491135636339,0.0230634193867445,0.12389339506626129,0.5333333611488342,0.009549626149237156,201.55999755859375,550.47998046875,0.07515621185302734
20260718,detection_plus_resource,46,0.0,1.110295270621048,0.022725258022546768,0.12389339506626129,0.5333333611488342,0.010101943276822567,204.17333984375,555.0533447265625,0.08408856391906738
20260718,detection_plus_resource,47,0.0,1.0958690931423387,0.022980468347668648,0.12389339506626129,0.5333333611488342,0.009367881342768669,200.06666564941406,547.8666381835938,0.07005202770233154
20260718,detection_plus_resource,48,0.0,1.0816303564302021,0.023403393104672432,0.12389339506626129,0.5266666412353516,0.009924842976033688,201.93333435058594,551.1333618164062,0.07643234729766846
20260718,detection_plus_resource,49,0.0,1.0675766250480143,0.023375673219561577,0.12389339506626129,0.5266666412353516,0.009670966304838657,198.57333374023438,545.2533569335938,0.06494796276092529
20260718,detection_plus_resource,50,0.0,1.0537054952030231,0.023303808644413948,0.12389339506626129,0.5266666412353516,0.009855163283646107,199.69332885742188,547.2133178710938,0.06877601146697998
20260718,detection_plus_resource,51,0.0,1.040014594335196,0.02332512103021145,0.12389339506626129,0.5333333611488342,0.009640585631132126,196.3333282470703,541.3333129882812,0.057291626930236816
20260718,detection_plus_resource,52,0.0,1.02650158071141,0.02289111539721489,0.12389339506626129,0.5333333611488342,0.00964325200766325,197.0800018310547,542.6400146484375,0.05984377861022949
20260718,detection_plus_resource,53,0.0,1.0131641430249148,0.023647157475352287,0.12741443514823914,0.5400000214576721,0.009738072752952576,195.586669921875,540.0266723632812,0.05473959445953369
20260718,detection_plus_resource,54,0.0,1.0,0.022946877405047417,0.12389339506626129,0.5333333611488342,0.01020753476768732,198.94667053222656,545.9066772460938,0.06622397899627686
20260718,detection_plus_resource,55,0.0,0.9870069000017987,0.02385340817272663,0.12741443514823914,0.54666668176651,0.009390048682689667,191.47999572753906,532.8400268554688,0.0407031774520874
20260718,detection_plus_resource,56,0.0,0.9741826206511606,0.02452496439218521,0.12837962806224823,0.5400000214576721,0.009175085462629795,188.4933319091797,527.6133422851562,0.0304948091506958
20260718,detection_plus_resource,57,0.0,0.9615249684445302,0.022867804393172264,0.12389339506626129,0.5333333611488342,0.01064564660191536,198.94667053222656,545.9066772460938,0.06622397899627686
20260718,detection_plus_resource,58,0.0,0.949031778378763,0.0232455562800169,0.12609489262104034,0.5533333420753479,0.009205948561429977,187.3733367919922,525.6533203125,0.026666641235351562
20260718,detection_plus_resource,59,0.0,0.9367009135808169,0.02391955442726612,0.12741443514823914,0.54666668176651,0.009636027738451958,188.86666870117188,528.2666625976562,0.03177082538604736
20260718,detection_plus_resource,60,0.0,0.9245302649422548,0.02367555908858776,0.12609489262104034,0.54666668176651,0.009527129121124744,187.74667358398438,526.306640625,0.027942657470703125
20260718,detection_plus_resource,61,0.0,0.9125177507584963,0.02302870713174343,0.12741443514823914,0.5533333420753479,0.00902318675071001,183.63999938964844,519.1199951171875,0.013906240463256836
20260718,detection_plus_resource,62,0.0,0.9006613163727574,0.023659704253077507,0.12741443514823914,0.5400000214576721,0.010527385398745537,192.97332763671875,535.4533081054688,0.04580724239349365
20260718,detection_plus_resource,63,0.0,0.8889589338246144,0.023255938664078712,0.12741443514823914,0.5400000214576721,0.00864247977733612,178.0399932861328,509.32000732421875,0.0
20260718,detection_plus_resource,64,0.0,0.8774086015031368,0.02286098152399063,0.12741443514823914,0.5533333420753479,0.009159820154309273,182.52000427246094,517.1599731445312,0.010078072547912598
20260718,detection_plus_resource,65,0.0,0.8660083438045245,0.023697853088378906,0.12741443514823914,0.54666668176651,0.010082886554300785,188.1199951171875,526.9600219726562,0.02921879291534424
20260718,detection_plus_resource,66,0.0,0.8547562107941956,0.0239102803170681,0.12630443274974823,0.5133333206176758,0.008609496988356113,165.72000122070312,487.760009765625,0.0
20260718,detection_plus_resource,67,0.0,0.8436502778732629,0.02177179977297783,0.12475310266017914,0.5533333420753479,0.009201204404234886,178.413330078125,509.97332763671875,0.0
20260718,detection_plus_resource,68,0.0,0.8326886454493452,0.02225612848997116,0.12609489262104034,0.5533333420753479,0.009386478923261166,181.02667236328125,514.5466918945312,0.004974007606506348
20260718,detection_plus_resource,69,0.0,0.8218694386116551,0.023310523480176926,0.12741421163082123,0.5199999809265137,0.008573038503527641,172.81333923339844,500.17333984375,0.0
20260718,detection_plus_resource,70,0.0,0.8111908068103082,0.022612469270825386,0.12741443514823914,0.5533333420753479,0.009491641074419022,181.02667236328125,514.5466918945312,0.004974007606506348
20260718,detection_plus_resource,71,0.0,0.8006509235398003,0.022387033328413963,0.12741421163082123,0.5400000214576721,0.00891067460179329,175.8000030517578,505.3999938964844,0.0
20260718,detection_plus_resource,72,0.0,0.7902479860265953,0.022006096318364143,0.12741421163082123,0.5533333420753479,0.009333044290542603,179.53334045410156,511.9333190917969,0.0
20260718,detection_plus_resource,73,0.0,0.7799802149207745,0.02310711145401001,0.12741421163082123,0.5199999809265137,0.00894548837095499,172.81333923339844,500.17333984375,0.0
20260718,detection_plus_resource,74,0.0,0.7698458539916904,0.022952966392040253,0.12609489262104034,0.5533333420753479,0.0100721949711442,186.6266632080078,524.3466796875,0.024114608764648438
20260718,detection_plus_resource,75,0.0,0.7598431698275756,0.023501472547650337,0.12630443274974823,0.5133333206176758,0.008914286270737648,166.83999633789062,489.7200012207031,0.0
20260718,detection_plus_resource,76,0.0,0.7499704515390556,0.024881429970264435,0.13532525300979614,0.5066666603088379,0.009009030647575855,166.0933380126953,488.413330078125,0.0
20260718,detection_plus_resource,77,0.0,0.7402260104665124,0.025281235575675964,0.13532525300979614,0.5,0.00871934462338686,163.10667419433594,483.1866760253906,0.0
20260718,detection_plus_resource,78,0.0,0.7306081798912514,0.022218698635697365,0.12741421163082123,0.54666668176651,0.009743982926011086,178.0399932861328,509.32000732421875,0.0
20260718,detection_plus_resource,79,0.0,0.7211153147504205,0.026300596073269844,0.14004959166049957,0.4933333396911621,0.008601303212344646,161.6133270263672,480.5733337402344,0.0
20260718,detection_plus_resource,80,0.0,0.7117457913556338,0.022122805938124657,0.1258537620306015,0.5400000214576721,0.009394155815243721,170.1999969482422,495.6000061035156,0.0
20260718,detection_plus_resource,81,0.0,0.702498007115251,0.026321114972233772,0.14004959166049957,0.4933333396911621,0.00867763813585043,161.98666381835938,481.2266540527344,0.0
20260718,detection_plus_resource,82,0.0,0.6933703802602654,0.02654259279370308,0.14004959166049957,0.4933333396911621,0.008296481333673,160.4933319091797,478.61334228515625,0.0
20260718,detection_plus_resource,83,0.0,0.6843613495737529,0.024173548445105553,0.13532525300979614,0.5266666412353516,0.009760765358805656,167.2133331298828,490.3733215332031,0.0
20260718,detection_plus_resource,84,0.0,0.6754693741238371,0.02654259279370308,0.14004959166049957,0.4933333396911621,0.008274461142718792,160.4933319091797,478.61334228515625,0.0
20260718,detection_plus_resource,85,0.0,0.6666929330001236,0.026300596073269844,0.14004959166049957,0.4933333396911621,0.008596276864409447,161.6133270263672,480.5733337402344,0.0
20260718,detection_plus_resource,86,0.0,0.6580305250535589,0.02413509227335453,0.13532525300979614,0.5266666412353516,0.00922777596861124,165.34666442871094,487.1066589355469,0.0
20260718,detection_plus_resource,87,0.0,0.649480668639669,0.02654259279370308,0.14004959166049957,0.4933333396911621,0.008263158611953259,160.4933319091797,478.61334228515625,0.0
20260718,detection_plus_resource,88,0.0,0.6410419013651351,0.026177670806646347,0.14004959166049957,0.5,0.008813141845166683,162.36000061035156,481.8800048828125,0.0
20260718,detection_plus_resource,89,0.0,0.6327127798376607,0.026300596073269844,0.14004959166049957,0.4933333396911621,0.00863519124686718,161.6133270263672,480.5733337402344,0.0
20260718,detection_plus_resource,90,0.0,0.62449187941909,0.02654259279370308,0.14004959166049957,0.4933333396911621,0.008260554634034634,160.4933319091797,478.61334228515625,0.0
20260718,detection_plus_resource,91,0.0,0.6163777939817331,0.026177670806646347,0.14004959166049957,0.5,0.009432855993509293,162.36000061035156,481.8800048828125,0.0
20260718,detection_plus_resource,92,0.0,0.6083691356678577,0.02676396630704403,0.14004959166049957,0.4933333396911621,0.008224760182201862,160.1199951171875,477.9599914550781,0.0
20260718,detection_plus_resource,93,0.0,0.6004645346523059,0.02635534666478634,0.14004959166049957,0.4933333396911621,0.00912206806242466,161.24000549316406,479.9200134277344,0.0
20260718,detection_plus_resource,94,0.0,0.592662638908195,0.02654259279370308,0.14004959166049957,0.4933333396911621,0.008967981673777103,160.4933319091797,478.61334228515625,0.0
20260718,detection_plus_resource,95,0.0,0.5849621139756629,0.02634386345744133,0.14004959166049957,0.4933333396911621,0.009947296231985092,161.24000549316406,479.9200134277344,0.0
20260718,detection_plus_resource,96,0.0,0.5773616427336179,0.02654259279370308,0.14004959166049957,0.4933333396911621,0.008923235349357128,160.4933319091797,478.61334228515625,0.0
20260718,detection_plus_resource,97,0.0,0.5698599251744542,0.02634386345744133,0.14004959166049957,0.4933333396911621,0.009910982102155685,161.24000549316406,479.9200134277344,0.0
20260718,detection_plus_resource,98,0.0,0.562455678181695,0.02653111144900322,0.14004959166049957,0.4933333396911621,0.009094810113310814,160.4933319091797,478.61334228515625,0.0
20260718,detection_plus_resource,99,0.0,0.555147635310524,0.02634386345744133,0.14004959166049957,0.4933333396911621,0.009959152899682522,161.24000549316406,479.9200134277344,0.0
20260718,detection_plus_resource,100,0.0,0.5479345465711694,0.02653111144900322,0.14004959166049957,0.4933333396911621,0.009733951650559902,160.4933319091797,478.61334228515625,0.0
20260718,detection_plus_resource,101,0.0,0.5408151782151011,0.02634386345744133,0.14004959166049957,0.4933333396911621,0.009843738749623299,161.24000549316406,479.9200134277344,0.0
20260718,detection_plus_resource,102,0.0,0.5337883125240072,0.02635534666478634,0.14004959166049957,0.4933333396911621,0.008986984379589558,161.24000549316406,479.9200134277344,0.0
20260718,detection_plus_resource,103,0.0,0.5268527476015116,0.02635534666478634,0.14004959166049957,0.4933333396911621,0.008949514478445053,161.24000549316406,479.9200134277344,0.0
20260718,detection_plus_resource,104,0.0,0.520007297167598,0.02634386345744133,0.14004959166049957,0.4933333396911621,0.009855533018708229,161.24000549316406,479.9200134277344,0.0
20260718,detection_plus_resource,105,0.0,0.513250790355705,0.026427313685417175,0.14004959166049957,0.4933333396911621,0.009832533076405525,160.86666870117188,479.26666259765625,0.0
20260718,detection_plus_resource,106,0.0,0.5065820715124574,0.02634386345744133,0.14004959166049957,0.4933333396911621,0.009864849038422108,161.24000549316406,479.9200134277344,0.0
20260718,detection_plus_resource,107,0.0,0.5,0.02634386345744133,0.14004959166049957,0.4933333396911621,0.009135639294981956,161.24000549316406,479.9200134277344,0.0
20260718,detection_plus_resource,108,0.0,0.49350345000089935,0.02634386345744133,0.14004959166049957,0.4933333396911621,0.009801491163671017,161.24000549316406,479.9200134277344,0.0
20260718,detection_plus_resource,109,0.0,0.4870913103255803,0.02634386345744133,0.14004959166049957,0.4933333396911621,0.009813562966883183,161.24000549316406,479.9200134277344,0.0
20260718,detection_plus_resource,110,0.0,0.4807624842222651,0.02634386345744133,0.14004959166049957,0.4933333396911621,0.009821080602705479,161.24000549316406,479.9200134277344,0.0
20260718,detection_plus_resource,111,0.0,0.47451588918938153,0.02634386345744133,0.14004959166049957,0.4933333396911621,0.00983446091413498,161.24000549316406,479.9200134277344,0.0
20260718,detection_plus_resource,112,0.0,0.46835045679040843,0.02634386345744133,0.14004959166049957,0.4933333396911621,0.009855463169515133,161.24000549316406,479.9200134277344,0.0
20260718,detection_plus_resource,113,0.0,0.4622651324711274,0.02634386345744133,0.14004959166049957,0.4933333396911621,0.009862823411822319,161.24000549316406,479.9200134277344,0.0
20260718,detection_plus_resource,114,0.0,0.4562588753792482,0.026289112865924835,0.14004959166049957,0.4933333396911621,0.009995040483772755,161.6133270263672,480.5733337402344,0.0
20260718,detection_plus_resource,115,0.0,0.45033065818637874,0.02634386345744133,0.14004959166049957,0.4933333396911621,0.009774461388587952,161.24000549316406,479.9200134277344,0.0
20260718,detection_plus_resource,116,0.0,0.4444794669123073,0.026300596073269844,0.14004959166049957,0.4933333396911621,0.009034765884280205,161.98666381835938,481.2266540527344,0.0
20260718,detection_plus_resource,117,0.0,0.43870430075156847,0.02634386345744133,0.14004959166049957,0.4933333396911621,0.009797845035791397,161.24000549316406,479.9200134277344,0.0
20260718,detection_plus_resource,118,0.0,0.4330041719022623,0.02634386345744133,0.14004959166049957,0.4933333396911621,0.009844605810940266,161.24000549316406,479.9200134277344,0.0
20260718,detection_plus_resource,119,0.0,0.42737810539709786,0.02634386345744133,0.14004959166049957,0.4933333396911621,0.009875457733869553,161.24000549316406,479.9200134277344,0.0
20260718,detection_plus_resource,120,0.0,0.42182513893663154,0.026289112865924835,0.14004959166049957,0.4933333396911621,0.010127661749720573,162.36000061035156,481.8800048828125,0.0
20260718,detection_plus_resource,121,0.0,0.4163443227246726,0.02634386345744133,0.14004959166049957,0.4933333396911621,0.00976982805877924,161.24000549316406,479.9200134277344,0.0
20260718,detection_plus_resource,122,0.0,0.4109347193058275,0.026289112865924835,0.14004959166049957,0.4933333396911621,0.009998089633882046,162.36000061035156,481.8800048828125,0.0
20260718,detection_plus_resource,123,0.0,0.40559540340515404,0.02634386345744133,0.14004959166049957,0.4933333396911621,0.009824630804359913,161.6133270263672,480.5733337402344,0.0
20260718,detection_plus_resource,124,0.0,0.4003254617699001,0.02634386345744133,0.14004959166049957,0.4933333396911621,0.009874469600617886,161.6133270263672,480.5733337402344,0.0
20260718,detection_plus_resource,125,0.0,0.39512399301329765,0.02634386345744133,0.14004959166049957,0.4933333396911621,0.010029838420450687,161.98666381835938,481.2266540527344,0.0
20260718,detection_plus_resource,126,0.0,0.38999010746038726,0.02634386345744133,0.14004959166049957,0.4933333396911621,0.009836208075284958,161.24000549316406,479.9200134277344,0.0
20260718,detection_plus_resource,127,0.0,0.3849229269958451,0.02634386345744133,0.14004959166049957,0.4933333396911621,0.009841877967119217,161.24000549316406,479.9200134277344,0.0
20260718,detection_plus_resource,128,0.0,0.37992158491378775,0.02634386345744133,0.14004959166049957,0.4933333396911621,0.009828669019043446,161.24000549316406,479.9200134277344,0.0
20260718,detection_plus_resource,129,0.0,0.37498522576952775,0.02634386345744133,0.14004959166049957,0.4933333396911621,0.00984508078545332,161.24000549316406,479.9200134277344,0.0
20260718,detection_plus_resource,130,0.0,0.3701130052332562,0.02634386345744133,0.14004959166049957,0.4933333396911621,0.009929278865456581,161.98666381835938,481.2266540527344,0.0
20260718,detection_plus_resource,131,0.0,0.36530408994562563,0.02616618387401104,0.14004959166049957,0.5,0.010092044249176979,163.10667419433594,483.1866760253906,0.0
20260718,detection_plus_resource,132,0.0,0.36055765737521017,0.026289112865924835,0.14004959166049957,0.4933333396911621,0.010070478543639183,162.36000061035156,481.8800048828125,0.0
20260718,detection_plus_resource,133,0.0,0.3558728956778169,0.026260174810886383,0.14004959166049957,0.4933333396911621,0.01093348115682602,162.36000061035156,481.8800048828125,0.0
20260718,detection_plus_resource,134,0.0,0.3512490035576255,0.02634386345744133,0.14004959166049957,0.4933333396911621,0.009969798848032951,161.98666381835938,481.2266540527344,0.0
20260718,detection_plus_resource,135,0.0,0.34668519013013266,0.026260174810886383,0.14004959166049957,0.4933333396911621,0.010908888652920723,162.36000061035156,481.8800048828125,0.0
20260718,detection_plus_resource,136,0.0,0.3421806747868764,0.02634386345744133,0.14004959166049957,0.4933333396911621,0.009940946474671364,161.6133270263672,480.5733337402344,0.0
20260718,detection_plus_resource,137,0.0,0.3377346870619185,0.02614566870033741,0.14004959166049957,0.5,0.011171525344252586,162.73333740234375,482.5333251953125,0.0
20260718,detection_plus_resource,138,0.0,0.3333464665000618,0.02634386345744133,0.14004959166049957,0.4933333396911621,0.009983471594750881,161.98666381835938,481.2266540527344,0.0
20260718,detection_plus_resource,139,0.0,0.3290152625267794,0.02634386345744133,0.14004959166049957,0.4933333396911621,0.009919309988617897,161.98666381835938,481.2266540527344,0.0
20260718,detection_plus_resource,140,0.0,0.32474033431983446,0.026289112865924835,0.14004959166049957,0.4933333396911621,0.010019473731517792,162.36000061035156,481.8800048828125,0.0
20260718,detection_plus_resource,141,0.0,0.32052095068256753,0.02614566870033741,0.14004959166049957,0.5,0.01009405218064785,162.73333740234375,482.5333251953125,0.0
20260718,detection_plus_resource,142,0.0,0.31635638991883036,0.02634386345744133,0.14004959166049957,0.4933333396911621,0.009948800317943096,161.98666381835938,481.2266540527344,0.0
20260718,detection_plus_resource,143,0.0,0.312245939709545,0.02634386345744133,0.14004959166049957,0.4933333396911621,0.009927329607307911,161.98666381835938,481.2266540527344,0.0
20260718,detection_plus_resource,144,0.0,0.30818889699086655,0.02614566870033741,0.14004959166049957,0.5,0.010086349211633205,162.73333740234375,482.5333251953125,0.0
20260718,detection_plus_resource,145,0.0,0.30418456783392883,0.026289112865924835,0.14004959166049957,0.4933333396911621,0.010017210617661476,162.36000061035156,481.8800048828125,0.0
20260718,detection_plus_resource,146,0.0,0.30023226732615294,0.02634386345744133,0.14004959166049957,0.4933333396911621,0.00991640891879797,161.98666381835938,481.2266540527344,0.0
20260718,detection_plus_resource,147,0.0,0.29633131945409746,0.02614566870033741,0.14004959166049957,0.5,0.010065281763672829,162.73333740234375,482.5333251953125,0.0
20260718,detection_plus_resource,148,0.0,0.29248105698783144,0.026820925995707512,0.14004959166049957,0.4866666793823242,0.010780450887978077,161.98666381835938,481.2266540527344,0.0
20260718,detection_plus_resource,149,0.0,0.2886808213668089,0.026820925995707512,0.14004959166049957,0.4866666793823242,0.01079688873142004,161.98666381835938,481.2266540527344,0.0
20260718,detection_plus_resource,150,0.0,0.2849299625872271,0.026987547054886818,0.14004959166049957,0.4866666793823242,0.010899010114371777,162.36000061035156,481.8800048828125,0.0
20260718,detection_plus_resource,151,0.0,0.2812278390908475,0.02656523324549198,0.14004959166049957,0.4933333396911621,0.009219924919307232,161.98666381835938,481.2266540527344,0.0
20260718,detection_plus_resource,152,0.0,0.277573817655262,0.026987547054886818,0.14004959166049957,0.4866666793823242,0.010823994874954224,162.36000061035156,481.8800048828125,0.0
20260718,detection_plus_resource,153,0.0,0.2739672732855847,0.026987547054886818,0.14004959166049957,0.4866666793823242,0.01086311973631382,162.36000061035156,481.8800048828125,0.0
20260718,detection_plus_resource,154,0.0,0.2704075891075505,0.02656523324549198,0.14004959166049957,0.4933333396911621,0.009236565791070461,161.98666381835938,481.2266540527344,0.0
20260718,detection_plus_resource,155,0.0,0.2668941562620035,0.02656523324549198,0.14004959166049957,0.4933333396911621,0.009257628582417965,161.98666381835938,481.2266540527344,0.0
20260718,detection_plus_resource,156,0.0,0.26342637380075573,0.02681516669690609,0.14004959166049957,0.4933333396911621,0.01181697379797697,162.73333740234375,482.5333251953125,0.0
20260718,detection_plus_resource,157,0.0,0.260003648583799,0.026820925995707512,0.14004959166049957,0.4866666793823242,0.010799529030919075,161.98666381835938,481.2266540527344,0.0
20260718,detection_plus_resource,158,0.0,0.25662539517785243,0.02679198980331421,0.14004959166049957,0.4866666793823242,0.011624517850577831,161.98666381835938,481.2266540527344,0.0
20260718,detection_plus_resource,159,0.0,0.2532910357562287,0.027042299509048462,0.14004959166049957,0.4866666793823242,0.010801908560097218,161.98666381835938,481.2266540527344,0.0
20260718,detection_plus_resource,160,0.0,0.25,0.026820925995707512,0.14004959166049957,0.4866666793823242,0.01076787430793047,161.98666381835938,481.2266540527344,0.0
20260718,full_joint_loss,1,0.001065392494201678,2.0,0.023949023336172104,0.11575507372617722,0.4866666793823242,0.007764930836856365,215.0,574.0,0.12109375
20260718,full_joint_loss,2,0.0024787712097168236,1.9740138000035972,0.02396763488650322,0.11661507189273834,0.4866666793823242,0.00805499218404293,215.0,574.0,0.12109375
20260718,full_joint_loss,3,0.0045227289199829546,1.9483652413023211,0.022999819368124008,0.11473444104194641,0.5066666603088379,0.008647068403661251,215.0,574.0,0.12109375
20260718,full_joint_loss,4,0.007638034820556694,1.9230499368890603,0.022226549685001373,0.11037363111972809,0.5066666603088379,0.009863194078207016,215.0,574.0,0.12109375
20260718,full_joint_loss,5,0.012405910491943395,1.898063556757526,0.021933425217866898,0.11124005913734436,0.5,0.012013307772576809,215.0,574.0,0.12109375
20260718,full_joint_loss,6,0.01933578491210941,1.8734018271616335,0.021611981093883514,0.11334416270256042,0.5133333206176758,0.014865904115140438,215.0,574.0,0.12109375
20260718,full_joint_loss,7,0.028457336425781278,1.8490605298845093,0.0232248492538929,0.12136518955230713,0.5199999809265137,0.016713401302695274,215.0,574.0,0.12109375
20260718,full_joint_loss,8,0.03852058410644532,1.8250355015169928,0.023174893110990524,0.1250986009836197,0.5266666412353516,0.015227756462991238,215.0,574.0,0.12109375
20260718,full_joint_loss,9,0.04822458744049074,1.8013226327455147,0.021578680723905563,0.11911080777645111,0.5400000214576721,0.013097883202135563,215.0,574.0,0.12109375
20260718,full_joint_loss,10,0.05720906257629395,1.777917867649229,0.02258429490029812,0.12008184939622879,0.5266666412353516,0.01182497851550579,215.0,574.0,0.12109375
20260718,full_joint_loss,11,0.06615227699279784,1.7548172030062736,0.021578680723905563,0.11911080777645111,0.5400000214576721,0.011957423761487007,215.0,574.0,0.12109375
20260718,full_joint_loss,12,0.07558619976043701,1.732016687609049,0.021578680723905563,0.11911080777645111,0.5400000214576721,0.012402637861669064,215.0,574.0,0.12109375
20260718,full_joint_loss,13,0.08535510540008544,1.7095124215883912,0.02216208726167679,0.11911080777645111,0.5333333611488342,0.012826886028051376,215.0,574.0,0.12109375
20260718,full_joint_loss,14,0.09530451774597166,1.687300555746526,0.022396281361579895,0.12347163259983063,0.5333333611488342,0.013251137919723988,215.0,574.0,0.12109375
20260718,full_joint_loss,15,0.10452247619628903,1.6653772908986906,0.022494608536362648,0.12347163259983063,0.5333333611488342,0.01303309015929699,215.0,574.0,0.12109375
20260718,full_joint_loss,16,0.11287045955657958,1.6437388772233101,0.022059008479118347,0.12105777114629745,0.5400000214576721,0.013011262752115726,214.25332641601562,572.693359375,0.11854171752929688
20260718,full_joint_loss,17,0.12014537334442138,1.6223816136206164,0.021950773894786835,0.12008184939622879,0.5333333611488342,0.012709662318229675,211.26666259765625,567.4666748046875,0.10833334922790527
20260718,full_joint_loss,18,0.12678819656372067,1.6013018470796005,0.02336600236594677,0.12389339506626129,0.5266666412353516,0.012661337852478027,205.6666717529297,557.6666870117188,0.08919274806976318
20260718,full_joint_loss,19,0.13189527034759516,1.5804959720531906,0.024891849607229233,0.1327618509531021,0.5066666603088379,0.008974337950348854,172.06666564941406,498.8666687011719,0.0
20260718,full_joint_loss,20,0.1352596426010131,1.559960429841549,0.027748756110668182,0.14527514576911926,0.4866666793823242,0.010308773256838322,159.0,476.0,0.0
20260718,full_joint_loss,21,0.13688255786895745,1.5396917079833807,0.027748756110668182,0.14527514576911926,0.4866666793823242,0.01046468410640955,159.0,476.0,0.0
20260718,full_joint_loss,22,0.13796607017517085,1.5196863396551512,0.026613565161824226,0.14004959166049957,0.4933333396911621,0.014226158149540424,159.0,476.0,0.0
20260718,full_joint_loss,23,0.13955102443695064,1.4999409030781112,0.0272305179387331,0.14527514576911926,0.4933333396911621,0.012407557107508183,159.0,476.0,0.0
20260718,full_joint_loss,24,0.14059721946716303,1.4804520209330247,0.027748756110668182,0.14527514576911926,0.4866666793823242,0.01046468410640955,159.0,476.0,0.0
20260718,full_joint_loss,25,0.1416531944274902,1.4612163597825027,0.027748756110668182,0.14527514576911926,0.4866666793823242,0.011104961857199669,159.0,476.0,0.0
20260718,full_joint_loss,26,0.14349526405334467,1.442230629500841,0.027556130662560463,0.14527514576911926,0.4866666793823242,0.01109514944255352,159.3733367919922,476.6533203125,0.0
20260718,full_joint_loss,27,0.14547317981719968,1.4234915827112675,0.027748756110668182,0.14527514576911926,0.4866666793823242,0.01046468410640955,159.0,476.0,0.0
20260718,full_joint_loss,28,0.14658965110778804,1.404996014230502,0.027748756110668182,0.14527514576911926,0.4866666793823242,0.01046468410640955,159.0,476.0,0.0
20260718,full_joint_loss,29,0.14767463207244869,1.3867407605205309,0.0272305179387331,0.14527514576911926,0.4933333396911621,0.011767279356718063,159.0,476.0,0.0
20260718,full_joint_loss,30,0.14994733333587643,1.3687226991475059,0.0272305179387331,0.14527514576911926,0.4933333396911621,0.011767279356718063,159.0,476.0,0.0
20260718,full_joint_loss,31,0.1512173223495483,1.350938748247674,0.027475805953145027,0.14527514576911926,0.4933333396911621,0.01117923203855753,159.0,476.0,0.0
20260718,full_joint_loss,32,0.15159126281738275,1.333385866000247,0.0272305179387331,0.14527514576911926,0.4933333396911621,0.012407557107508183,159.0,476.0,0.0
20260718,full_joint_loss,33,0.152188491821289,1.3160610501071175,0.026613565161824226,0.14004959166049957,0.4933333396911621,0.012860619463026524,159.0,476.0,0.0
20260718,full_joint_loss,34,0.15368286132812495,1.2989613372793378,0.0272305179387331,0.14527514576911926,0.4933333396911621,0.011767279356718063,159.0,476.0,0.0
20260718,full_joint_loss,35,0.15498145580291742,1.2820838027302701,0.027503468096256256,0.14527514576911926,0.4866666793823242,0.011052730493247509,159.0,476.0,0.0
20260718,full_joint_loss,36,0.15610920429229727,1.2654255596753214,0.0272305179387331,0.14527514576911926,0.4933333396911621,0.011767279356718063,159.0,476.0,0.0
20260718,full_joint_loss,37,0.15741151809692375,1.24898375883818,0.0272305179387331,0.14527514576911926,0.4933333396911621,0.011767279356718063,159.0,476.0,0.0
20260718,full_joint_loss,38,0.15837989330291738,1.2327555879634662,0.0272305179387331,0.14527514576911926,0.4933333396911621,0.011767279356718063,159.0,476.0,0.0
20260718,full_joint_loss,39,0.15909364700317372,1.2167382713357153,0.0272305179387331,0.14527514576911926,0.4933333396911621,0.011767279356718063,159.0,476.0,0.0
20260718,full_joint_loss,40,0.15996423244476307,1.2009290693046117,0.0272305179387331,0.14527514576911926,0.4933333396911621,0.011767279356718063,159.0,476.0,0.0
20260718,full_joint_loss,41,0.1604411458969115,1.18532527781639,0.0272305179387331,0.14527514576911926,0.4933333396911621,0.012565582990646362,159.0,476.0,0.0
20260718,full_joint_loss,42,0.16110336780548082,1.1699242279513258,0.0272305179387331,0.14527514576911926,0.4933333396911621,0.011767279356718063,159.0,476.0,0.0
20260718,full_joint_loss,43,0.16200771331787095,1.1547232854672358,0.0272305179387331,0.14527514576911926,0.4933333396911621,0.011767279356718063,159.0,476.0,0.0
20260718,full_joint_loss,44,0.16322238445281967,1.1397198503489083,0.0272305179387331,0.14527514576911926,0.4933333396911621,0.011767279356718063,159.0,476.0,0.0
20260718,full_joint_loss,45,0.1632886624336241,1.12491135636339,0.0272305179387331,0.14527514576911926,0.4933333396911621,0.012565582990646362,159.0,476.0,0.0
20260718,full_joint_loss,46,0.16349333524703963,1.110295270621048,0.027185093611478806,0.14527514576911926,0.5,0.015581909567117691,159.74667358398438,477.3066711425781,0.0
20260718,full_joint_loss,47,0.1650625300407408,1.0958690931423387,0.027185093611478806,0.14527514576911926,0.5,0.011773715727031231,159.74667358398438,477.3066711425781,0.0
20260718,full_joint_loss,48,0.16602012872695907,1.0816303564302021,0.027748756110668182,0.14527514576911926,0.4866666793823242,0.01046468410640955,159.0,476.0,0.0
20260718,full_joint_loss,49,0.16572634458541854,1.0675766250480143,0.0272305179387331,0.14527514576911926,0.4933333396911621,0.011767279356718063,159.0,476.0,0.0
20260718,full_joint_loss,50,0.16612633466720567,1.0537054952030231,0.027662159875035286,0.14527514576911926,0.4933333396911621,0.013488616794347763,159.74667358398438,477.3066711425781,0.0
20260718,full_joint_loss,51,0.16705730676650987,1.040014594335196,0.027185093611478806,0.14527514576911926,0.5,0.011128922924399376,159.74667358398438,477.3066711425781,0.0
20260718,full_joint_loss,52,0.1668653559684752,1.02650158071141,0.02745804376900196,0.14527514576911926,0.4933333396911621,0.010381435044109821,159.74667358398438,477.3066711425781,0.0
20260718,full_joint_loss,53,0.16591239452362047,1.0131641430249148,0.027185093611478806,0.14527514576911926,0.5,0.012565897777676582,159.74667358398438,477.3066711425781,0.0
20260718,full_joint_loss,54,0.16614714145660386,1.0,0.027650674805045128,0.14527514576911926,0.4933333396911621,0.014266639947891235,159.74667358398438,477.3066711425781,0.0
20260718,full_joint_loss,55,0.1668871116638182,0.9870069000017987,0.027185093611478806,0.14527514576911926,0.5,0.011118968017399311,159.74667358398438,477.3066711425781,0.0
20260718,full_joint_loss,56,0.16655859947204574,0.9741826206511606,0.027703333646059036,0.14527514576911926,0.4933333396911621,0.009763616137206554,159.74667358398438,477.3066711425781,0.0
20260718,full_joint_loss,57,0.16614596843719467,0.9615249684445302,0.027185093611478806,0.14527514576911926,0.5,0.012548618018627167,159.74667358398438,477.3066711425781,0.0
20260718,full_joint_loss,58,0.16548189401626573,0.949031778378763,0.027650674805045128,0.14527514576911926,0.4933333396911621,0.014232268556952477,159.74667358398438,477.3066711425781,0.0
20260718,full_joint_loss,59,0.16554412364959703,0.9367009135808169,0.026567865163087845,0.14004959166049957,0.5,0.013593406416475773,160.1199951171875,477.9599914550781,0.0
20260718,full_joint_loss,60,0.1651351714134215,0.9245302649422548,0.02745804376900196,0.14527514576911926,0.4933333396911621,0.01033053919672966,159.74667358398438,477.3066711425781,0.0
20260718,full_joint_loss,61,0.16432273149490342,0.9125177507584963,0.026375235989689827,0.14004959166049957,0.5,0.011094452813267708,160.1199951171875,477.9599914550781,0.0
20260718,full_joint_loss,62,0.16423122644424423,0.9006613163727574,0.026429833844304085,0.14004959166049957,0.5,0.01574324443936348,161.24000549316406,479.9200134277344,0.0
20260718,full_joint_loss,63,0.16486172914504987,0.8889589338246144,0.027086101472377777,0.14004959166049957,0.4933333396911621,0.0121785132214427,160.1199951171875,477.9599914550781,0.0
20260718,full_joint_loss,64,0.16357296228408796,0.8774086015031368,0.02816891111433506,0.14527514576911926,0.4866666793823242,0.011368407867848873,159.74667358398438,477.3066711425781,0.0
20260718,full_joint_loss,65,0.16219595909118634,0.8660083438045245,0.02645312249660492,0.14004959166049957,0.5,0.01646028272807598,160.1199951171875,477.9599914550781,0.0
20260718,full_joint_loss,66,0.1625885033607481,0.8547562107941956,0.02668226882815361,0.14004959166049957,0.4933333396911621,0.013256805017590523,160.86666870117188,479.26666259765625,0.0
20260718,full_joint_loss,67,0.162113993167877,0.8436502778732629,0.026620524004101753,0.14004959166049957,0.5,0.009619076736271381,160.1199951171875,477.9599914550781,0.0
20260718,full_joint_loss,68,0.16036362648010233,0.8326886454493452,0.02684081718325615,0.14004959166049957,0.4933333396911621,0.01270216889679432,160.1199951171875,477.9599914550781,0.0
20260718,full_joint_loss,69,0.15977611064910868,0.8218694386116551,0.02646089717745781,0.14004959166049957,0.4933333396911621,0.014862213283777237,161.24000549316406,479.9200134277344,0.0
20260718,full_joint_loss,70,0.15977226734161357,0.8111908068103082,0.027086101472377777,0.14004959166049957,0.4933333396911621,0.01268834713846445,160.1199951171875,477.9599914550781,0.0
20260718,full_joint_loss,71,0.15805532217025736,0.8006509235398003,0.026609038934111595,0.14004959166049957,0.5,0.010392333380877972,160.1199951171875,477.9599914550781,0.0
20260718,full_joint_loss,72,0.15665328502655007,0.7902479860265953,0.0268118754029274,0.14004959166049957,0.4933333396911621,0.014122575521469116,160.1199951171875,477.9599914550781,0.0
20260718,full_joint_loss,73,0.1548267650604246,0.7799802149207745,0.0268118754029274,0.14004959166049957,0.4933333396911621,0.014098030515015125,160.1199951171875,477.9599914550781,0.0
20260718,full_joint_loss,74,0.15400426387786842,0.7698458539916904,0.02665332704782486,0.14004959166049957,0.4933333396911621,0.013974933885037899,160.86666870117188,479.26666259765625,0.0
20260718,full_joint_loss,75,0.15275387525558448,0.7598431698275756,0.027086101472377777,0.14004959166049957,0.4933333396911621,0.01202248502522707,160.1199951171875,477.9599914550781,0.0
20260718,full_joint_loss,76,0.1512738704681394,0.7499704515390556,0.027086101472377777,0.14004959166049957,0.4933333396911621,0.012026455253362656,160.1199951171875,477.9599914550781,0.0
20260718,full_joint_loss,77,0.14948958396911594,0.7402260104665124,0.027086101472377777,0.14004959166049957,0.4933333396911621,0.012009268626570702,160.1199951171875,477.9599914550781,0.0
20260718,full_joint_loss,78,0.14785394191741916,0.7306081798912514,0.02684081718325615,0.14004959166049957,0.4933333396911621,0.01322166621685028,160.1199951171875,477.9599914550781,0.0
20260718,full_joint_loss,79,0.14647077560424776,0.7211153147504205,0.027086101472377777,0.14004959166049957,0.4933333396911621,0.011995908804237843,160.1199951171875,477.9599914550781,0.0
20260718,full_joint_loss,80,0.14410251140594454,0.7117457913556338,0.027057165279984474,0.14004959166049957,0.4933333396911621,0.0128092672675848,160.1199951171875,477.9599914550781,0.0
20260718,full_joint_loss,81,0.14229411840438816,0.702498007115251,0.027057165279984474,0.14004959166049957,0.4933333396911621,0.012816994450986385,160.1199951171875,477.9599914550781,0.0
20260718,full_joint_loss,82,0.14042214155197116,0.6933703802602654,0.028312353417277336,0.14527514576911926,0.47999998927116394,0.011338009499013424,159.74667358398438,477.3066711425781,0.0
20260718,full_joint_loss,83,0.1379943966865537,0.6843613495737529,0.027057165279984474,0.14004959166049957,0.4933333396911621,0.013398588635027409,160.1199951171875,477.9599914550781,0.0
20260718,full_joint_loss,84,0.1374046397209165,0.6754693741238371,0.028312353417277336,0.14527514576911926,0.47999998927116394,0.01133775245398283,159.74667358398438,477.3066711425781,0.0
20260718,full_joint_loss,85,0.13378276348113988,0.6666929330001236,0.028139973059296608,0.14527514576911926,0.4866666793823242,0.012816480360925198,159.74667358398438,477.3066711425781,0.0
20260718,full_joint_loss,86,0.13112689495086643,0.6580305250535589,0.026207609102129936,0.13532525300979614,0.4933333396911621,0.015268988907337189,160.4933319091797,478.61334228515625,0.0
20260718,full_joint_loss,87,0.13047715663909887,0.649480668639669,0.028312353417277336,0.14527514576911926,0.47999998927116394,0.010522379539906979,159.32000732421875,476.55999755859375,0.0
20260718,full_joint_loss,88,0.12680960655212375,0.6410419013651351,0.028312353417277336,0.14527514576911926,0.47999998927116394,0.009830365888774395,159.32000732421875,476.55999755859375,0.0
20260718,full_joint_loss,89,0.12438167810440036,0.6327127798376607,0.026761330664157867,0.14004959166049957,0.4933333396911621,0.014436858706176281,160.27999877929688,478.239990234375,0.0
20260718,full_joint_loss,90,0.12371844053268405,0.62449187941909,0.028283415362238884,0.14527514576911926,0.47999998927116394,0.012160307727754116,159.53334045410156,476.9333190917969,0.0
20260718,full_joint_loss,91,0.12033736228942843,0.6163777939817331,0.028312353417277336,0.14527514576911926,0.47999998927116394,0.011320682242512703,159.32000732421875,476.55999755859375,0.0
20260718,full_joint_loss,92,0.11633308410644504,0.6083691356678577,0.027898890897631645,0.14527514576911926,0.4866666793823242,0.014702679589390755,159.32000732421875,476.55999755859375,0.0
20260718,full_joint_loss,93,0.11542197227478,0.6004645346523059,0.02720060758292675,0.14004959166049957,0.4866666793823242,0.012099347077310085,159.47999572753906,476.8399963378906,0.0
20260718,full_joint_loss,94,0.11204545736312839,0.592662638908195,0.027229543775320053,0.14004959166049957,0.4866666793823242,0.011285139247775078,159.47999572753906,476.8399963378906,0.0
20260718,full_joint_loss,95,0.1086999320983884,0.5849621139756629,0.02588793635368347,0.13624855875968933,0.4933333396911621,0.014798632822930813,159.63999938964844,477.1199951171875,0.0
20260718,full_joint_loss,96,0.10709262847900362,0.5773616427336179,0.02720060758292675,0.14004959166049957,0.4866666793823242,0.012711280025541782,159.47999572753906,476.8399963378906,0.0
20260718,full_joint_loss,97,0.10423660516738864,0.5698599251744542,0.028283415362238884,0.14527514576911926,0.47999998927116394,0.012125076726078987,159.32000732421875,476.55999755859375,0.0
20260718,full_joint_loss,98,0.10039112329483005,0.562455678181695,0.02814417891204357,0.14527514576911926,0.4866666793823242,0.013589938171207905,159.32000732421875,476.55999755859375,0.0
20260718,full_joint_loss,99,0.09867856740951511,0.555147635310524,0.025883730500936508,0.13624855875968933,0.4933333396911621,0.013364782556891441,159.63999938964844,477.1199951171875,0.0
20260718,full_joint_loss,100,0.09622726440429662,0.5479345465711694,0.026301400735974312,0.13624855875968933,0.4866666793823242,0.011292673647403717,159.63999938964844,477.1199951171875,0.0
20260718,full_joint_loss,101,0.09249336004257176,0.5408151782151011,0.026027174666523933,0.13624855875968933,0.4866666793823242,0.012674004770815372,159.63999938964844,477.1199951171875,0.0
20260718,full_joint_loss,102,0.09085661649703954,0.5337883125240072,0.026027174666523933,0.13624855875968933,0.4866666793823242,0.01268511638045311,159.63999938964844,477.1199951171875,0.0
20260718,full_joint_loss,103,0.08872485399246191,0.5268527476015116,0.02582433633506298,0.13624855875968933,0.4933333396911621,0.010438322089612484,159.63999938964844,477.1199951171875,0.0
20260718,full_joint_loss,104,0.08493902444839452,0.520007297167598,0.026955317705869675,0.14004959166049957,0.4866666793823242,0.012690134346485138,159.47999572753906,476.8399963378906,0.0
20260718,full_joint_loss,105,0.08293236255645726,0.513250790355705,0.025883730500936508,0.13624855875968933,0.4933333396911621,0.012528350576758385,159.63999938964844,477.1199951171875,0.0
20260718,full_joint_loss,106,0.0812854671478269,0.5065820715124574,0.02582433633506298,0.13624855875968933,0.4933333396911621,0.010423117317259312,159.63999938964844,477.1199951171875,0.0
20260718,full_joint_loss,107,0.07825455904006934,0.5,0.02627245895564556,0.13624855875968933,0.4866666793823242,0.01209980808198452,159.63999938964844,477.1199951171875,0.0
20260718,full_joint_loss,108,0.0750869274139402,0.49350345000089935,0.026955317705869675,0.14004959166049957,0.4866666793823242,0.012693837285041809,159.47999572753906,476.8399963378906,0.0
20260718,full_joint_loss,109,0.07318178653717017,0.4870913103255803,0.02720060758292675,0.14004959166049957,0.4866666793823242,0.01210579089820385,159.47999572753906,476.8399963378906,0.0
20260718,full_joint_loss,110,0.07092417478561377,0.4807624842222651,0.02672354318201542,0.14004959166049957,0.4933333396911621,0.011235885322093964,159.47999572753906,476.8399963378906,0.0
20260718,full_joint_loss,111,0.0679726910591123,0.47451588918938153,0.02582433633506298,0.13624855875968933,0.4933333396911621,0.010444764979183674,159.63999938964844,477.1199951171875,0.0
20260718,full_joint_loss,112,0.06487677097320532,0.46835045679040843,0.02627245895564556,0.13624855875968933,0.4866666793823242,0.012076743878424168,159.63999938964844,477.1199951171875,0.0
20260718,full_joint_loss,113,0.06246131420135474,0.4622651324711274,0.02720060758292675,0.14004959166049957,0.4866666793823242,0.012058671563863754,159.47999572753906,476.8399963378906,0.0
20260718,full_joint_loss,114,0.06060887336730933,0.4562588753792482,0.026301400735974312,0.13624855875968933,0.4866666793823242,0.011258401907980442,159.63999938964844,477.1199951171875,0.0
20260718,full_joint_loss,115,0.05802755594253516,0.45033065818637874,0.02675248123705387,0.14004959166049957,0.4933333396911621,0.010431674309074879,159.47999572753906,476.8399963378906,0.0
20260718,full_joint_loss,116,0.05612076997756933,0.4444794669123073,0.02675248123705387,0.14004959166049957,0.4933333396911621,0.01126871071755886,159.47999572753906,476.8399963378906,0.0
20260718,full_joint_loss,117,0.05305579185485815,0.43870430075156847,0.028283415362238884,0.14527514576911926,0.47999998927116394,0.01208777166903019,159.32000732421875,476.55999755859375,0.0
20260718,full_joint_loss,118,0.050436241626739244,0.4330041719022623,0.02627245895564556,0.13624855875968933,0.4866666793823242,0.01211702823638916,159.63999938964844,477.1199951171875,0.0
20260718,full_joint_loss,119,0.048713133335113255,0.42737810539709786,0.02720060758292675,0.14004959166049957,0.4866666793823242,0.011276829987764359,159.47999572753906,476.8399963378906,0.0
20260718,full_joint_loss,120,0.046041417121886925,0.42182513893663154,0.02582433633506298,0.13624855875968933,0.4933333396911621,0.010399024933576584,159.63999938964844,477.1199951171875,0.0
20260718,full_joint_loss,121,0.04475645303726169,0.4163443227246726,0.02579539641737938,0.13624855875968933,0.4933333396911621,0.012095826677978039,159.63999938964844,477.1199951171875,0.0
20260718,full_joint_loss,122,0.04119864940643284,0.4109347193058275,0.027806352823972702,0.14527514576911926,0.4866666793823242,0.01125815324485302,159.32000732421875,476.55999755859375,0.0
20260718,full_joint_loss,123,0.03907027482986424,0.40559540340515404,0.02672354318201542,0.14004959166049957,0.4933333396911621,0.012483005411922932,159.47999572753906,476.8399963378906,0.0
20260718,full_joint_loss,124,0.03740131378173803,0.4003254617699001,0.02675248123705387,0.14004959166049957,0.4933333396911621,0.010435194708406925,159.47999572753906,476.8399963378906,0.0
20260718,full_joint_loss,125,0.03451270580291722,0.39512399301329765,0.02675248123705387,0.14004959166049957,0.4933333396911621,0.010445008054375648,159.47999572753906,476.8399963378906,0.0
20260718,full_joint_loss,126,0.033280916213989,0.38999010746038726,0.02720060758292675,0.14004959166049957,0.4866666793823242,0.012912171892821789,159.47999572753906,476.8399963378906,0.0
20260718,full_joint_loss,127,0.029375841617583966,0.3849229269958451,0.02720060758292675,0.14004959166049957,0.4866666793823242,0.012912171892821789,159.47999572753906,476.8399963378906,0.0
20260718,full_joint_loss,128,0.02838567495346044,0.37992158491378775,0.025697873905301094,0.13624855875968933,0.4933333396911621,0.013319168239831924,160.97332763671875,479.4533386230469,0.0
20260718,full_joint_loss,129,0.0266462659835813,0.37498522576952775,0.02675248123705387,0.14004959166049957,0.4933333396911621,0.009612102061510086,159.47999572753906,476.8399963378906,0.0
20260718,full_joint_loss,130,0.022628483772277587,0.3701130052332562,0.025550110265612602,0.13624855875968933,0.4933333396911621,0.012684207409620285,159.63999938964844,477.1199951171875,0.0
20260718,full_joint_loss,131,0.02166519880294776,0.36530408994562563,0.02672354318201542,0.14004959166049957,0.4933333396911621,0.012082736007869244,159.47999572753906,476.8399963378906,0.0
20260718,full_joint_loss,132,0.018387732505798095,0.36055765737521017,0.027806352823972702,0.14527514576911926,0.4866666793823242,0.012102479115128517,159.53334045410156,476.9333190917969,0.0
20260718,full_joint_loss,133,0.017484200000762687,0.3558728956778169,0.02579539641737938,0.13624855875968933,0.4933333396911621,0.0120660699903965,159.63999938964844,477.1199951171875,0.0
20260718,full_joint_loss,134,0.016114015579223376,0.3512490035576255,0.02582433633506298,0.13624855875968933,0.4933333396911621,0.010515556670725346,159.63999938964844,477.1199951171875,0.0
20260718,full_joint_loss,135,0.01382351636886571,0.34668519013013266,0.02582433633506298,0.13624855875968933,0.4933333396911621,0.010374237783253193,159.63999938964844,477.1199951171875,0.0
20260718,full_joint_loss,136,0.013493471145629635,0.3421806747868764,0.02675248123705387,0.14004959166049957,0.4933333396911621,0.011239910498261452,159.69332885742188,477.2133483886719,0.0
20260718,full_joint_loss,137,0.01035837888717627,0.3377346870619185,0.027835289016366005,0.14527514576911926,0.4866666793823242,0.011258512735366821,159.53334045410156,476.9333190917969,0.0
20260718,full_joint_loss,138,0.008345828056335205,0.3333464665000618,0.02582433633506298,0.13624855875968933,0.4933333396911621,0.012528899125754833,160.06666564941406,477.8666687011719,0.0
20260718,full_joint_loss,139,0.007366015911102055,0.3290152625267794,0.02675248123705387,0.14004959166049957,0.4933333396911621,0.011243741028010845,159.47999572753906,476.8399963378906,0.0
20260718,full_joint_loss,140,0.004688858985900648,0.32474033431983446,0.02675248123705387,0.14004959166049957,0.4933333396911621,0.01127841416746378,159.69332885742188,477.2133483886719,0.0
20260718,full_joint_loss,141,0.002666370868682635,0.32052095068256753,0.02675248123705387,0.14004959166049957,0.4933333396911621,0.011278796941041946,159.9066619873047,477.586669921875,0.0
20260718,full_joint_loss,142,0.0014736485481259853,0.31635638991883036,0.027806352823972702,0.14527514576911926,0.4866666793823242,0.011402047239243984,159.53334045410156,476.9333190917969,0.0
20260718,full_joint_loss,143,0.0,0.312245939709545,0.027806352823972702,0.14527514576911926,0.4866666793823242,0.011406205594539642,159.53334045410156,476.9333190917969,0.0
20260718,full_joint_loss,144,0.0,0.30818889699086655,0.02579539641737938,0.13624855875968933,0.4933333396911621,0.011387142352759838,160.06666564941406,477.8666687011719,0.0
20260718,full_joint_loss,145,0.0,0.30418456783392883,0.02579539641737938,0.13624855875968933,0.4933333396911621,0.01138741709291935,159.85333251953125,477.49334716796875,0.0
20260718,full_joint_loss,146,0.0,0.30023226732615294,0.02672354318201542,0.14004959166049957,0.4933333396911621,0.012636026367545128,159.9066619873047,477.586669921875,0.0
20260718,full_joint_loss,147,0.0,0.29633131945409746,0.02675248123705387,0.14004959166049957,0.4933333396911621,0.010560465976595879,159.9066619873047,477.586669921875,0.0
20260718,full_joint_loss,148,0.0,0.29248105698783144,0.02650708705186844,0.14004959166049957,0.5,0.01015503890812397,160.44000244140625,478.5199890136719,0.0
20260718,full_joint_loss,149,0.0,0.2886808213668089,0.02675248123705387,0.14004959166049957,0.4933333396911621,0.008920390158891678,159.9066619873047,477.586669921875,0.0
20260718,full_joint_loss,150,0.0,0.2849299625872271,0.026648683473467827,0.14004959166049957,0.4933333396911621,0.011818700470030308,160.65333557128906,478.8933410644531,0.0
20260718,full_joint_loss,151,4.076957702636719e-06,0.2812278390908475,0.02675248123705387,0.14004959166049957,0.4933333396911621,0.01055113784968853,159.9066619873047,477.586669921875,0.0
20260718,full_joint_loss,152,0.0,0.277573817655262,0.025720536708831787,0.13624855875968933,0.4933333396911621,0.010919724591076374,160.81333923339844,479.17333984375,0.0
20260718,full_joint_loss,153,0.0,0.2739672732855847,0.025720536708831787,0.13624855875968933,0.4933333396911621,0.011349307373166084,160.97332763671875,479.4533386230469,0.0
20260718,full_joint_loss,154,0.0,0.2704075891075505,0.025720536708831787,0.13624855875968933,0.4933333396911621,0.011297430843114853,160.75999450683594,479.0799865722656,0.0
20260718,full_joint_loss,155,0.0005682420730590998,0.2668941562620035,0.025720536708831787,0.13624855875968933,0.4933333396911621,0.011369390413165092,160.54666137695312,478.7066650390625,0.0
20260718,full_joint_loss,156,0.0,0.26342637380075573,0.025691598653793335,0.13624855875968933,0.4933333396911621,0.012259697541594505,160.97332763671875,479.4533386230469,0.0
20260718,full_joint_loss,157,0.0,0.260003648583799,0.025691598653793335,0.13624855875968933,0.4933333396911621,0.01181881595402956,160.81333923339844,479.17333984375,0.0
20260718,full_joint_loss,158,0.0,0.25662539517785243,0.026648683473467827,0.14004959166049957,0.4933333396911621,0.010993994772434235,160.65333557128906,478.8933410644531,0.0
20260718,full_joint_loss,159,0.0,0.2532910357562287,0.025732023641467094,0.13624855875968933,0.4933333396911621,0.010528957471251488,160.97332763671875,479.4533386230469,0.0
20260718,full_joint_loss,160,0.0,0.25,0.026648683473467827,0.14004959166049957,0.4933333396911621,0.00993202906101942,160.4933319091797,478.61334228515625,0.0
20260719,detection_only,1,0.0,2.0,0.023617668077349663,0.11673078685998917,0.4933333396911621,0.007778179831802845,215.0,574.0,0.12109375
20260719,detection_only,2,0.0,1.9740138000035972,0.02325676940381527,0.11575507372617722,0.5,0.008078555576503277,215.0,574.0,0.12109375
20260719,detection_only,3,0.0,1.9483652413023211,0.022250397130846977,0.1152208149433136,0.5199999809265137,0.008640062995254993,215.0,574.0,0.12109375
20260719,detection_only,4,0.0,1.9230499368890603,0.020688842982053757,0.10942045599222183,0.5199999809265137,0.009639520198106766,215.0,574.0,0.12109375
20260719,detection_only,5,0.0,1.898063556757526,0.02077645994722843,0.11334416270256042,0.5400000214576721,0.010897415690124035,215.0,574.0,0.12109375
20260719,detection_only,6,0.0,1.8734018271616335,0.021076422184705734,0.11334416270256042,0.5333333611488342,0.011651331558823586,215.0,574.0,0.12109375
20260719,detection_only,7,0.0,1.8490605298845093,0.02110186032950878,0.11334416270256042,0.5333333611488342,0.011382287368178368,215.0,574.0,0.12109375
20260719,detection_only,8,0.0,1.8250355015169928,0.021168066188693047,0.11334416270256042,0.5333333611488342,0.010961370542645454,215.0,574.0,0.12109375
20260719,detection_only,9,0.0,1.8013226327455147,0.021472018212080002,0.11334416270256042,0.5266666412353516,0.010347957722842693,215.0,574.0,0.12109375
20260719,detection_only,10,0.0,1.777917867649229,0.020601635798811913,0.10859444737434387,0.5333333611488342,0.009963602758944035,215.0,574.0,0.12109375
20260719,detection_only,11,0.0,1.7548172030062736,0.02076546661555767,0.10859444737434387,0.5333333611488342,0.010096607729792595,215.0,574.0,0.12109375
20260719,detection_only,12,0.0,1.732016687609049,0.02236398309469223,0.11591263115406036,0.5199999809265137,0.010161220096051693,215.0,574.0,0.12109375
20260719,detection_only,13,0.0,1.7095124215883912,0.020860500633716583,0.10859444737434387,0.5333333611488342,0.010334789752960205,215.0,574.0,0.12109375
20260719,detection_only,14,0.0,1.687300555746526,0.021499808877706528,0.11334416270256042,0.5266666412353516,0.010123013518750668,215.0,574.0,0.12109375
20260719,detection_only,15,0.0,1.6653772908986906,0.020679712295532227,0.10859444737434387,0.5333333611488342,0.009845221415162086,215.0,574.0,0.12109375
20260719,detection_only,16,0.0,1.6437388772233101,0.021530739963054657,0.11124005913734436,0.5333333611488342,0.009530170820653439,215.0,574.0,0.12109375
20260719,detection_only,17,0.0,1.6223816136206164,0.021503571420907974,0.11124005913734436,0.5333333611488342,0.009540218859910965,215.0,574.0,0.12109375
20260719,detection_only,18,0.0,1.6013018470796005,0.02164788916707039,0.11124005913734436,0.5199999809265137,0.009599780663847923,215.0,574.0,0.12109375
20260719,detection_only,19,0.0,1.5804959720531906,0.02186841331422329,0.11334416270256042,0.5133333206176758,0.009255076758563519,214.25332641601562,572.693359375,0.11854171752929688
20260719,detection_only,20,0.0,1.559960429841549,0.021130653098225594,0.11124005913734436,0.5266666412353516,0.009049334563314915,213.13333129882812,570.7333374023438,0.11471354961395264
20260719,detection_only,21,0.0,1.5396917079833807,0.021114973351359367,0.10859444737434387,0.5199999809265137,0.009145851247012615,211.63999938964844,568.1199951171875,0.10960936546325684
20260719,detection_only,22,0.0,1.5196863396551512,0.02182520180940628,0.11381913721561432,0.5199999809265137,0.009140808135271072,210.14666748046875,565.5066528320312,0.10450518131256104
20260719,detection_only,23,0.0,1.4999409030781112,0.021520109847187996,0.11381913721561432,0.5266666412353516,0.008862769231200218,207.9066619873047,561.586669921875,0.09684896469116211
20260719,detection_only,24,0.0,1.4804520209330247,0.022419482469558716,0.11849171668291092,0.5266666412353516,0.009050372056663036,206.7866668701172,559.6266479492188,0.09302079677581787
20260719,detection_only,25,0.0,1.4612163597825027,0.023738162592053413,0.12482091039419174,0.5199999809265137,0.008991237729787827,205.2933349609375,557.0133056640625,0.08791661262512207
20260719,detection_only,26,0.0,1.442230629500841,0.022620297968387604,0.11849171668291092,0.5266666412353516,0.00914009753614664,205.6666717529297,557.6666870117188,0.08919274806976318
20260719,detection_only,27,0.0,1.4234915827112675,0.02395663782954216,0.12482091039419174,0.5133333206176758,0.009116409346461296,204.54666137695312,555.7066650390625,0.08536458015441895
20260719,detection_only,28,0.0,1.404996014230502,0.024466324597597122,0.12545061111450195,0.5133333206176758,0.008995356038212776,203.42666625976562,553.7466430664062,0.08153641223907471
20260719,detection_only,29,0.0,1.3867407605205309,0.024603523313999176,0.12545061111450195,0.5,0.00904607679694891,202.67999267578125,552.4400024414062,0.07898437976837158
20260719,detection_only,30,0.0,1.3687226991475059,0.024059537798166275,0.12545061111450195,0.5133333206176758,0.009328268468379974,202.67999267578125,552.4400024414062,0.07898437976837158
20260719,detection_only,31,0.0,1.350938748247674,0.024411477148532867,0.12545061111450195,0.5066666603088379,0.009681308642029762,202.67999267578125,552.4400024414062,0.07898437976837158
20260719,detection_only,32,0.0,1.333385866000247,0.024359285831451416,0.12557265162467957,0.5266666412353516,0.00900912657380104,196.3333282470703,541.3333129882812,0.057291626930236816
20260719,detection_only,33,0.0,1.3160610501071175,0.0242037121206522,0.12677016854286194,0.5199999809265137,0.00923148263245821,198.1999969482422,544.5999755859375,0.06367182731628418
20260719,detection_only,34,0.0,1.2989613372793378,0.02412613295018673,0.12545061111450195,0.5199999809265137,0.00939914584159851,199.32000732421875,546.5599975585938,0.06749999523162842
20260719,detection_only,35,0.0,1.2820838027302701,0.02427559718489647,0.12545061111450195,0.5133333206176758,0.009413744322955608,198.57333374023438,545.2533569335938,0.06494796276092529
20260719,detection_only,36,0.0,1.2654255596753214,0.024653976783156395,0.12557265162467957,0.5199999809265137,0.009398183785378933,196.3333282470703,541.3333129882812,0.057291626930236816
20260719,detection_only,37,0.0,1.24898375883818,0.024388933554291725,0.12545061111450195,0.5133333206176758,0.009507603943347931,197.45333862304688,543.2933349609375,0.061119794845581055
20260719,detection_only,38,0.0,1.2327555879634662,0.024253010749816895,0.12545061111450195,0.5199999809265137,0.00944987777620554,196.7066650390625,541.9866943359375,0.05856776237487793
20260719,detection_only,39,0.0,1.2167382713357153,0.02426780015230179,0.12557265162467957,0.5266666412353516,0.009327604435384274,196.3333282470703,541.3333129882812,0.057291626930236816
20260719,detection_only,40,0.0,1.2009290693046117,0.023689324036240578,0.12545061111450195,0.5266666412353516,0.009701769798994064,198.1999969482422,544.5999755859375,0.06367182731628418
20260719,detection_only,41,0.0,1.18532527781639,0.023673301562666893,0.12545061111450195,0.5333333611488342,0.009561698883771896,196.7066650390625,541.9866943359375,0.05856776237487793
20260719,detection_only,42,0.0,1.1699242279513258,0.025842221453785896,0.12967024743556976,0.5133333206176758,0.009364979341626167,194.46665954589844,538.066650390625,0.05091142654418945
20260719,detection_only,43,0.0,1.1547232854672358,0.025496702641248703,0.12967024743556976,0.5199999809265137,0.009423323906958103,194.0933380126953,537.413330078125,0.04963541030883789
20260719,detection_only,44,0.0,1.1397198503489083,0.025960875675082207,0.12967024743556976,0.5066666603088379,0.009553493931889534,194.0933380126953,537.413330078125,0.04963541030883789
20260719,detection_only,45,0.0,1.12491135636339,0.0236357394605875,0.12545061111450195,0.5333333611488342,0.009913476184010506,197.45333862304688,543.2933349609375,0.061119794845581055
20260719,detection_only,46,0.0,1.110295270621048,0.02609226107597351,0.12967024743556976,0.5133333206176758,0.008935119956731796,189.98666381835938,530.2266845703125,0.0355989933013916
20260719,detection_only,47,0.0,1.0958690931423387,0.025481412187218666,0.12967024743556976,0.5199999809265137,0.009582934901118279,193.34666442871094,536.106689453125,0.047083377838134766
20260719,detection_only,48,0.0,1.0816303564302021,0.0236006248742342,0.12545061111450195,0.5333333611488342,0.010041357949376106,195.9600067138672,540.6799926757812,0.056015610694885254
20260719,detection_only,49,0.0,1.0675766250480143,0.025276459753513336,0.13144251704216003,0.5199999809265137,0.008869233541190624,186.6266632080078,524.3466796875,0.024114608764648438
20260719,detection_only,50,0.0,1.0537054952030231,0.025276459753513336,0.13144251704216003,0.5199999809265137,0.008878417313098907,186.6266632080078,524.3466796875,0.024114608764648438
20260719,detection_only,51,0.0,1.040014594335196,0.02339787594974041,0.12142253667116165,0.5266666412353516,0.010335078462958336,198.57333374023438,545.2533569335938,0.06494796276092529
20260719,detection_only,52,0.0,1.02650158071141,0.026231961324810982,0.1330692619085312,0.5133333206176758,0.00934014841914177,189.98666381835938,530.2266845703125,0.0355989933013916
20260719,detection_only,53,0.0,1.0131641430249148,0.025654377415776253,0.13144251704216003,0.5199999809265137,0.009450692683458328,189.24000549316406,528.9199829101562,0.033046841621398926
20260719,detection_only,54,0.0,1.0,0.025353489443659782,0.13144251704216003,0.5133333206176758,0.00897434912621975,186.25332641601562,523.693359375,0.022838592529296875
20260719,detection_only,55,0.0,0.9870069000017987,0.024501321837306023,0.1275998055934906,0.5199999809265137,0.00975109450519085,191.85333251953125,533.4933471679688,0.041979193687438965
20260719,detection_only,56,0.0,0.9741826206511606,0.025276508182287216,0.13144251704216003,0.5199999809265137,0.008846139535307884,184.01333618164062,519.7733154296875,0.015182256698608398
20260719,detection_only,57,0.0,0.9615249684445302,0.023990433663129807,0.13144251704216003,0.5333333611488342,0.008394249714910984,178.7866668701172,510.6266784667969,0.0
20260719,detection_only,58,0.0,0.949031778378763,0.0249275341629982,0.12741443514823914,0.5266666412353516,0.01001299824565649,188.86666870117188,528.2666625976562,0.03177082538604736
20260719,detection_only,59,0.0,0.9367009135808169,0.02467043325304985,0.1327618509531021,0.5266666412353516,0.008529086597263813,178.7866668701172,510.6266784667969,0.0
20260719,detection_only,60,0.0,0.9245302649422548,0.02444753237068653,0.1327618509531021,0.5199999809265137,0.008658877573907375,170.57333374023438,496.2533264160156,0.0
20260719,detection_only,61,0.0,0.9125177507584963,0.022861098870635033,0.12609489262104034,0.5400000214576721,0.00882013514637947,179.53334045410156,511.9333190917969,0.0
20260719,detection_only,62,0.0,0.9006613163727574,0.02283634804189205,0.12609489262104034,0.5400000214576721,0.00887096393853426,179.16000366210938,511.2799987792969,0.0
20260719,detection_only,63,0.0,0.8889589338246144,0.023354677483439445,0.12741421163082123,0.5266666412353516,0.008920874446630478,173.93333435058594,502.1333312988281,0.0
20260719,detection_only,64,0.0,0.8774086015031368,0.023260926827788353,0.12741421163082123,0.5266666412353516,0.008812596090137959,170.94667053222656,496.90667724609375,0.0
20260719,detection_only,65,0.0,0.8660083438045245,0.026831630617380142,0.14067289233207703,0.4933333396911621,0.008150080218911171,160.1199951171875,477.9599914550781,0.0
20260719,detection_only,66,0.0,0.8547562107941956,0.023906147107481956,0.12741443514823914,0.5266666412353516,0.009276827797293663,174.67999267578125,503.44000244140625,0.0
20260719,detection_only,67,0.0,0.8436502778732629,0.025694072246551514,0.13532525300979614,0.5,0.008174718357622623,160.86666870117188,479.26666259765625,0.0
20260719,detection_only,68,0.0,0.8326886454493452,0.025018466636538506,0.13532525300979614,0.5066666603088379,0.008608311414718628,163.47999572753906,483.8399963378906,0.0
20260719,detection_only,69,0.0,0.8218694386116551,0.025877850130200386,0.13532525300979614,0.4933333396911621,0.0086834616959095,162.73333740234375,482.5333251953125,0.0
20260719,detection_only,70,0.0,0.8111908068103082,0.027846775949001312,0.14527514576911926,0.4866666793823242,0.008315131068229675,159.74667358398438,477.3066711425781,0.0
20260719,detection_only,71,0.0,0.8006509235398003,0.026660168543457985,0.14004959166049957,0.4933333396911621,0.008363740518689156,160.4933319091797,478.61334228515625,0.0
20260719,detection_only,72,0.0,0.7902479860265953,0.02676396630704403,0.14004959166049957,0.4933333396911621,0.008245903067290783,160.1199951171875,477.9599914550781,0.0
20260719,detection_only,73,0.0,0.7799802149207745,0.027846775949001312,0.14527514576911926,0.4866666793823242,0.008299366571009159,159.74667358398438,477.3066711425781,0.0
20260719,detection_only,74,0.0,0.7698458539916904,0.026491016149520874,0.14004959166049957,0.5,0.008973576128482819,160.1199951171875,477.9599914550781,0.0
20260719,detection_only,75,0.0,0.7598431698275756,0.02638721838593483,0.14004959166049957,0.5,0.009769906289875507,160.4933319091797,478.61334228515625,0.0
20260719,detection_only,76,0.0,0.7499704515390556,0.027846775949001312,0.14527514576911926,0.4866666793823242,0.00825924426317215,159.74667358398438,477.3066711425781,0.0
20260719,detection_only,77,0.0,0.7402260104665124,0.02638721838593483,0.14004959166049957,0.5,0.009075247682631016,160.4933319091797,478.61334228515625,0.0
20260719,detection_only,78,0.0,0.7306081798912514,0.026491016149520874,0.14004959166049957,0.5,0.008917261846363544,160.1199951171875,477.9599914550781,0.0
20260719,detection_only,79,0.0,0.7211153147504205,0.026491016149520874,0.14004959166049957,0.5,0.008887567557394505,160.1199951171875,477.9599914550781,0.0
20260719,detection_only,80,0.0,0.7117457913556338,0.02545907162129879,0.13624855875968933,0.5,0.00898528192192316,160.86666870117188,479.26666259765625,0.0
20260719,detection_only,81,0.0,0.702498007115251,0.026491016149520874,0.14004959166049957,0.5,0.008876885287463665,160.1199951171875,477.9599914550781,0.0
20260719,detection_only,82,0.0,0.6933703802602654,0.026491016149520874,0.14004959166049957,0.5,0.009600617922842503,160.1199951171875,477.9599914550781,0.0
20260719,detection_only,83,0.0,0.6843613495737529,0.026491016149520874,0.14004959166049957,0.5,0.008908243849873543,160.1199951171875,477.9599914550781,0.0
20260719,detection_only,84,0.0,0.6754693741238371,0.026491016149520874,0.14004959166049957,0.5,0.008902885019779205,160.1199951171875,477.9599914550781,0.0
20260719,detection_only,85,0.0,0.6666929330001236,0.026491016149520874,0.14004959166049957,0.5,0.00891026295721531,160.1199951171875,477.9599914550781,0.0
20260719,detection_only,86,0.0,0.6580305250535589,0.025562869384884834,0.13624855875968933,0.5,0.009597616270184517,160.4933319091797,478.61334228515625,0.0
20260719,detection_only,87,0.0,0.649480668639669,0.025562869384884834,0.13624855875968933,0.5,0.00882694125175476,160.4933319091797,478.61334228515625,0.0
20260719,detection_only,88,0.0,0.6410419013651351,0.02545907162129879,0.13624855875968933,0.5,0.00892507191747427,160.86666870117188,479.26666259765625,0.0
20260719,detection_only,89,0.0,0.6327127798376607,0.02545907162129879,0.13624855875968933,0.5,0.008944644592702389,160.86666870117188,479.26666259765625,0.0
20260719,detection_only,90,0.0,0.62449187941909,0.025562869384884834,0.13624855875968933,0.5,0.008865656331181526,160.4933319091797,478.61334228515625,0.0
20260719,detection_only,91,0.0,0.6163777939817331,0.02545907162129879,0.13624855875968933,0.5,0.008969103917479515,160.86666870117188,479.26666259765625,0.0
20260719,detection_only,92,0.0,0.6083691356678577,0.025732023641467094,0.13624855875968933,0.4933333396911621,0.008204739540815353,160.86666870117188,479.26666259765625,0.0
20260719,detection_only,93,0.0,0.6004645346523059,0.025732023641467094,0.13624855875968933,0.4933333396911621,0.008220125921070576,160.86666870117188,479.26666259765625,0.0
20260719,detection_only,94,0.0,0.592662638908195,0.02545907162129879,0.13624855875968933,0.5,0.00897658709436655,160.86666870117188,479.26666259765625,0.0
20260719,detection_only,95,0.0,0.5849621139756629,0.02545907162129879,0.13624855875968933,0.5,0.008943281136453152,160.86666870117188,479.26666259765625,0.0
20260719,detection_only,96,0.0,0.5773616427336179,0.025732023641467094,0.13624855875968933,0.4933333396911621,0.008196448907256126,160.86666870117188,479.26666259765625,0.0
20260719,detection_only,97,0.0,0.5698599251744542,0.02545907162129879,0.13624855875968933,0.5,0.008940893225371838,160.86666870117188,479.26666259765625,0.0
20260719,detection_only,98,0.0,0.562455678181695,0.02545907162129879,0.13624855875968933,0.5,0.008984249085187912,160.86666870117188,479.26666259765625,0.0
20260719,detection_only,99,0.0,0.555147635310524,0.026491016149520874,0.14004959166049957,0.5,0.00887945108115673,160.4933319091797,478.61334228515625,0.0
20260719,detection_only,100,0.0,0.5479345465711694,0.02545907162129879,0.13624855875968933,0.5,0.008998927660286427,160.86666870117188,479.26666259765625,0.0
20260719,detection_only,101,0.0,0.5408151782151011,0.026660168543457985,0.14004959166049957,0.4933333396911621,0.008256727829575539,160.86666870117188,479.26666259765625,0.0
20260719,detection_only,102,0.0,0.5337883125240072,0.02545907162129879,0.13624855875968933,0.5,0.008987526409327984,160.86666870117188,479.26666259765625,0.0
20260719,detection_only,103,0.0,0.5268527476015116,0.02638721838593483,0.14004959166049957,0.5,0.00900681409984827,160.86666870117188,479.26666259765625,0.0
20260719,detection_only,104,0.0,0.520007297167598,0.02638721838593483,0.14004959166049957,0.5,0.00900097656995058,160.86666870117188,479.26666259765625,0.0
20260719,detection_only,105,0.0,0.513250790355705,0.026491016149520874,0.14004959166049957,0.5,0.008895699866116047,160.4933319091797,478.61334228515625,0.0
20260719,detection_only,106,0.0,0.5065820715124574,0.02638721838593483,0.14004959166049957,0.5,0.009015281684696674,160.86666870117188,479.26666259765625,0.0
20260719,detection_only,107,0.0,0.5,0.026660168543457985,0.14004959166049957,0.4933333396911621,0.008294579572975636,160.86666870117188,479.26666259765625,0.0
20260719,detection_only,108,0.0,0.49350345000089935,0.02676396630704403,0.14004959166049957,0.4933333396911621,0.008189607411623001,160.4933319091797,478.61334228515625,0.0
20260719,detection_only,109,0.0,0.4870913103255803,0.026452980935573578,0.14004959166049957,0.5,0.009880718775093555,160.86666870117188,479.26666259765625,0.0
20260719,detection_only,110,0.0,0.4807624842222651,0.02676396630704403,0.14004959166049957,0.4933333396911621,0.008198540657758713,160.4933319091797,478.61334228515625,0.0
20260719,detection_only,111,0.0,0.47451588918938153,0.026660168543457985,0.14004959166049957,0.4933333396911621,0.008277381770312786,160.86666870117188,479.26666259765625,0.0
20260719,detection_only,112,0.0,0.46835045679040843,0.026660168543457985,0.14004959166049957,0.4933333396911621,0.008280103094875813,160.86666870117188,479.26666259765625,0.0
20260719,detection_only,113,0.0,0.4622651324711274,0.02676396630704403,0.14004959166049957,0.4933333396911621,0.00819216575473547,160.4933319091797,478.61334228515625,0.0
20260719,detection_only,114,0.0,0.4562588753792482,0.026452980935573578,0.14004959166049957,0.5,0.009911425411701202,160.86666870117188,479.26666259765625,0.0
20260719,detection_only,115,0.0,0.45033065818637874,0.026660168543457985,0.14004959166049957,0.4933333396911621,0.008318090811371803,160.86666870117188,479.26666259765625,0.0
20260719,detection_only,116,0.0,0.4444794669123073,0.026660168543457985,0.14004959166049957,0.4933333396911621,0.008339488878846169,160.86666870117188,479.26666259765625,0.0
20260719,detection_only,117,0.0,0.43870430075156847,0.026660168543457985,0.14004959166049957,0.4933333396911621,0.00832604244351387,160.86666870117188,479.26666259765625,0.0
20260719,detection_only,118,0.0,0.4330041719022623,0.026660168543457985,0.14004959166049957,0.4933333396911621,0.008319346234202385,160.86666870117188,479.26666259765625,0.0
20260719,detection_only,119,0.0,0.42737810539709786,0.026773227378726006,0.14004959166049957,0.4933333396911621,0.008330429904162884,160.86666870117188,479.26666259765625,0.0
20260719,detection_only,120,0.0,0.42182513893663154,0.02656603790819645,0.14004959166049957,0.5,0.009965194389224052,160.86666870117188,479.26666259765625,0.0
20260719,detection_only,121,0.0,0.4163443227246726,0.026838989928364754,0.14004959166049957,0.4933333396911621,0.009158752858638763,160.86666870117188,479.26666259765625,0.0
20260719,detection_only,122,0.0,0.4109347193058275,0.026838989928364754,0.14004959166049957,0.4933333396911621,0.009142711758613586,160.86666870117188,479.26666259765625,0.0
20260719,detection_only,123,0.0,0.40559540340515404,0.026773227378726006,0.14004959166049957,0.4933333396911621,0.008330964483320713,160.86666870117188,479.26666259765625,0.0
20260719,detection_only,124,0.0,0.4003254617699001,0.026773227378726006,0.14004959166049957,0.4933333396911621,0.008355298079550266,160.86666870117188,479.26666259765625,0.0
20260719,detection_only,125,0.0,0.39512399301329765,0.026523945853114128,0.14004959166049957,0.5,0.010764386504888535,160.86666870117188,479.26666259765625,0.0
20260719,detection_only,126,0.0,0.38999010746038726,0.026773227378726006,0.14004959166049957,0.4933333396911621,0.008342632092535496,160.86666870117188,479.26666259765625,0.0
20260719,detection_only,127,0.0,0.3849229269958451,0.026773227378726006,0.14004959166049957,0.4933333396911621,0.008329208940267563,160.86666870117188,479.26666259765625,0.0
20260719,detection_only,128,0.0,0.37992158491378775,0.026773227378726006,0.14004959166049957,0.4933333396911621,0.008331134915351868,160.86666870117188,479.26666259765625,0.0
20260719,detection_only,129,0.0,0.37498522576952775,0.026773227378726006,0.14004959166049957,0.4933333396911621,0.008325043134391308,160.86666870117188,479.26666259765625,0.0
20260719,detection_only,130,0.0,0.3701130052332562,0.026838989928364754,0.14004959166049957,0.4933333396911621,0.009172996506094933,160.86666870117188,479.26666259765625,0.0
20260719,detection_only,131,0.0,0.36530408994562563,0.026838989928364754,0.14004959166049957,0.4933333396911621,0.009216604754328728,160.86666870117188,479.26666259765625,0.0
20260719,detection_only,132,0.0,0.36055765737521017,0.026773227378726006,0.14004959166049957,0.4933333396911621,0.008361450396478176,160.86666870117188,479.26666259765625,0.0
20260719,detection_only,133,0.0,0.3558728956778169,0.02687702514231205,0.14004959166049957,0.4933333396911621,0.008253252133727074,160.4933319091797,478.61334228515625,0.0
20260719,detection_only,134,0.0,0.3512490035576255,0.0262786615639925,0.14004959166049957,0.5,0.011599916033446789,160.86666870117188,479.26666259765625,0.0
20260719,detection_only,135,0.0,0.34668519013013266,0.02687702514231205,0.14004959166049957,0.4933333396911621,0.008202625438570976,160.4933319091797,478.61334228515625,0.0
20260719,detection_only,136,0.0,0.3421806747868764,0.026773227378726006,0.14004959166049957,0.4933333396911621,0.00828477181494236,160.86666870117188,479.26666259765625,0.0
20260719,detection_only,137,0.0,0.3377346870619185,0.026773227378726006,0.14004959166049957,0.4933333396911621,0.008279236033558846,160.86666870117188,479.26666259765625,0.0
20260719,detection_only,138,0.0,0.3333464665000618,0.026773227378726006,0.14004959166049957,0.4933333396911621,0.008302707225084305,160.86666870117188,479.26666259765625,0.0
20260719,detection_only,139,0.0,0.3290152625267794,0.026838989928364754,0.14004959166049957,0.4933333396911621,0.009167134761810303,160.86666870117188,479.26666259765625,0.0
20260719,detection_only,140,0.0,0.32474033431983446,0.026838989928364754,0.14004959166049957,0.4933333396911621,0.009198502637445927,160.86666870117188,479.26666259765625,0.0
20260719,detection_only,141,0.0,0.32052095068256753,0.026773227378726006,0.14004959166049957,0.4933333396911621,0.008346804417669773,160.86666870117188,479.26666259765625,0.0
20260719,detection_only,142,0.0,0.31635638991883036,0.026773227378726006,0.14004959166049957,0.4933333396911621,0.008360239677131176,160.86666870117188,479.26666259765625,0.0
20260719,detection_only,143,0.0,0.312245939709545,0.026773227378726006,0.14004959166049957,0.4933333396911621,0.00836110021919012,160.86666870117188,479.26666259765625,0.0
20260719,detection_only,144,0.0,0.30818889699086655,0.02687702514231205,0.14004959166049957,0.4933333396911621,0.008250994607806206,160.4933319091797,478.61334228515625,0.0
20260719,detection_only,145,0.0,0.30418456783392883,0.026773227378726006,0.14004959166049957,0.4933333396911621,0.008400974795222282,160.86666870117188,479.26666259765625,0.0
20260719,detection_only,146,0.0,0.30023226732615294,0.026796897873282433,0.14004959166049957,0.4933333396911621,0.010068180970847607,160.86666870117188,479.26666259765625,0.0
20260719,detection_only,147,0.0,0.29633131945409746,0.026773227378726006,0.14004959166049957,0.4933333396911621,0.008399742655456066,160.86666870117188,479.26666259765625,0.0
20260719,detection_only,148,0.0,0.29248105698783144,0.02687702514231205,0.14004959166049957,0.4933333396911621,0.008244438096880913,160.4933319091797,478.61334228515625,0.0
20260719,detection_only,149,0.0,0.2886808213668089,0.026773227378726006,0.14004959166049957,0.4933333396911621,0.00837837066501379,160.86666870117188,479.26666259765625,0.0
20260719,detection_only,150,0.0,0.2849299625872271,0.026838989928364754,0.14004959166049957,0.4933333396911621,0.00923903938382864,160.86666870117188,479.26666259765625,0.0
20260719,detection_only,151,0.0,0.2812278390908475,0.026773227378726006,0.14004959166049957,0.4933333396911621,0.008381341584026814,160.86666870117188,479.26666259765625,0.0
20260719,detection_only,152,0.0,0.277573817655262,0.026773227378726006,0.14004959166049957,0.4933333396911621,0.008367703296244144,160.86666870117188,479.26666259765625,0.0
20260719,detection_only,153,0.0,0.2739672732855847,0.026838989928364754,0.14004959166049957,0.4933333396911621,0.009228765033185482,160.86666870117188,479.26666259765625,0.0
20260719,detection_only,154,0.0,0.2704075891075505,0.026773227378726006,0.14004959166049957,0.4933333396911621,0.008390743285417557,160.86666870117188,479.26666259765625,0.0
20260719,detection_only,155,0.0,0.2668941562620035,0.026773227378726006,0.14004959166049957,0.4933333396911621,0.008527353405952454,161.24000549316406,479.9200134277344,0.0
20260719,detection_only,156,0.0,0.26342637380075573,0.026838989928364754,0.14004959166049957,0.4933333396911621,0.00923334714025259,160.86666870117188,479.26666259765625,0.0
20260719,detection_only,157,0.0,0.260003648583799,0.026942787691950798,0.14004959166049957,0.4933333396911621,0.00956221017986536,160.1199951171875,477.9599914550781,0.0
20260719,detection_only,158,0.0,0.25662539517785243,0.026773227378726006,0.14004959166049957,0.4933333396911621,0.008833091706037521,160.4933319091797,478.61334228515625,0.0
20260719,detection_only,159,0.0,0.2532910357562287,0.02687702514231205,0.14004959166049957,0.4933333396911621,0.008718888275325298,160.1199951171875,477.9599914550781,0.0
20260719,detection_only,160,0.0,0.25,0.026838989928364754,0.14004959166049957,0.4933333396911621,0.00938626378774643,161.24000549316406,479.9200134277344,0.0
20260719,detection_plus_rate,1,0.0010862350463867188,2.0,0.023617668077349663,0.11673078685998917,0.4933333396911621,0.007778179831802845,215.0,574.0,0.12109375
20260719,detection_plus_rate,2,0.0025667572021484284,1.9740138000035972,0.02325676940381527,0.11575507372617722,0.5,0.008078555576503277,215.0,574.0,0.12109375
20260719,detection_plus_rate,3,0.004733519554138166,1.9483652413023211,0.022250397130846977,0.1152208149433136,0.5199999809265137,0.008640062995254993,215.0,574.0,0.12109375
20260719,detection_plus_rate,4,0.00791348457336425,1.9230499368890603,0.020688842982053757,0.10942045599222183,0.5199999809265137,0.00963935349136591,215.0,574.0,0.12109375
20260719,detection_plus_rate,5,0.012374949455261231,1.898063556757526,0.02077645994722843,0.11334416270256042,0.5400000214576721,0.010892298072576523,215.0,574.0,0.12109375
20260719,detection_plus_rate,6,0.018025689125061018,1.8734018271616335,0.021076422184705734,0.11334416270256042,0.5333333611488342,0.011649315245449543,215.0,574.0,0.12109375
20260719,detection_plus_rate,7,0.024340777397155747,1.8490605298845093,0.02110186032950878,0.11334416270256042,0.5333333611488342,0.011381332762539387,215.0,574.0,0.12109375
20260719,detection_plus_rate,8,0.030897421836853005,1.8250355015169928,0.021198997274041176,0.11334416270256042,0.5333333611488342,0.010964704677462578,215.0,574.0,0.12109375
20260719,detection_plus_rate,9,0.03730320453643797,1.8013226327455147,0.02147735096514225,0.11334416270256042,0.5266666412353516,0.010378135368227959,215.0,574.0,0.12109375
20260719,detection_plus_rate,10,0.043361058235168455,1.777917867649229,0.02247677370905876,0.11591263115406036,0.5199999809265137,0.010041814297437668,215.0,574.0,0.12109375
20260719,detection_plus_rate,11,0.049410004615783674,1.7548172030062736,0.02081909589469433,0.10859444737434387,0.5266666412353516,0.01025963295251131,215.0,574.0,0.12109375
20260719,detection_plus_rate,12,0.055549769401550285,1.732016687609049,0.02070051245391369,0.10859444737434387,0.5333333611488342,0.010477249510586262,215.0,574.0,0.12109375
20260719,detection_plus_rate,13,0.06169442653656004,1.7095124215883912,0.02201191708445549,0.11334416270256042,0.5199999809265137,0.010951196774840355,215.0,574.0,0.12109375
20260719,detection_plus_rate,14,0.06756829261779786,1.687300555746526,0.02196674235165119,0.11334416270256042,0.5133333206176758,0.011078324168920517,215.0,574.0,0.12109375
20260719,detection_plus_rate,15,0.07265867233276367,1.6653772908986906,0.023946579545736313,0.12211403995752335,0.5199999809265137,0.009102682583034039,203.42666625976562,553.7466430664062,0.08153641223907471
20260719,detection_plus_rate,16,0.07661291599273681,1.6437388772233101,0.02789219841361046,0.14527514576911926,0.47999998927116394,0.009102817624807358,159.0,476.0,0.0
20260719,detection_plus_rate,17,0.07961898326873779,1.6223816136206164,0.02789219841361046,0.14527514576911926,0.47999998927116394,0.009102817624807358,159.0,476.0,0.0
20260719,detection_plus_rate,18,0.08193612575531005,1.6013018470796005,0.02789219841361046,0.14527514576911926,0.47999998927116394,0.009102817624807358,159.0,476.0,0.0
20260719,detection_plus_rate,19,0.08318940639495849,1.5804959720531906,0.02789219841361046,0.14527514576911926,0.47999998927116394,0.009102817624807358,159.0,476.0,0.0
20260719,detection_plus_rate,20,0.0832152009010315,1.559960429841549,0.02789219841361046,0.14527514576911926,0.47999998927116394,0.009102817624807358,159.0,476.0,0.0
20260719,detection_plus_rate,21,0.08248956680297853,1.5396917079833807,0.027748756110668182,0.14527514576911926,0.4866666793823242,0.01046468410640955,159.0,476.0,0.0
20260719,detection_plus_rate,22,0.08138566493988039,1.5196863396551512,0.027748756110668182,0.14527514576911926,0.4866666793823242,0.01046468410640955,159.0,476.0,0.0
20260719,detection_plus_rate,23,0.08028350353240969,1.4999409030781112,0.027748756110668182,0.14527514576911926,0.4866666793823242,0.00977267138659954,159.0,476.0,0.0
20260719,detection_plus_rate,24,0.07913656711578372,1.4804520209330247,0.027748756110668182,0.14527514576911926,0.4866666793823242,0.01046468410640955,159.0,476.0,0.0
20260719,detection_plus_rate,25,0.07788262128829959,1.4612163597825027,0.027748756110668182,0.14527514576911926,0.4866666793823242,0.01046468410640955,159.0,476.0,0.0
20260719,detection_plus_rate,26,0.07674903154373172,1.442230629500841,0.027748756110668182,0.14527514576911926,0.4866666793823242,0.01046468410640955,159.0,476.0,0.0
20260719,detection_plus_rate,27,0.07566264629364017,1.4234915827112675,0.027748756110668182,0.14527514576911926,0.4866666793823242,0.01046468410640955,159.0,476.0,0.0
20260719,detection_plus_rate,28,0.07404500722885135,1.404996014230502,0.027748756110668182,0.14527514576911926,0.4866666793823242,0.01046468410640955,159.0,476.0,0.0
20260719,detection_plus_rate,29,0.07204257965087893,1.3867407605205309,0.027748756110668182,0.14527514576911926,0.4866666793823242,0.01046468410640955,159.0,476.0,0.0
20260719,detection_plus_rate,30,0.07014645576477052,1.3687226991475059,0.027737271040678024,0.14527514576911926,0.4866666793823242,0.011926811188459396,159.0,476.0,0.0
20260719,detection_plus_rate,31,0.06893270015716554,1.350938748247674,0.027748756110668182,0.14527514576911926,0.4866666793823242,0.011104961857199669,159.0,476.0,0.0
20260719,detection_plus_rate,32,0.06765591144561768,1.333385866000247,0.02789219841361046,0.14527514576911926,0.47999998927116394,0.009794830344617367,159.0,476.0,0.0
20260719,detection_plus_rate,33,0.0660714888572693,1.3160610501071175,0.027748756110668182,0.14527514576911926,0.4866666793823242,0.011104961857199669,159.0,476.0,0.0
20260719,detection_plus_rate,34,0.0643368148803711,1.2989613372793378,0.027748756110668182,0.14527514576911926,0.4866666793823242,0.011104961857199669,159.0,476.0,0.0
20260719,detection_plus_rate,35,0.06264948368072511,1.2820838027302701,0.027503468096256256,0.14527514576911926,0.4866666793823242,0.011693009175360203,159.0,476.0,0.0
20260719,detection_plus_rate,36,0.06139494657516481,1.2654255596753214,0.027748756110668182,0.14527514576911926,0.4866666793823242,0.01046468410640955,159.0,476.0,0.0
20260719,detection_plus_rate,37,0.060342884063720716,1.24898375883818,0.027748756110668182,0.14527514576911926,0.4866666793823242,0.01046468410640955,159.0,476.0,0.0
20260719,detection_plus_rate,38,0.05884721994400025,1.2327555879634662,0.027748756110668182,0.14527514576911926,0.4866666793823242,0.01046468410640955,159.0,476.0,0.0
20260719,detection_plus_rate,39,0.057030234336853024,1.2167382713357153,0.027748756110668182,0.14527514576911926,0.4866666793823242,0.01046468410640955,159.0,476.0,0.0
20260719,detection_plus_rate,40,0.05578246116638182,1.2009290693046117,0.027748756110668182,0.14527514576911926,0.4866666793823242,0.01046468410640955,159.0,476.0,0.0
20260719,detection_plus_rate,41,0.05483629465103149,1.18532527781639,0.027748756110668182,0.14527514576911926,0.4866666793823242,0.01046468410640955,159.0,476.0,0.0
20260719,detection_plus_rate,42,0.0535590386390686,1.1699242279513258,0.027748756110668182,0.14527514576911926,0.4866666793823242,0.01046468410640955,159.0,476.0,0.0
20260719,detection_plus_rate,43,0.051917347908020016,1.1547232854672358,0.027748756110668182,0.14527514576911926,0.4866666793823242,0.01046468410640955,159.0,476.0,0.0
20260719,detection_plus_rate,44,0.05011409282684326,1.1397198503489083,0.027748756110668182,0.14527514576911926,0.4866666793823242,0.01046468410640955,159.0,476.0,0.0
20260719,detection_plus_rate,45,0.04918121814727784,1.12491135636339,0.027748756110668182,0.14527514576911926,0.4866666793823242,0.01046468410640955,159.0,476.0,0.0
20260719,detection_plus_rate,46,0.04828188419342042,1.110295270621048,0.027748756110668182,0.14527514576911926,0.4866666793823242,0.00977267138659954,159.0,476.0,0.0
20260719,detection_plus_rate,47,0.0466594195365906,1.0958690931423387,0.027491983026266098,0.14527514576911926,0.4866666793823242,0.011874580755829811,159.0,476.0,0.0
20260719,detection_plus_rate,48,0.045071749687194844,1.0816303564302021,0.027219031006097794,0.14527514576911926,0.4933333396911621,0.01258912868797779,159.0,476.0,0.0
20260719,detection_plus_rate,49,0.04415306568145753,1.0675766250480143,0.027748756110668182,0.14527514576911926,0.4866666793823242,0.01046468410640955,159.0,476.0,0.0
20260719,detection_plus_rate,50,0.043231251239776614,1.0537054952030231,0.02789219841361046,0.14527514576911926,0.47999998927116394,0.009102817624807358,159.0,476.0,0.0
20260719,detection_plus_rate,51,0.04239197969436646,1.040014594335196,0.027748756110668182,0.14527514576911926,0.4866666793823242,0.01046468410640955,159.0,476.0,0.0
20260719,detection_plus_rate,52,0.04151162862777712,1.02650158071141,0.027748756110668182,0.14527514576911926,0.4866666793823242,0.01046468410640955,159.0,476.0,0.0
20260719,detection_plus_rate,53,0.040397014617919946,1.0131641430249148,0.02746431902050972,0.14527514576911926,0.4933333396911621,0.012001082301139832,159.0,476.0,0.0
20260719,detection_plus_rate,54,0.03932047843933108,1.0,0.027748756110668182,0.14527514576911926,0.4866666793823242,0.00977267138659954,159.0,476.0,0.0
20260719,detection_plus_rate,55,0.038179507255554225,0.9870069000017987,0.027748756110668182,0.14527514576911926,0.4866666793823242,0.01046468410640955,159.0,476.0,0.0
20260719,detection_plus_rate,56,0.03688756942749027,0.9741826206511606,0.027219031006097794,0.14527514576911926,0.4933333396911621,0.01258912868797779,159.0,476.0,0.0
20260719,detection_plus_rate,57,0.03503587961196903,0.9615249684445302,0.02746431902050972,0.14527514576911926,0.4933333396911621,0.012001082301139832,159.0,476.0,0.0
20260719,detection_plus_rate,58,0.033852396011352565,0.949031778378763,0.027219031006097794,0.14527514576911926,0.4933333396911621,0.01258912868797779,159.0,476.0,0.0
20260719,detection_plus_rate,59,0.03360097885131838,0.9367009135808169,0.027748756110668182,0.14527514576911926,0.4866666793823242,0.00977267138659954,159.0,476.0,0.0
20260719,detection_plus_rate,60,0.03286703586578372,0.9245302649422548,0.02789219841361046,0.14527514576911926,0.47999998927116394,0.009102817624807358,159.0,476.0,0.0
20260719,detection_plus_rate,61,0.031479425430297886,0.9125177507584963,0.027475805953145027,0.14527514576911926,0.4933333396911621,0.010487218387424946,159.0,476.0,0.0
20260719,detection_plus_rate,62,0.03023404359817509,0.9006613163727574,0.027219031006097794,0.14527514576911926,0.4933333396911621,0.01258912868797779,159.0,476.0,0.0
20260719,detection_plus_rate,63,0.029571070671081594,0.8889589338246144,0.027475805953145027,0.14527514576911926,0.4933333396911621,0.01117923203855753,159.0,476.0,0.0
20260719,detection_plus_rate,64,0.029265351295471247,0.8774086015031368,0.027748756110668182,0.14527514576911926,0.4866666793823242,0.00977267138659954,159.0,476.0,0.0
20260719,detection_plus_rate,65,0.027763931751251286,0.8660083438045245,0.027748756110668182,0.14527514576911926,0.4866666793823242,0.00977267138659954,159.0,476.0,0.0
20260719,detection_plus_rate,66,0.02620612144470222,0.8547562107941956,0.027219031006097794,0.14527514576911926,0.4933333396911621,0.01258912868797779,159.0,476.0,0.0
20260719,detection_plus_rate,67,0.025213205814361633,0.8436502778732629,0.0272305179387331,0.14527514576911926,0.4933333396911621,0.011767279356718063,159.0,476.0,0.0
20260719,detection_plus_rate,68,0.024828848838806223,0.8326886454493452,0.02789219841361046,0.14527514576911926,0.47999998927116394,0.009102817624807358,159.0,476.0,0.0
20260719,detection_plus_rate,69,0.024378843307495197,0.8218694386116551,0.02789219841361046,0.14527514576911926,0.47999998927116394,0.009102817624807358,159.0,476.0,0.0
20260719,detection_plus_rate,70,0.023346776962280352,0.8111908068103082,0.027475805953145027,0.14527514576911926,0.4933333396911621,0.010487218387424946,159.0,476.0,0.0
20260719,detection_plus_rate,71,0.02180581808090218,0.8006509235398003,0.02746431902050972,0.14527514576911926,0.4933333396911621,0.012001082301139832,159.0,476.0,0.0
20260719,detection_plus_rate,72,0.02137311697006234,0.7902479860265953,0.027475805953145027,0.14527514576911926,0.4933333396911621,0.01117923203855753,159.0,476.0,0.0
20260719,detection_plus_rate,73,0.02119622468948372,0.7799802149207745,0.02789219841361046,0.14527514576911926,0.47999998927116394,0.009102817624807358,159.0,476.0,0.0
20260719,detection_plus_rate,74,0.020047881603241044,0.7698458539916904,0.027619248256087303,0.14527514576911926,0.4866666793823242,0.009817365556955338,159.0,476.0,0.0
20260719,detection_plus_rate,75,0.019746911525726406,0.7598431698275756,0.02746431902050972,0.14527514576911926,0.4933333396911621,0.012001082301139832,159.0,476.0,0.0
20260719,detection_plus_rate,76,0.019326615333557215,0.7499704515390556,0.027475805953145027,0.14527514576911926,0.4933333396911621,0.010487218387424946,159.0,476.0,0.0
20260719,detection_plus_rate,77,0.018046157360076996,0.7402260104665124,0.027475805953145027,0.14527514576911926,0.4933333396911621,0.010487218387424946,159.0,476.0,0.0
20260719,detection_plus_rate,78,0.01681499958038339,0.7306081798912514,0.027475805953145027,0.14527514576911926,0.4933333396911621,0.010487218387424946,159.0,476.0,0.0
20260719,detection_plus_rate,79,0.016152353286743245,0.7211153147504205,0.027475805953145027,0.14527514576911926,0.4933333396911621,0.010487218387424946,159.0,476.0,0.0
20260719,detection_plus_rate,80,0.016065380573272777,0.7117457913556338,0.027475805953145027,0.14527514576911926,0.4933333396911621,0.010487218387424946,159.0,476.0,0.0
20260719,detection_plus_rate,81,0.014905006885528645,0.702498007115251,0.027619248256087303,0.14527514576911926,0.4866666793823242,0.009817365556955338,159.0,476.0,0.0
20260719,detection_plus_rate,82,0.013612520694732752,0.6933703802602654,0.027475805953145027,0.14527514576911926,0.4933333396911621,0.01117923203855753,159.0,476.0,0.0
20260719,detection_plus_rate,83,0.013628957271576023,0.6843613495737529,0.027475805953145027,0.14527514576911926,0.4933333396911621,0.010487218387424946,159.0,476.0,0.0
20260719,detection_plus_rate,84,0.013220398426055999,0.6754693741238371,0.027619248256087303,0.14527514576911926,0.4866666793823242,0.009817365556955338,159.0,476.0,0.0
20260719,detection_plus_rate,85,0.011902120113372902,0.6666929330001236,0.027475805953145027,0.14527514576911926,0.4933333396911621,0.010487218387424946,159.0,476.0,0.0
20260719,detection_plus_rate,86,0.011577367782592881,0.6580305250535589,0.02746431902050972,0.14527514576911926,0.4933333396911621,0.011309068650007248,159.0,476.0,0.0
20260719,detection_plus_rate,87,0.011906330585479826,0.649480668639669,0.027619248256087303,0.14527514576911926,0.4866666793823242,0.009817365556955338,159.0,476.0,0.0
20260719,detection_plus_rate,88,0.011564607620239338,0.6410419013651351,0.027619248256087303,0.14527514576911926,0.4866666793823242,0.009817365556955338,159.0,476.0,0.0
20260719,detection_plus_rate,89,0.011306111812591642,0.6327127798376607,0.027619248256087303,0.14527514576911926,0.4866666793823242,0.009817365556955338,159.0,476.0,0.0
20260719,detection_plus_rate,90,0.010808005332946876,0.62449187941909,0.027475805953145027,0.14527514576911926,0.4933333396911621,0.010487218387424946,159.0,476.0,0.0
20260719,detection_plus_rate,91,0.010519931316375826,0.6163777939817331,0.027475805953145027,0.14527514576911926,0.4933333396911621,0.010487218387424946,159.0,476.0,0.0
20260719,detection_plus_rate,92,0.01051747560501108,0.6083691356678577,0.027619248256087303,0.14527514576911926,0.4866666793823242,0.009817365556955338,159.0,476.0,0.0
20260719,detection_plus_rate,93,0.00969717741012583,0.6004645346523059,0.027619248256087303,0.14527514576911926,0.4866666793823242,0.009817365556955338,159.0,476.0,0.0
20260719,detection_plus_rate,94,0.009194231033325301,0.592662638908195,0.027475805953145027,0.14527514576911926,0.4933333396911621,0.010487218387424946,159.0,476.0,0.0
20260719,detection_plus_rate,95,0.009208164215088006,0.5849621139756629,0.027619248256087303,0.14527514576911926,0.4866666793823242,0.009817365556955338,159.0,476.0,0.0
20260719,detection_plus_rate,96,0.008591840267181511,0.5773616427336179,0.027619248256087303,0.14527514576911926,0.4866666793823242,0.009817365556955338,159.0,476.0,0.0
20260719,detection_plus_rate,97,0.007178025245666614,0.5698599251744542,0.027619248256087303,0.14527514576911926,0.4866666793823242,0.009817365556955338,159.0,476.0,0.0
20260719,detection_plus_rate,98,0.006680417060852157,0.562455678181695,0.027475805953145027,0.14527514576911926,0.4933333396911621,0.010487218387424946,159.0,476.0,0.0
20260719,detection_plus_rate,99,0.006902422904968359,0.555147635310524,0.027619248256087303,0.14527514576911926,0.4866666793823242,0.009817365556955338,159.0,476.0,0.0
20260719,detection_plus_rate,100,0.0062331461906434075,0.5479345465711694,0.027619248256087303,0.14527514576911926,0.4866666793823242,0.009817365556955338,159.0,476.0,0.0
20260719,detection_plus_rate,101,0.005603663921356289,0.5408151782151011,0.027619248256087303,0.14527514576911926,0.4866666793823242,0.009817365556955338,159.0,476.0,0.0
20260719,detection_plus_rate,102,0.005942676067352365,0.5337883125240072,0.027619248256087303,0.14527514576911926,0.4866666793823242,0.009817365556955338,159.0,476.0,0.0
20260719,detection_plus_rate,103,0.0053405451774597825,0.5268527476015116,0.027619248256087303,0.14527514576911926,0.4866666793823242,0.009817365556955338,159.0,476.0,0.0
20260719,detection_plus_rate,104,0.004263315200805734,0.520007297167598,0.027607761323451996,0.14527514576911926,0.4866666793823242,0.01063921581953764,159.0,476.0,0.0
20260719,detection_plus_rate,105,0.004334533214569153,0.513250790355705,0.027619248256087303,0.14527514576911926,0.4866666793823242,0.009817365556955338,159.0,476.0,0.0
20260719,detection_plus_rate,106,0.0036673355102539718,0.5065820715124574,0.027619248256087303,0.14527514576911926,0.4866666793823242,0.009817365556955338,159.0,476.0,0.0
20260719,detection_plus_rate,107,0.0036172533035279063,0.5,0.027619248256087303,0.14527514576911926,0.4866666793823242,0.009817365556955338,159.0,476.0,0.0
20260719,detection_plus_rate,108,0.0030394029617310356,0.49350345000089935,0.027619248256087303,0.14527514576911926,0.4866666793823242,0.009817365556955338,159.0,476.0,0.0
20260719,detection_plus_rate,109,0.0026672244071961277,0.4870913103255803,0.027619248256087303,0.14527514576911926,0.4866666793823242,0.009817365556955338,159.0,476.0,0.0
20260719,detection_plus_rate,110,0.0031477975845337564,0.4807624842222651,0.027619248256087303,0.14527514576911926,0.4866666793823242,0.009817365556955338,159.0,476.0,0.0
20260719,detection_plus_rate,111,0.0021556472778321003,0.47451588918938153,0.027619248256087303,0.14527514576911926,0.4866666793823242,0.009817365556955338,159.0,476.0,0.0
20260719,detection_plus_rate,112,0.0023215818405152235,0.46835045679040843,0.027187127619981766,0.14527514576911926,0.4933333396911621,0.009564023464918137,159.74667358398438,477.3066711425781,0.0
20260719,detection_plus_rate,113,0.0019575715065003265,0.4622651324711274,0.027619248256087303,0.14527514576911926,0.4866666793823242,0.009817365556955338,159.0,476.0,0.0
20260719,detection_plus_rate,114,0.0015454435348511476,0.4562588753792482,0.027007481083273888,0.14527514576911926,0.5,0.010538525879383087,160.1199951171875,477.9599914550781,0.0
20260719,detection_plus_rate,115,0.0011504077911377686,0.45033065818637874,0.027619248256087303,0.14527514576911926,0.4866666793823242,0.009817365556955338,159.0,476.0,0.0
20260719,detection_plus_rate,116,0.0005737590789795566,0.4444794669123073,0.027607761323451996,0.14527514576911926,0.4866666793823242,0.01063921581953764,159.0,476.0,0.0
20260719,detection_plus_rate,117,0.0001920557022095415,0.43870430075156847,0.027007481083273888,0.14527514576911926,0.5,0.010509378276765347,160.1199951171875,477.9599914550781,0.0
20260719,detection_plus_rate,118,0.0013265466690064167,0.4330041719022623,0.02696205861866474,0.14527514576911926,0.5066666603088379,0.010151323862373829,160.4933319091797,478.61334228515625,0.0
20260719,detection_plus_rate,119,2.0885467529357027e-05,0.42737810539709786,0.027619248256087303,0.14527514576911926,0.4866666793823242,0.009817365556955338,159.0,476.0,0.0
20260719,detection_plus_rate,120,0.0,0.42182513893663154,0.027289187535643578,0.14527514576911926,0.5,0.009630635380744934,161.6133270263672,480.5733337402344,0.0
20260719,detection_plus_rate,121,0.0006340479850769133,0.4163443227246726,0.027607761323451996,0.14527514576911926,0.4866666793823242,0.010295809246599674,159.3733367919922,476.6533203125,0.0
20260719,detection_plus_rate,122,0.0,0.4109347193058275,0.02756233885884285,0.14527514576911926,0.4933333396911621,0.009923683479428291,159.74667358398438,477.3066711425781,0.0
20260719,detection_plus_rate,123,0.0,0.40559540340515404,0.02696205861866474,0.14527514576911926,0.5066666603088379,0.009977209381759167,160.86666870117188,479.26666259765625,0.0
20260719,detection_plus_rate,124,2.330780029295987e-05,0.4003254617699001,0.02696205861866474,0.14527514576911926,0.5066666603088379,0.009952003136277199,160.86666870117188,479.26666259765625,0.0
20260719,detection_plus_rate,125,0.0,0.39512399301329765,0.027289187535643578,0.14527514576911926,0.5,0.009528235532343388,161.6133270263672,480.5733337402344,0.0
20260719,detection_plus_rate,126,0.00014372825622559484,0.38999010746038726,0.02715155854821205,0.14527514576911926,0.5,0.009427929297089577,161.24000549316406,479.9200134277344,0.0
20260719,detection_plus_rate,127,0.0,0.3849229269958451,0.02696205861866474,0.14527514576911926,0.5066666603088379,0.009936929680407047,160.86666870117188,479.26666259765625,0.0
20260719,detection_plus_rate,128,0.0,0.37992158491378775,0.027289187535643578,0.14527514576911926,0.5,0.009586658328771591,161.24000549316406,479.9200134277344,0.0
20260719,detection_plus_rate,129,0.0,0.37498522576952775,0.02696205861866474,0.14527514576911926,0.5066666603088379,0.010108464397490025,160.4933319091797,478.61334228515625,0.0
20260719,detection_plus_rate,130,0.0,0.3701130052332562,0.02696205861866474,0.14527514576911926,0.5066666603088379,0.01013852283358574,160.4933319091797,478.61334228515625,0.0
20260719,detection_plus_rate,131,0.0,0.36530408994562563,0.02696205861866474,0.14527514576911926,0.5066666603088379,0.010018378496170044,160.86666870117188,479.26666259765625,0.0
20260719,detection_plus_rate,132,0.0022744464874267403,0.36055765737521017,0.02634231001138687,0.14159618318080902,0.5,0.009549826383590698,162.36000061035156,481.8800048828125,0.0
20260719,detection_plus_rate,133,0.00036071300506590486,0.3558728956778169,0.027846775949001312,0.14527514576911926,0.4866666793823242,0.008345912210643291,159.74667358398438,477.3066711425781,0.0
20260719,detection_plus_rate,134,0.00023138046264648015,0.3512490035576255,0.02427378110587597,0.13624855875968933,0.5199999809265137,0.010370144620537758,165.34666442871094,487.1066589355469,0.0
20260719,detection_plus_rate,135,0.0012010073661804068,0.34668519013013266,0.02696205861866474,0.14527514576911926,0.5066666603088379,0.009938131086528301,160.86666870117188,479.26666259765625,0.0
20260719,detection_plus_rate,136,0.0,0.3421806747868764,0.027289187535643578,0.14527514576911926,0.5,0.009460652247071266,161.6133270263672,480.5733337402344,0.0
20260719,detection_plus_rate,137,0.0,0.3377346870619185,0.02715155854821205,0.14527514576911926,0.5,0.009391688741743565,161.24000549316406,479.9200134277344,0.0
20260719,detection_plus_rate,138,0.0,0.3333464665000618,0.027289187535643578,0.14527514576911926,0.5,0.009537596255540848,161.6133270263672,480.5733337402344,0.0
20260719,detection_plus_rate,139,0.0,0.3290152625267794,0.027289187535643578,0.14527514576911926,0.5,0.009451030753552914,161.6133270263672,480.5733337402344,0.0
20260719,detection_plus_rate,140,0.0,0.32474033431983446,0.02636103890836239,0.14159618318080902,0.5,0.009316680021584034,161.98666381835938,481.2266540527344,0.0
20260719,detection_plus_rate,141,0.0007843875885009677,0.32052095068256753,0.027289187535643578,0.14527514576911926,0.5,0.00939036812633276,161.6133270263672,480.5733337402344,0.0
20260719,detection_plus_rate,142,0.00010907649993896484,0.31635638991883036,0.02715155854821205,0.14527514576911926,0.5,0.009375815279781818,161.24000549316406,479.9200134277344,0.0
20260719,detection_plus_rate,143,0.0,0.312245939709545,0.027289187535643578,0.14527514576911926,0.5,0.00947609543800354,161.6133270263672,480.5733337402344,0.0
20260719,detection_plus_rate,144,0.0,0.30818889699086655,0.02715155854821205,0.14527514576911926,0.5,0.009361925534904003,161.24000549316406,479.9200134277344,0.0
20260719,detection_plus_rate,145,0.0,0.30418456783392883,0.02636103890836239,0.14159618318080902,0.5,0.00936866644769907,161.98666381835938,481.2266540527344,0.0
20260719,detection_plus_rate,146,0.0,0.30023226732615294,0.02636103890836239,0.14159618318080902,0.5,0.00939161516726017,161.98666381835938,481.2266540527344,0.0
20260719,detection_plus_rate,147,0.0008250331878662198,0.29633131945409746,0.027289187535643578,0.14527514576911926,0.5,0.00944855809211731,161.6133270263672,480.5733337402344,0.0
20260719,detection_plus_rate,148,8.026599884034533e-05,0.29248105698783144,0.02715155854821205,0.14527514576911926,0.5,0.00936489924788475,161.24000549316406,479.9200134277344,0.0
20260719,detection_plus_rate,149,0.0,0.2886808213668089,0.02715155854821205,0.14527514576911926,0.5,0.009472329169511795,160.86666870117188,479.26666259765625,0.0
20260719,detection_plus_rate,150,0.0,0.2849299625872271,0.02715155854821205,0.14527514576911926,0.5,0.009396040812134743,161.24000549316406,479.9200134277344,0.0
20260719,detection_plus_rate,151,0.0,0.2812278390908475,0.02636103890836239,0.14159618318080902,0.5,0.009411394596099854,161.98666381835938,481.2266540527344,0.0
20260719,detection_plus_rate,152,0.0,0.277573817655262,0.02636103890836239,0.14159618318080902,0.5,0.00940808653831482,161.98666381835938,481.2266540527344,0.0
20260719,detection_plus_rate,153,0.00028763532638551584,0.2739672732855847,0.02622341178357601,0.14159618318080902,0.5,0.009361538104712963,161.6133270263672,480.5733337402344,0.0
20260719,detection_plus_rate,154,0.0,0.2704075891075505,0.02715155854821205,0.14527514576911926,0.5,0.009486694820225239,160.86666870117188,479.26666259765625,0.0
20260719,detection_plus_rate,155,0.0,0.2668941562620035,0.024825870990753174,0.13624855875968933,0.5133333206176758,0.009740080684423447,163.85333251953125,484.49334716796875,0.0
20260719,detection_plus_rate,156,0.0,0.26342637380075573,0.02715155854821205,0.14527514576911926,0.5,0.009363250806927681,161.24000549316406,479.9200134277344,0.0
20260719,detection_plus_rate,157,0.0,0.260003648583799,0.02590867690742016,0.14159618318080902,0.5066666603088379,0.009685597382485867,163.10667419433594,483.1866760253906,0.0
20260719,detection_plus_rate,158,0.0,0.25662539517785243,0.027289187535643578,0.14527514576911926,0.5,0.009414014406502247,161.6133270263672,480.5733337402344,0.0
20260719,detection_plus_rate,159,0.0,0.2532910357562287,0.02715155854821205,0.14527514576911926,0.5,0.009319320321083069,161.24000549316406,479.9200134277344,0.0
20260719,detection_plus_rate,160,0.0,0.25,0.02590867690742016,0.14159618318080902,0.5066666603088379,0.010730654932558537,163.10667419433594,483.1866760253906,0.0
20260719,detection_plus_resource,1,0.0,2.0,0.023631474003195763,0.11661507189273834,0.4933333396911621,0.007768718991428614,215.0,574.0,0.12109375
20260719,detection_plus_resource,2,0.0,1.9740138000035972,0.02294263429939747,0.11575507372617722,0.5066666603088379,0.008077199570834637,215.0,574.0,0.12109375
20260719,detection_plus_resource,3,0.0,1.9483652413023211,0.02211860567331314,0.1152208149433136,0.5199999809265137,0.008636618964374065,215.0,574.0,0.12109375
20260719,detection_plus_resource,4,0.0,1.9230499368890603,0.021467896178364754,0.11409303545951843,0.5199999809265137,0.009644415229558945,215.0,574.0,0.12109375
20260719,detection_plus_resource,5,0.0,1.898063556757526,0.020655442029237747,0.11334416270256042,0.5400000214576721,0.01097206398844719,215.0,574.0,0.12109375
20260719,detection_plus_resource,6,0.0,1.8734018271616335,0.023215189576148987,0.12171933799982071,0.5199999809265137,0.011805295944213867,215.0,574.0,0.12109375
20260719,detection_plus_resource,7,0.0,1.8490605298845093,0.022288793697953224,0.11761099845170975,0.5266666412353516,0.011489876545965672,215.0,574.0,0.12109375
20260719,detection_plus_resource,8,0.0,1.8250355015169928,0.021606307476758957,0.11601025611162186,0.5333333611488342,0.01101805828511715,215.0,574.0,0.12109375
20260719,detection_plus_resource,9,0.0,1.8013226327455147,0.021775325760245323,0.11601025611162186,0.5333333611488342,0.010369734838604927,215.0,574.0,0.12109375
20260719,detection_plus_resource,10,0.0,1.777917867649229,0.02178211137652397,0.11601025611162186,0.5266666412353516,0.009934760630130768,215.0,574.0,0.12109375
20260719,detection_plus_resource,11,0.0,1.7548172030062736,0.021146206185221672,0.11334416270256042,0.5333333611488342,0.010057101026177406,215.0,574.0,0.12109375
20260719,detection_plus_resource,12,0.0,1.732016687609049,0.02120882086455822,0.11334416270256042,0.5333333611488342,0.010136334225535393,215.0,574.0,0.12109375
20260719,detection_plus_resource,13,0.0,1.7095124215883912,0.021239545196294785,0.11334416270256042,0.5333333611488342,0.010302484035491943,215.0,574.0,0.12109375
20260719,detection_plus_resource,14,0.0,1.687300555746526,0.021245084702968597,0.11334416270256042,0.5333333611488342,0.01010232325643301,215.0,574.0,0.12109375
20260719,detection_plus_resource,15,0.0,1.6653772908986906,0.021245084702968597,0.11334416270256042,0.5333333611488342,0.009803934022784233,215.0,574.0,0.12109375
20260719,detection_plus_resource,16,0.0,1.6437388772233101,0.021214107051491737,0.11334416270256042,0.5333333611488342,0.00947646051645279,215.0,574.0,0.12109375
20260719,detection_plus_resource,17,0.0,1.6223816136206164,0.020873086526989937,0.11334416270256042,0.5333333611488342,0.00943291001021862,215.0,574.0,0.12109375
20260719,detection_plus_resource,18,0.0,1.6013018470796005,0.02154994197189808,0.11334416270256042,0.5133333206176758,0.009501995518803596,215.0,574.0,0.12109375
20260719,detection_plus_resource,19,0.0,1.5804959720531906,0.02097478322684765,0.11334416270256042,0.5266666412353516,0.00944896787405014,215.0,574.0,0.12109375
20260719,detection_plus_resource,20,0.0,1.559960429841549,0.021111279726028442,0.11334416270256042,0.5199999809265137,0.009157090447843075,214.25332641601562,572.693359375,0.11854171752929688
20260719,detection_plus_resource,21,0.0,1.5396917079833807,0.022126073017716408,0.11601025611162186,0.5066666603088379,0.009120989590883255,213.5066680908203,571.3866577148438,0.1159895658493042
20260719,detection_plus_resource,22,0.0,1.5196863396551512,0.02058226987719536,0.10859444737434387,0.5266666412353516,0.00911716278642416,212.01333618164062,568.7733154296875,0.1108853816986084
20260719,detection_plus_resource,23,0.0,1.4999409030781112,0.02143748290836811,0.11334416270256042,0.5199999809265137,0.008945301175117493,210.52000427246094,566.1599731445312,0.1057811975479126
20260719,detection_plus_resource,24,0.0,1.4804520209330247,0.022414494305849075,0.12079283595085144,0.5266666412353516,0.008922134526073933,209.39999389648438,564.2000122070312,0.10195314884185791
20260719,detection_plus_resource,25,0.0,1.4612163597825027,0.02233024686574936,0.12079283595085144,0.5266666412353516,0.008807480335235596,207.16000366210938,560.280029296875,0.09429693222045898
20260719,detection_plus_resource,26,0.0,1.442230629500841,0.022371405735611916,0.12079283595085144,0.5266666412353516,0.009080695919692516,207.16000366210938,560.280029296875,0.09429693222045898
20260719,detection_plus_resource,27,0.0,1.4234915827112675,0.022906770929694176,0.12079283595085144,0.5199999809265137,0.008999859914183617,205.6666717529297,557.6666870117188,0.08919274806976318
20260719,detection_plus_resource,28,0.0,1.404996014230502,0.023738104850053787,0.12142253667116165,0.5199999809265137,0.008875916711986065,204.9199981689453,556.3599853515625,0.08664059638977051
20260719,detection_plus_resource,29,0.0,1.3867407605205309,0.024089666083455086,0.12142253667116165,0.5133333206176758,0.009013328701257706,204.54666137695312,555.7066650390625,0.08536458015441895
20260719,detection_plus_resource,30,0.0,1.3687226991475059,0.023451613262295723,0.12142253667116165,0.5199999809265137,0.009269374422729015,205.2933349609375,557.0133056640625,0.08791661262512207
20260719,detection_plus_resource,31,0.0,1.350938748247674,0.02330007590353489,0.12142253667116165,0.5199999809265137,0.00949404202401638,205.2933349609375,557.0133056640625,0.08791661262512207
20260719,detection_plus_resource,32,0.0,1.333385866000247,0.024566547945141792,0.12677016854286194,0.5199999809265137,0.008843500167131424,201.18666076660156,549.82666015625,0.07388019561767578
20260719,detection_plus_resource,33,0.0,1.3160610501071175,0.024317460134625435,0.12552036345005035,0.5199999809265137,0.009281016886234283,203.42666625976562,553.7466430664062,0.08153641223907471
20260719,detection_plus_resource,34,0.0,1.2989613372793378,0.02353787235915661,0.12142253667116165,0.5199999809265137,0.009566259570419788,204.17333984375,555.0533447265625,0.08408856391906738
20260719,detection_plus_resource,35,0.0,1.2820838027302701,0.023477787151932716,0.12142253667116165,0.5199999809265137,0.009303561411798,203.05332946777344,553.0933227539062,0.08026039600372314
20260719,detection_plus_resource,36,0.0,1.2654255596753214,0.023477787151932716,0.12142253667116165,0.5199999809265137,0.009277712553739548,202.30667114257812,551.7866821289062,0.07770836353302002
20260719,detection_plus_resource,37,0.0,1.24898375883818,0.022931136190891266,0.12009245902299881,0.5266666412353516,0.009570103138685226,203.42666625976562,553.7466430664062,0.08153641223907471
20260719,detection_plus_resource,38,0.0,1.2327555879634662,0.022797787562012672,0.12009245902299881,0.5266666412353516,0.00936275627464056,202.30667114257812,551.7866821289062,0.07770836353302002
20260719,detection_plus_resource,39,0.0,1.2167382713357153,0.02356123924255371,0.12142253667116165,0.5199999809265137,0.009157747030258179,200.81333923339844,549.17333984375,0.07260417938232422
20260719,detection_plus_resource,40,0.0,1.2009290693046117,0.023477977141737938,0.12142253667116165,0.5199999809265137,0.009672384709119797,203.05332946777344,553.0933227539062,0.08026039600372314
20260719,detection_plus_resource,41,0.0,1.18532527781639,0.024436304345726967,0.12552036345005035,0.5133333206176758,0.009409992024302483,201.18666076660156,549.82666015625,0.07388019561767578
20260719,detection_plus_resource,42,0.0,1.1699242279513258,0.023498529568314552,0.12142253667116165,0.5199999809265137,0.00921339076012373,199.69332885742188,547.2133178710938,0.06877601146697998
20260719,detection_plus_resource,43,0.0,1.1547232854672358,0.024456357583403587,0.12552036345005035,0.5133333206176758,0.009202214889228344,199.69332885742188,547.2133178710938,0.06877601146697998
20260719,detection_plus_resource,44,0.0,1.1397198503489083,0.023477977141737938,0.12142253667116165,0.5199999809265137,0.009391853585839272,201.18666076660156,549.82666015625,0.07388019561767578
20260719,detection_plus_resource,45,0.0,1.12491135636339,0.022576605901122093,0.12009245902299881,0.5266666412353516,0.009671696461737156,203.42666625976562,553.7466430664062,0.08153641223907471
20260719,detection_plus_resource,46,0.0,1.110295270621048,0.022797787562012672,0.12009245902299881,0.5266666412353516,0.00921554770320654,200.81333923339844,549.17333984375,0.07260417938232422
20260719,detection_plus_resource,47,0.0,1.0958690931423387,0.022798476740717888,0.12009245902299881,0.5266666412353516,0.009574881754815578,202.67999267578125,552.4400024414062,0.07898437976837158
20260719,detection_plus_resource,48,0.0,1.0816303564302021,0.02325710467994213,0.12142253667116165,0.5199999809265137,0.009770886972546577,203.8000030517578,554.4000244140625,0.08281254768371582
20260719,detection_plus_resource,49,0.0,1.0675766250480143,0.024337513372302055,0.12552036345005035,0.5199999809265137,0.009060490876436234,199.69332885742188,547.2133178710938,0.06877601146697998
20260719,detection_plus_resource,50,0.0,1.0537054952030231,0.02370603382587433,0.12389339506626129,0.5266666412353516,0.008991926908493042,199.32000732421875,546.5599975585938,0.06749999523162842
20260719,detection_plus_resource,51,0.0,1.040014594335196,0.022575367242097855,0.12008184939622879,0.5266666412353516,0.01012940239161253,205.2933349609375,557.0133056640625,0.08791661262512207
20260719,detection_plus_resource,52,0.0,1.02650158071141,0.024372907355427742,0.12552036345005035,0.5133333206176758,0.009196968749165535,200.44000244140625,548.52001953125,0.07132816314697266
20260719,detection_plus_resource,53,0.0,1.0131641430249148,0.024456169456243515,0.12552036345005035,0.5133333206176758,0.009209179319441319,199.69332885742188,547.2133178710938,0.06877601146697998
20260719,detection_plus_resource,54,0.0,1.0,0.024456357583403587,0.12552036345005035,0.5133333206176758,0.009075202979147434,198.94667053222656,545.9066772460938,0.06622397899627686
20260719,detection_plus_resource,55,0.0,0.9870069000017987,0.022458450868725777,0.12009245902299881,0.5333333611488342,0.009757863357663155,203.42666625976562,553.7466430664062,0.08153641223907471
20260719,detection_plus_resource,56,0.0,0.9741826206511606,0.02365751378238201,0.12420080602169037,0.5266666412353516,0.00934230163693428,199.32000732421875,546.5599975585938,0.06749999523162842
20260719,detection_plus_resource,57,0.0,0.9615249684445302,0.024223139509558678,0.12552036345005035,0.5266666412353516,0.009030085057020187,194.83999633789062,538.719970703125,0.052187442779541016
20260719,detection_plus_resource,58,0.0,0.949031778378763,0.02250594086945057,0.12038925290107727,0.5266666412353516,0.01014314591884613,203.8000030517578,554.4000244140625,0.08281254768371582
20260719,detection_plus_resource,59,0.0,0.9367009135808169,0.023483220487833023,0.12389339506626129,0.5333333611488342,0.009487261064350605,197.0800018310547,542.6400146484375,0.05984377861022949
20260719,detection_plus_resource,60,0.0,0.9245302649422548,0.023755067959427834,0.12389339506626129,0.5266666412353516,0.009062477387487888,193.34666442871094,536.106689453125,0.047083377838134766
20260719,detection_plus_resource,61,0.0,0.9125177507584963,0.02347564324736595,0.12420080602169037,0.5333333611488342,0.009518011473119259,195.9600067138672,540.6799926757812,0.056015610694885254
20260719,detection_plus_resource,62,0.0,0.9006613163727574,0.021781183779239655,0.11530987173318863,0.5333333611488342,0.009916887618601322,199.32000732421875,546.5599975585938,0.06749999523162842
20260719,detection_plus_resource,63,0.0,0.8889589338246144,0.023005938157439232,0.12171933799982071,0.5266666412353516,0.00967998057603836,197.0800018310547,542.6400146484375,0.05984377861022949
20260719,detection_plus_resource,64,0.0,0.8774086015031368,0.024681495502591133,0.12891936302185059,0.5266666412353516,0.009276065044105053,192.22666931152344,534.1466674804688,0.04325520992279053
20260719,detection_plus_resource,65,0.0,0.8660083438045245,0.024843743070960045,0.12741443514823914,0.5199999809265137,0.008884976617991924,188.1199951171875,526.9600219726562,0.02921879291534424
20260719,detection_plus_resource,66,0.0,0.8547562107941956,0.022757189348340034,0.12008184939622879,0.5266666412353516,0.010151773691177368,198.1999969482422,544.5999755859375,0.06367182731628418
20260719,detection_plus_resource,67,0.0,0.8436502778732629,0.024052532389760017,0.12729239463806152,0.5333333611488342,0.009107139892876148,189.6133270263672,529.5733032226562,0.03432285785675049
20260719,detection_plus_resource,68,0.0,0.8326886454493452,0.024465924128890038,0.12729239463806152,0.5266666412353516,0.009236197918653488,189.6133270263672,529.5733032226562,0.03432285785675049
20260719,detection_plus_resource,69,0.0,0.8218694386116551,0.022380320355296135,0.12348084151744843,0.5400000214576721,0.009854858741164207,193.34666442871094,536.106689453125,0.047083377838134766
20260719,detection_plus_resource,70,0.0,0.8111908068103082,0.024001579731702805,0.12741443514823914,0.5333333611488342,0.008778969757258892,184.3866729736328,520.4266967773438,0.01645839214324951
20260719,detection_plus_resource,71,0.0,0.8006509235398003,0.022919436916708946,0.12348084151744843,0.5333333611488342,0.009563036262989044,190.36000061035156,530.8800048828125,0.036875009536743164
20260719,detection_plus_resource,72,0.0,0.7902479860265953,0.02248731628060341,0.12348084151744843,0.5400000214576721,0.009527759626507759,190.73333740234375,531.5333251953125,0.03815102577209473
20260719,detection_plus_resource,73,0.0,0.7799802149207745,0.02303353138267994,0.12361342459917068,0.5333333611488342,0.008605108596384525,184.01333618164062,519.7733154296875,0.015182256698608398
20260719,detection_plus_resource,74,0.0,0.7698458539916904,0.022742897272109985,0.12228333950042725,0.5333333611488342,0.00880935788154602,184.75999450683594,521.0800170898438,0.017734408378601074
20260719,detection_plus_resource,75,0.0,0.7598431698275756,0.02255040407180786,0.12171933799982071,0.5333333611488342,0.010597091168165207,196.3333282470703,541.3333129882812,0.057291626930236816
20260719,detection_plus_resource,76,0.0,0.7499704515390556,0.02197374403476715,0.12272229790687561,0.5333333611488342,0.00838426873087883,179.53334045410156,511.9333190917969,0.0
20260719,detection_plus_resource,77,0.0,0.7402260104665124,0.023143064230680466,0.12361342459917068,0.5266666412353516,0.009220857173204422,187.0,525.0,0.025390625
20260719,detection_plus_resource,78,0.0,0.7306081798912514,0.02262350730597973,0.12348084151744843,0.5333333611488342,0.00982197280973196,190.36000061035156,530.8800048828125,0.036875009536743164
20260719,detection_plus_resource,79,0.0,0.7211153147504205,0.023225363343954086,0.12361342459917068,0.5266666412353516,0.008828897029161453,184.3866729736328,520.4266967773438,0.01645839214324951
20260719,detection_plus_resource,80,0.0,0.7117457913556338,0.022788135334849358,0.12361342459917068,0.5333333611488342,0.009033122099936008,185.13333129882812,521.7333374023438,0.019010424613952637
20260719,detection_plus_resource,81,0.0,0.702498007115251,0.02282656356692314,0.12361342459917068,0.5333333611488342,0.00856881495565176,181.77333068847656,515.8533325195312,0.007526040077209473
20260719,detection_plus_resource,82,0.0,0.6933703802602654,0.0225046556442976,0.12348084151744843,0.5333333611488342,0.009631806053221226,188.1199951171875,526.9600219726562,0.02921879291534424
20260719,detection_plus_resource,83,0.0,0.6843613495737529,0.02178950235247612,0.12272229790687561,0.5333333611488342,0.008666664361953735,179.9066619873047,512.586669921875,0.0011458396911621094
20260719,detection_plus_resource,84,0.0,0.6754693741238371,0.021129952743649483,0.12006118148565292,0.5400000214576721,0.008736472576856613,179.53334045410156,511.9333190917969,0.0
20260719,detection_plus_resource,85,0.0,0.6666929330001236,0.02265770174562931,0.12348084151744843,0.5266666412353516,0.009356619790196419,185.13333129882812,521.7333374023438,0.019010424613952637
20260719,detection_plus_resource,86,0.0,0.6580305250535589,0.021656306460499763,0.12139222025871277,0.5333333611488342,0.008849880658090115,180.65333557128906,513.893310546875,0.0036978721618652344
20260719,detection_plus_resource,87,0.0,0.649480668639669,0.021791299805045128,0.12272229790687561,0.5266666412353516,0.00861660111695528,176.54666137695312,506.7066650390625,0.0
20260719,detection_plus_resource,88,0.0,0.6410419013651351,0.022244499996304512,0.12348084151744843,0.5333333611488342,0.009440154768526554,185.5066680908203,522.3866577148438,0.0202864408493042
20260719,detection_plus_resource,89,0.0,0.6327127798376607,0.02171981707215309,0.12272229790687561,0.5333333611488342,0.008611449971795082,177.6666717529297,508.6666564941406,0.0
20260719,detection_plus_resource,90,0.0,0.62449187941909,0.022278305143117905,0.12360266596078873,0.5333333611488342,0.008836223743855953,181.39999389648438,515.2000122070312,0.00625002384185791
20260719,detection_plus_resource,91,0.0,0.6163777939817331,0.022033782675862312,0.12127039581537247,0.5333333611488342,0.009440590627491474,185.13333129882812,521.7333374023438,0.019010424613952637
20260719,detection_plus_resource,92,0.0,0.6083691356678577,0.022771639749407768,0.12272229790687561,0.5066666603088379,0.00846097432076931,169.82666015625,494.9466552734375,0.0
20260719,detection_plus_resource,93,0.0,0.6004645346523059,0.02177288942039013,0.12272229790687561,0.5333333611488342,0.008983926847577095,179.9066619873047,512.586669921875,0.0011458396911621094
20260719,detection_plus_resource,94,0.0,0.592662638908195,0.02211502566933632,0.12258972227573395,0.5266666412353516,0.009081250987946987,181.77333068847656,515.8533325195312,0.007526040077209473
20260719,detection_plus_resource,95,0.0,0.5849621139756629,0.02228332869708538,0.12272229790687561,0.5133333206176758,0.008915235288441181,174.30667114257812,502.7866516113281,0.0
20260719,detection_plus_resource,96,0.0,0.5773616427336179,0.022499484941363335,0.12272229790687561,0.5133333206176758,0.008653889410197735,170.94667053222656,496.90667724609375,0.0
20260719,detection_plus_resource,97,0.0,0.5698599251744542,0.022248275578022003,0.12272229790687561,0.5199999809265137,0.008946121670305729,172.81333923339844,500.17333984375,0.0
20260719,detection_plus_resource,98,0.0,0.562455678181695,0.022248275578022003,0.12272229790687561,0.5199999809265137,0.009139388799667358,173.18666076660156,500.82666015625,0.0
20260719,detection_plus_resource,99,0.0,0.555147635310524,0.0254558976739645,0.13624855875968933,0.4933333396911621,0.008578725159168243,162.36000061035156,481.8800048828125,0.0
20260719,detection_plus_resource,100,0.0,0.5479345465711694,0.024358870461583138,0.1283375322818756,0.4933333396911621,0.00874986033886671,166.83999633789062,489.7200012207031,0.0
20260719,detection_plus_resource,101,0.0,0.5408151782151011,0.024358870461583138,0.1283375322818756,0.4933333396911621,0.008674556389451027,166.46665954589844,489.0666809082031,0.0
20260719,detection_plus_resource,102,0.0,0.5337883125240072,0.025510650128126144,0.13624855875968933,0.4933333396911621,0.008388870395720005,161.6133270263672,480.5733337402344,0.0
20260719,detection_plus_resource,103,0.0,0.5268527476015116,0.025510650128126144,0.13624855875968933,0.4933333396911621,0.008405943401157856,161.6133270263672,480.5733337402344,0.0
20260719,detection_plus_resource,104,0.0,0.520007297167598,0.025510650128126144,0.13624855875968933,0.4933333396911621,0.008489726111292839,161.98666381835938,481.2266540527344,0.0
20260719,detection_plus_resource,105,0.0,0.513250790355705,0.02523769997060299,0.13624855875968933,0.5,0.009205756708979607,162.36000061035156,481.8800048828125,0.0
20260719,detection_plus_resource,106,0.0,0.5065820715124574,0.025182949379086494,0.13624855875968933,0.5,0.009295903146266937,163.10667419433594,483.1866760253906,0.0
20260719,detection_plus_resource,107,0.0,0.5,0.025510650128126144,0.13624855875968933,0.4933333396911621,0.008400837890803814,162.73333740234375,482.5333251953125,0.0
20260719,detection_plus_resource,108,0.0,0.49350345000089935,0.025510650128126144,0.13624855875968933,0.4933333396911621,0.008414102718234062,162.73333740234375,482.5333251953125,0.0
20260719,detection_plus_resource,109,0.0,0.4870913103255803,0.025094255805015564,0.13624855875968933,0.5066666603088379,0.009855534881353378,162.36000061035156,481.8800048828125,0.0
20260719,detection_plus_resource,110,0.0,0.4807624842222651,0.025510650128126144,0.13624855875968933,0.4933333396911621,0.008411112241446972,162.73333740234375,482.5333251953125,0.0
20260719,detection_plus_resource,111,0.0,0.47451588918938153,0.025510650128126144,0.13624855875968933,0.4933333396911621,0.008381688967347145,162.73333740234375,482.5333251953125,0.0
20260719,detection_plus_resource,112,0.0,0.46835045679040843,0.02523769997060299,0.13624855875968933,0.5,0.009091369807720184,162.73333740234375,482.5333251953125,0.0
20260719,detection_plus_resource,113,0.0,0.4622651324711274,0.02523769997060299,0.13624855875968933,0.5,0.009096766822040081,162.73333740234375,482.5333251953125,0.0
20260719,detection_plus_resource,114,0.0,0.4562588753792482,0.02523769997060299,0.13624855875968933,0.5,0.00907741580158472,162.73333740234375,482.5333251953125,0.0
20260719,detection_plus_resource,115,0.0,0.45033065818637874,0.02523769997060299,0.13624855875968933,0.5,0.009080730378627777,162.73333740234375,482.5333251953125,0.0
20260719,detection_plus_resource,116,0.0,0.4444794669123073,0.02522621676325798,0.13624855875968933,0.5,0.009928413666784763,162.73333740234375,482.5333251953125,0.0
20260719,detection_plus_resource,117,0.0,0.43870430075156847,0.02523769997060299,0.13624855875968933,0.5,0.009066024795174599,162.73333740234375,482.5333251953125,0.0
20260719,detection_plus_resource,118,0.0,0.4330041719022623,0.02522621676325798,0.13624855875968933,0.5,0.009922890923917294,162.36000061035156,481.8800048828125,0.0
20260719,detection_plus_resource,119,0.0,0.42737810539709786,0.02523769997060299,0.13624855875968933,0.5,0.009064631536602974,162.36000061035156,481.8800048828125,0.0
20260719,detection_plus_resource,120,0.0,0.42182513893663154,0.02476760931313038,0.13624855875968933,0.5066666603088379,0.010255214758217335,163.85333251953125,484.49334716796875,0.0
20260719,detection_plus_resource,121,0.0,0.4163443227246726,0.02523769997060299,0.13624855875968933,0.5,0.009033285081386566,162.73333740234375,482.5333251953125,0.0
20260719,detection_plus_resource,122,0.0,0.4109347193058275,0.02502802014350891,0.13624855875968933,0.5066666603088379,0.010692400857806206,163.10667419433594,483.1866760253906,0.0
20260719,detection_plus_resource,123,0.0,0.40559540340515404,0.02523769997060299,0.13624855875968933,0.5,0.009031877852976322,162.36000061035156,481.8800048828125,0.0
20260719,detection_plus_resource,124,0.0,0.4003254617699001,0.025510650128126144,0.13624855875968933,0.4933333396911621,0.008280470967292786,162.73333740234375,482.5333251953125,0.0
20260719,detection_plus_resource,125,0.0,0.39512399301329765,0.02522621676325798,0.13624855875968933,0.5,0.009837180376052856,162.73333740234375,482.5333251953125,0.0
20260719,detection_plus_resource,126,0.0,0.38999010746038726,0.02523769997060299,0.13624855875968933,0.5,0.00900340173393488,162.73333740234375,482.5333251953125,0.0
20260719,detection_plus_resource,127,0.0,0.3849229269958451,0.02522621676325798,0.13624855875968933,0.5,0.009834161028265953,162.73333740234375,482.5333251953125,0.0
20260719,detection_plus_resource,128,0.0,0.37992158491378775,0.02462269738316536,0.13523562252521515,0.5,0.009129244834184647,163.47999572753906,483.8399963378906,0.0
20260719,detection_plus_resource,129,0.0,0.37498522576952775,0.024739345535635948,0.13624855875968933,0.5066666603088379,0.009996546432375908,162.73333740234375,482.5333251953125,0.0
20260719,detection_plus_resource,130,0.0,0.3701130052332562,0.02522621676325798,0.13624855875968933,0.5,0.009788000024855137,161.98666381835938,481.2266540527344,0.0
20260719,detection_plus_resource,131,0.0,0.36530408994562563,0.02522621676325798,0.13624855875968933,0.5,0.009799383580684662,161.98666381835938,481.2266540527344,0.0
20260719,detection_plus_resource,132,0.0,0.36055765737521017,0.024377809837460518,0.1350795328617096,0.5066666603088379,0.008853795938193798,165.34666442871094,487.1066589355469,0.0
20260719,detection_plus_resource,133,0.0,0.3558728956778169,0.02533840388059616,0.13624855875968933,0.5,0.008230987004935741,162.36000061035156,481.8800048828125,0.0
20260719,detection_plus_resource,134,0.0,0.3512490035576255,0.021218549460172653,0.1268739104270935,0.5533333420753479,0.010679005645215511,173.18666076660156,500.82666015625,0.0
20260719,detection_plus_resource,135,0.0,0.34668519013013266,0.02533840388059616,0.13624855875968933,0.5,0.008242728188633919,162.36000061035156,481.8800048828125,0.0
20260719,detection_plus_resource,136,0.0,0.3421806747868764,0.024242747575044632,0.1350795328617096,0.5133333206176758,0.009828747250139713,165.72000122070312,487.760009765625,0.0
20260719,detection_plus_resource,137,0.0,0.3377346870619185,0.025053968653082848,0.13624855875968933,0.5066666603088379,0.009697852656245232,161.98666381835938,481.2266540527344,0.0
20260719,detection_plus_resource,138,0.0,0.3333464665000618,0.024242747575044632,0.1350795328617096,0.5133333206176758,0.009820742532610893,164.97332763671875,486.4533386230469,0.0
20260719,detection_plus_resource,139,0.0,0.3290152625267794,0.024766668677330017,0.13523562252521515,0.5,0.008969586342573166,161.98666381835938,481.2266540527344,0.0
20260719,detection_plus_resource,140,0.0,0.32474033431983446,0.024242747575044632,0.1350795328617096,0.5133333206176758,0.009625504724681377,164.97332763671875,486.4533386230469,0.0
20260719,detection_plus_resource,141,0.0,0.32052095068256753,0.023893438279628754,0.1350795328617096,0.5199999809265137,0.009925677441060543,163.10667419433594,483.1866760253906,0.0
20260719,detection_plus_resource,142,0.0,0.31635638991883036,0.023893438279628754,0.1350795328617096,0.5199999809265137,0.009930170141160488,163.10667419433594,483.1866760253906,0.0
20260719,detection_plus_resource,143,0.0,0.312245939709545,0.024105122312903404,0.1350795328617096,0.5133333206176758,0.009518849663436413,164.60000610351562,485.79998779296875,0.0
20260719,detection_plus_resource,144,0.0,0.30818889699086655,0.024711918085813522,0.13523562252521515,0.5,0.00905915442854166,162.73333740234375,482.5333251953125,0.0
20260719,detection_plus_resource,145,0.0,0.30418456783392883,0.023887358605861664,0.1350795328617096,0.5199999809265137,0.010078486986458302,163.85333251953125,484.49334716796875,0.0
20260719,detection_plus_resource,146,0.0,0.30023226732615294,0.023887358605861664,0.1350795328617096,0.5199999809265137,0.010049551725387573,163.85333251953125,484.49334716796875,0.0
20260719,detection_plus_resource,147,0.0,0.29633131945409746,0.02416030503809452,0.1350795328617096,0.5133333206176758,0.009201453067362309,163.47999572753906,483.8399963378906,0.0
20260719,detection_plus_resource,148,0.0,0.29248105698783144,0.02420005388557911,0.1350795328617096,0.5133333206176758,0.00847653765231371,164.22666931152344,485.14666748046875,0.0
20260719,detection_plus_resource,149,0.0,0.2886808213668089,0.024116605520248413,0.1350795328617096,0.5133333206176758,0.00860778521746397,164.60000610351562,485.79998779296875,0.0
20260719,detection_plus_resource,150,0.0,0.2849299625872271,0.02418857254087925,0.1350795328617096,0.5133333206176758,0.009397793561220169,164.22666931152344,485.14666748046875,0.0
20260719,detection_plus_resource,151,0.0,0.2812278390908475,0.024760587140917778,0.13523562252521515,0.5,0.00897907093167305,162.36000061035156,481.8800048828125,0.0
20260719,detection_plus_resource,152,0.0,0.277573817655262,0.023915620520710945,0.1350795328617096,0.5199999809265137,0.011009342968463898,164.22666931152344,485.14666748046875,0.0
20260719,detection_plus_resource,153,0.0,0.2739672732855847,0.024542391300201416,0.13523562252521515,0.5066666603088379,0.010373870842158794,161.98666381835938,481.2266540527344,0.0
20260719,detection_plus_resource,154,0.0,0.2704075891075505,0.024055518209934235,0.1350795328617096,0.5133333206176758,0.010678804479539394,163.10667419433594,483.1866760253906,0.0
20260719,detection_plus_resource,155,0.0,0.2668941562620035,0.024076413363218307,0.1350795328617096,0.5133333206176758,0.010325328446924686,164.60000610351562,485.79998779296875,0.0
20260719,detection_plus_resource,156,0.0,0.26342637380075573,0.02435673400759697,0.1350795328617096,0.5066666603088379,0.009930843487381935,163.47999572753906,483.8399963378906,0.0
20260719,detection_plus_resource,157,0.0,0.260003648583799,0.024788852781057358,0.13523562252521515,0.5,0.009883560240268707,163.10667419433594,483.1866760253906,0.0
20260719,detection_plus_resource,158,0.0,0.25662539517785243,0.02424222230911255,0.1350795328617096,0.5066666603088379,0.0102790966629982,164.60000610351562,485.79998779296875,0.0
20260719,detection_plus_resource,159,0.0,0.2532910357562287,0.024788852781057358,0.13523562252521515,0.5,0.00987054780125618,163.10667419433594,483.1866760253906,0.0
20260719,detection_plus_resource,160,0.0,0.25,0.023990612477064133,0.1350795328617096,0.5133333206176758,0.01068101730197668,165.34666442871094,487.1066589355469,0.0
20260719,full_joint_loss,1,0.001090674400329572,2.0,0.023786885663866997,0.11661507189273834,0.4933333396911621,0.00779904518276453,215.0,574.0,0.12109375
20260719,full_joint_loss,2,0.002601532936096174,1.9740138000035972,0.022997353225946426,0.11575507372617722,0.5066666603088379,0.008146196603775024,215.0,574.0,0.12109375
20260719,full_joint_loss,3,0.004844560623168936,1.9483652413023211,0.02174828201532364,0.11324024200439453,0.5199999809265137,0.008839241228997707,215.0,574.0,0.12109375
20260719,full_joint_loss,4,0.008265824317932102,1.9230499368890603,0.022078197449445724,0.1149597018957138,0.5133333206176758,0.010267368517816067,215.0,574.0,0.12109375
20260719,full_joint_loss,5,0.013452272415161115,1.898063556757526,0.02112683840095997,0.11409303545951843,0.5266666412353516,0.012637738138437271,215.0,574.0,0.12109375
20260719,full_joint_loss,6,0.02071821689605713,1.8734018271616335,0.02250729128718376,0.11725683510303497,0.5066666603088379,0.015190331265330315,215.0,574.0,0.12109375
20260719,full_joint_loss,7,0.029652414321899426,1.8490605298845093,0.023298848420381546,0.12136518955230713,0.5199999809265137,0.01592825911939144,215.0,574.0,0.12109375
20260719,full_joint_loss,8,0.03954528808593749,1.8250355015169928,0.0232906062155962,0.12171933799982071,0.5199999809265137,0.015345784835517406,215.0,574.0,0.12109375
20260719,full_joint_loss,9,0.04946419715881345,1.8013226327455147,0.02175094000995159,0.11601025611162186,0.5199999809265137,0.01368874590843916,215.0,574.0,0.12109375
20260719,full_joint_loss,10,0.058851542472839344,1.777917867649229,0.021779553964734077,0.11601025611162186,0.5199999809265137,0.01243654265999794,215.0,574.0,0.12109375
20260719,full_joint_loss,11,0.06807097434997557,1.7548172030062736,0.022184936329722404,0.11601025611162186,0.5199999809265137,0.012308136560022831,215.0,574.0,0.12109375
20260719,full_joint_loss,12,0.07755040645599362,1.732016687609049,0.022372787818312645,0.11761099845170975,0.5266666412353516,0.012358494102954865,215.0,574.0,0.12109375
20260719,full_joint_loss,13,0.08748206615447995,1.7095124215883912,0.02329234406352043,0.12171933799982071,0.5199999809265137,0.012928305193781853,215.0,574.0,0.12109375
20260719,full_joint_loss,14,0.09782112121582029,1.687300555746526,0.022464649751782417,0.12347163259983063,0.5333333611488342,0.013160793110728264,215.0,574.0,0.12109375
20260719,full_joint_loss,15,0.10791496753692624,1.6653772908986906,0.022562650963664055,0.12347163259983063,0.5266666412353516,0.013209637254476547,215.0,574.0,0.12109375
20260719,full_joint_loss,16,0.11724098205566404,1.6437388772233101,0.023416532203555107,0.12268473953008652,0.5266666412353516,0.0129194725304842,215.0,574.0,0.12109375
20260719,full_joint_loss,17,0.1257191133499145,1.6223816136206164,0.023234277963638306,0.12268473953008652,0.5333333611488342,0.013341620564460754,215.0,574.0,0.12109375
20260719,full_joint_loss,18,0.13359682083129878,1.6013018470796005,0.023034319281578064,0.12171933799982071,0.5333333611488342,0.014381586574018002,215.0,574.0,0.12109375
20260719,full_joint_loss,19,0.1405869150161743,1.5804959720531906,0.02202789857983589,0.11761099845170975,0.5400000214576721,0.015344993211328983,215.0,574.0,0.12109375
20260719,full_joint_loss,20,0.1461235761642456,1.559960429841549,0.02503937855362892,0.1327618509531021,0.5066666603088379,0.009402141906321049,180.27999877929688,513.239990234375,0.002421855926513672
20260719,full_joint_loss,21,0.15006180286407467,1.5396917079833807,0.02836926095187664,0.14527514576911926,0.47333332896232605,0.009932252578437328,159.0,476.0,0.0
20260719,full_joint_loss,22,0.1525453901290893,1.5196863396551512,0.027748756110668182,0.14527514576911926,0.4866666793823242,0.01183022279292345,159.0,476.0,0.0
20260719,full_joint_loss,23,0.15361718654632564,1.4999409030781112,0.027748756110668182,0.14527514576911926,0.4866666793823242,0.012470499612390995,159.0,476.0,0.0
20260719,full_joint_loss,24,0.15413232326507564,1.4804520209330247,0.027748756110668182,0.14527514576911926,0.4866666793823242,0.013263032771646976,159.0,476.0,0.0
20260719,full_joint_loss,25,0.15489964485168456,1.4612163597825027,0.027748756110668182,0.14527514576911926,0.4866666793823242,0.011104961857199669,159.0,476.0,0.0
20260719,full_joint_loss,26,0.15612648963928222,1.442230629500841,0.027748756110668182,0.14527514576911926,0.4866666793823242,0.011104961857199669,159.0,476.0,0.0
20260719,full_joint_loss,27,0.1571976852416992,1.4234915827112675,0.027748756110668182,0.14527514576911926,0.4866666793823242,0.011104961857199669,159.0,476.0,0.0
20260719,full_joint_loss,28,0.15777745723724362,1.404996014230502,0.027748756110668182,0.14527514576911926,0.4866666793823242,0.011104961857199669,159.0,476.0,0.0
20260719,full_joint_loss,29,0.15815291881561278,1.3867407605205309,0.027748756110668182,0.14527514576911926,0.4866666793823242,0.011897495947778225,159.0,476.0,0.0
20260719,full_joint_loss,30,0.1585254192352295,1.3687226991475059,0.027748756110668182,0.14527514576911926,0.4866666793823242,0.011897495947778225,159.0,476.0,0.0
20260719,full_joint_loss,31,0.15961208343505862,1.350938748247674,0.027748756110668182,0.14527514576911926,0.4866666793823242,0.011897495947778225,159.0,476.0,0.0
20260719,full_joint_loss,32,0.16064526081085206,1.333385866000247,0.027748756110668182,0.14527514576911926,0.4866666793823242,0.011104961857199669,159.0,476.0,0.0
20260719,full_joint_loss,33,0.16112197875976564,1.3160610501071175,0.027748756110668182,0.14527514576911926,0.4866666793823242,0.011897495947778225,159.0,476.0,0.0
20260719,full_joint_loss,34,0.1615344047546387,1.2989613372793378,0.027503468096256256,0.14527514576911926,0.4866666793823242,0.012485542334616184,159.0,476.0,0.0
20260719,full_joint_loss,35,0.16167732238769536,1.2820838027302701,0.027503468096256256,0.14527514576911926,0.4866666793823242,0.012485542334616184,159.0,476.0,0.0
20260719,full_joint_loss,36,0.16172624349594122,1.2654255596753214,0.027503468096256256,0.14527514576911926,0.4866666793823242,0.012485542334616184,159.0,476.0,0.0
20260719,full_joint_loss,37,0.16241265535354618,1.24898375883818,0.027503468096256256,0.14527514576911926,0.4866666793823242,0.012485542334616184,159.0,476.0,0.0
20260719,full_joint_loss,38,0.16302664518356327,1.2327555879634662,0.027503468096256256,0.14527514576911926,0.4866666793823242,0.012485542334616184,159.0,476.0,0.0
20260719,full_joint_loss,39,0.1632772326469422,1.2167382713357153,0.027503468096256256,0.14527514576911926,0.4866666793823242,0.012485542334616184,159.0,476.0,0.0
20260719,full_joint_loss,40,0.1638721871376038,1.2009290693046117,0.0272305179387331,0.14527514576911926,0.4933333396911621,0.013200090266764164,159.0,476.0,0.0
20260719,full_joint_loss,41,0.16449541807174684,1.18532527781639,0.0272305179387331,0.14527514576911926,0.4933333396911621,0.013200090266764164,159.0,476.0,0.0
20260719,full_joint_loss,42,0.16467638254165648,1.1699242279513258,0.027503468096256256,0.14527514576911926,0.4866666793823242,0.011693009175360203,159.0,476.0,0.0
20260719,full_joint_loss,43,0.16469482421874998,1.1547232854672358,0.0272305179387331,0.14527514576911926,0.4933333396911621,0.013200090266764164,159.0,476.0,0.0
20260719,full_joint_loss,44,0.16489844799041745,1.1397198503489083,0.027219031006097794,0.14527514576911926,0.4933333396911621,0.01322940643876791,159.0,476.0,0.0
20260719,full_joint_loss,45,0.16567281246185298,1.12491135636339,0.0272305179387331,0.14527514576911926,0.4933333396911621,0.011767279356718063,159.0,476.0,0.0
20260719,full_joint_loss,46,0.1665428161621093,1.110295270621048,0.0272305179387331,0.14527514576911926,0.4933333396911621,0.011767279356718063,159.0,476.0,0.0
20260719,full_joint_loss,47,0.1667072916030883,1.0958690931423387,0.027219031006097794,0.14527514576911926,0.4933333396911621,0.013381662778556347,159.0,476.0,0.0
20260719,full_joint_loss,48,0.16695316791534417,1.0816303564302021,0.027219031006097794,0.14527514576911926,0.4933333396911621,0.01482024323195219,159.0,476.0,0.0
20260719,full_joint_loss,49,0.168058009147644,1.0675766250480143,0.0272305179387331,0.14527514576911926,0.4933333396911621,0.011767279356718063,159.0,476.0,0.0
20260719,full_joint_loss,50,0.1684663844108581,1.0537054952030231,0.027748756110668182,0.14527514576911926,0.4866666793823242,0.01046468410640955,159.0,476.0,0.0
20260719,full_joint_loss,51,0.16856210231781,1.040014594335196,0.0272305179387331,0.14527514576911926,0.4933333396911621,0.013998393900692463,159.0,476.0,0.0
20260719,full_joint_loss,52,0.1686903524398803,1.02650158071141,0.0272305179387331,0.14527514576911926,0.4933333396911621,0.013998393900692463,159.0,476.0,0.0
20260719,full_joint_loss,53,0.16925778150558463,1.0131641430249148,0.027173608541488647,0.14527514576911926,0.5,0.01199281308799982,159.74667358398438,477.3066711425781,0.0
20260719,full_joint_loss,54,0.17033289670944204,1.0,0.027430381625890732,0.14527514576911926,0.5,0.010485641658306122,159.74667358398438,477.3066711425781,0.0
20260719,full_joint_loss,55,0.17087888002395618,0.9870069000017987,0.027185093611478806,0.14527514576911926,0.5,0.011092287488281727,159.74667358398438,477.3066711425781,0.0
20260719,full_joint_loss,56,0.1705344200134276,0.9741826206511606,0.027173608541488647,0.14527514576911926,0.5,0.013578547164797783,159.74667358398438,477.3066711425781,0.0
20260719,full_joint_loss,57,0.17044318675994863,0.9615249684445302,0.027173608541488647,0.14527514576911926,0.5,0.013544316403567791,159.74667358398438,477.3066711425781,0.0
20260719,full_joint_loss,58,0.1715900087356566,0.949031778378763,0.027185093611478806,0.14527514576911926,0.5,0.01109372079372406,159.74667358398438,477.3066711425781,0.0
20260719,full_joint_loss,59,0.1721629238128661,0.9367009135808169,0.027185093611478806,0.14527514576911926,0.5,0.01105025690048933,159.74667358398438,477.3066711425781,0.0
20260719,full_joint_loss,60,0.17191534280776968,0.9245302649422548,0.027185093611478806,0.14527514576911926,0.5,0.0110909603536129,159.74667358398438,477.3066711425781,0.0
20260719,full_joint_loss,61,0.17098135709762563,0.9125177507584963,0.027144670486450195,0.14527514576911926,0.5,0.01421618927270174,159.74667358398438,477.3066711425781,0.0
20260719,full_joint_loss,62,0.170796353816986,0.9006613163727574,0.027173608541488647,0.14527514576911926,0.5,0.011944209225475788,159.74667358398438,477.3066711425781,0.0
20260719,full_joint_loss,63,0.17190068006515496,0.8889589338246144,0.026102285832166672,0.14004959166049957,0.5066666603088379,0.01103368028998375,160.1199951171875,477.9599914550781,0.0
20260719,full_joint_loss,64,0.1727884173393249,0.8774086015031368,0.027430381625890732,0.14527514576911926,0.5,0.010436954908072948,159.74667358398438,477.3066711425781,0.0
20260719,full_joint_loss,65,0.17181244134902948,0.8660083438045245,0.027185093611478806,0.14527514576911926,0.5,0.011053400114178658,159.74667358398438,477.3066711425781,0.0
20260719,full_joint_loss,66,0.17103412866592402,0.8547562107941956,0.02606024406850338,0.14004959166049957,0.5066666603088379,0.017091723158955574,160.1199951171875,477.9599914550781,0.0
20260719,full_joint_loss,67,0.17166562795639032,0.8436502778732629,0.025998488068580627,0.14004959166049957,0.5066666603088379,0.011253952980041504,160.4933319091797,478.61334228515625,0.0
20260719,full_joint_loss,68,0.1720196080207824,0.8326886454493452,0.026347573846578598,0.14004959166049957,0.5066666603088379,0.0103567810729146,160.1199951171875,477.9599914550781,0.0
20260719,full_joint_loss,69,0.17176213741302485,0.8218694386116551,0.026102285832166672,0.14004959166049957,0.5066666603088379,0.01099003478884697,160.1199951171875,477.9599914550781,0.0
20260719,full_joint_loss,70,0.171180989742279,0.8111908068103082,0.026090800762176514,0.14004959166049957,0.5066666603088379,0.013215663842856884,160.1199951171875,477.9599914550781,0.0
20260719,full_joint_loss,71,0.17062061309814447,0.8006509235398003,0.02598700486123562,0.14004959166049957,0.5066666603088379,0.014278301037847996,160.4933319091797,478.61334228515625,0.0
20260719,full_joint_loss,72,0.17162784099578848,0.7902479860265953,0.025943737477064133,0.14004959166049957,0.5066666603088379,0.011456849984824657,160.86666870117188,479.26666259765625,0.0
20260719,full_joint_loss,73,0.17188992977142326,0.7799802149207745,0.026102285832166672,0.14004959166049957,0.5066666603088379,0.01094746682792902,160.1199951171875,477.9599914550781,0.0
20260719,full_joint_loss,74,0.17044016122817984,0.7698458539916904,0.026102285832166672,0.14004959166049957,0.5066666603088379,0.01100197434425354,160.1199951171875,477.9599914550781,0.0
20260719,full_joint_loss,75,0.17000223636627187,0.7598431698275756,0.02587275765836239,0.14004959166049957,0.5066666603088379,0.018342621624469757,160.86666870117188,479.26666259765625,0.0
20260719,full_joint_loss,76,0.1706248927116393,0.7499704515390556,0.025998488068580627,0.14004959166049957,0.5066666603088379,0.011232670396566391,160.4933319091797,478.61334228515625,0.0
20260719,full_joint_loss,77,0.16942179441452018,0.7402260104665124,0.026347573846578598,0.14004959166049957,0.5066666603088379,0.010354369878768921,160.1199951171875,477.9599914550781,0.0
20260719,full_joint_loss,78,0.1679434967041015,0.7306081798912514,0.02598700486123562,0.14004959166049957,0.5066666603088379,0.01210488099604845,160.4933319091797,478.61334228515625,0.0
20260719,full_joint_loss,79,0.1683038926124572,0.7211153147504205,0.025932254269719124,0.14004959166049957,0.5066666603088379,0.0137267354875803,160.86666870117188,479.26666259765625,0.0
20260719,full_joint_loss,80,0.16854284763336175,0.7117457913556338,0.025998488068580627,0.14004959166049957,0.5066666603088379,0.01118507981300354,160.4933319091797,478.61334228515625,0.0
20260719,full_joint_loss,81,0.16692565917968744,0.702498007115251,0.026102285832166672,0.14004959166049957,0.5066666603088379,0.010921197012066841,160.1199951171875,477.9599914550781,0.0
20260719,full_joint_loss,82,0.16598913669586177,0.6933703802602654,0.025903314352035522,0.14004959166049957,0.5066666603088379,0.01447350811213255,160.86666870117188,479.26666259765625,0.0
20260719,full_joint_loss,83,0.16628697156906122,0.6843613495737529,0.02598700486123562,0.14004959166049957,0.5066666603088379,0.012573800049722195,160.4933319091797,478.61334228515625,0.0
20260719,full_joint_loss,84,0.16471928119659418,0.6754693741238371,0.026090800762176514,0.14004959166049957,0.5066666603088379,0.011767685413360596,160.1199951171875,477.9599914550781,0.0
20260719,full_joint_loss,85,0.1637140297889709,0.6666929330001236,0.025932254269719124,0.14004959166049957,0.5066666603088379,0.01226003933697939,160.86666870117188,479.26666259765625,0.0
20260719,full_joint_loss,86,0.1640730762481689,0.6580305250535589,0.025932254269719124,0.14004959166049957,0.5066666603088379,0.012229056097567081,160.86666870117188,479.26666259765625,0.0
20260719,full_joint_loss,87,0.16283126354217523,0.649480668639669,0.02598700486123562,0.14004959166049957,0.5066666603088379,0.011918778531253338,160.4933319091797,478.61334228515625,0.0
20260719,full_joint_loss,88,0.16143738269805902,0.6410419013651351,0.02590169943869114,0.14004959166049957,0.5066666603088379,0.015202865935862064,160.86666870117188,479.26666259765625,0.0
20260719,full_joint_loss,89,0.16108609914779656,0.6327127798376607,0.025932254269719124,0.14004959166049957,0.5066666603088379,0.012194626964628696,160.86666870117188,479.26666259765625,0.0
20260719,full_joint_loss,90,0.15973252534866325,0.62449187941909,0.02598700486123562,0.14004959166049957,0.5066666603088379,0.011910329572856426,160.4933319091797,478.61334228515625,0.0
20260719,full_joint_loss,91,0.15819696664810173,0.6163777939817331,0.02590169943869114,0.14004959166049957,0.5066666603088379,0.013018776662647724,160.86666870117188,479.26666259765625,0.0
20260719,full_joint_loss,92,0.15787135839462274,0.6083691356678577,0.025932254269719124,0.14004959166049957,0.5066666603088379,0.013546540401875973,160.86666870117188,479.26666259765625,0.0
20260719,full_joint_loss,93,0.1567899370193481,0.6004645346523059,0.026243776082992554,0.14004959166049957,0.5066666603088379,0.010466325096786022,160.4933319091797,478.61334228515625,0.0
20260719,full_joint_loss,94,0.15518564701080317,0.592662638908195,0.026232291013002396,0.14004959166049957,0.5066666603088379,0.011340931989252567,160.4933319091797,478.61334228515625,0.0
20260719,full_joint_loss,95,0.15435246706008907,0.5849621139756629,0.026232291013002396,0.14004959166049957,0.5066666603088379,0.011349462904036045,160.4933319091797,478.61334228515625,0.0
20260719,full_joint_loss,96,0.1531008958816528,0.5773616427336179,0.026232291013002396,0.14004959166049957,0.5066666603088379,0.011304028332233429,160.4933319091797,478.61334228515625,0.0
20260719,full_joint_loss,97,0.15103918790817258,0.5698599251744542,0.026232291013002396,0.14004959166049957,0.5066666603088379,0.011296547949314117,160.4933319091797,478.61334228515625,0.0
20260719,full_joint_loss,98,0.15017435073852536,0.562455678181695,0.025932254269719124,0.14004959166049957,0.5066666603088379,0.012928412295877934,160.86666870117188,479.26666259765625,0.0
20260719,full_joint_loss,99,0.14940614938735958,0.555147635310524,0.026232291013002396,0.14004959166049957,0.5066666603088379,0.01206241175532341,160.4933319091797,478.61334228515625,0.0
20260719,full_joint_loss,100,0.14752931833267208,0.5479345465711694,0.02633608877658844,0.14004959166049957,0.5066666603088379,0.011883453465998173,160.1199951171875,477.9599914550781,0.0
20260719,full_joint_loss,101,0.14473354578018183,0.5408151782151011,0.02598700486123562,0.14004959166049957,0.5066666603088379,0.014134651981294155,160.4933319091797,478.61334228515625,0.0
20260719,full_joint_loss,102,0.14400915861129754,0.5337883125240072,0.02590169943869114,0.14004959166049957,0.5066666603088379,0.015177402645349503,160.86666870117188,479.26666259765625,0.0
20260719,full_joint_loss,103,0.14274004459381096,0.5268527476015116,0.026232291013002396,0.14004959166049957,0.5066666603088379,0.011263357475399971,160.4933319091797,478.61334228515625,0.0
20260719,full_joint_loss,104,0.1401138472557067,0.520007297167598,0.026232291013002396,0.14004959166049957,0.5066666603088379,0.01188230887055397,160.4933319091797,478.61334228515625,0.0
20260719,full_joint_loss,105,0.13846559047698964,0.513250790355705,0.026177000254392624,0.14004959166049957,0.5066666603088379,0.015174364671111107,160.4933319091797,478.61334228515625,0.0
20260719,full_joint_loss,106,0.1363645863533019,0.5065820715124574,0.026201734319329262,0.14004959166049957,0.5066666603088379,0.012117446400225163,160.4933319091797,478.61334228515625,0.0
20260719,full_joint_loss,107,0.1349333357810973,0.5,0.0261775404214859,0.14004959166049957,0.5066666603088379,0.012041483074426651,160.86666870117188,479.26666259765625,0.0
20260719,full_joint_loss,108,0.13254427194595328,0.49350345000089935,0.02633608877658844,0.14004959166049957,0.5066666603088379,0.011620269156992435,160.1199951171875,477.9599914550781,0.0
20260719,full_joint_loss,109,0.13042662620544423,0.4870913103255803,0.025684330612421036,0.14004959166049957,0.5199999809265137,0.016739830374717712,161.98666381835938,481.2266540527344,0.0
20260719,full_joint_loss,110,0.13002950191497795,0.4807624842222651,0.026243776082992554,0.14004959166049957,0.5066666603088379,0.011767417192459106,160.4933319091797,478.61334228515625,0.0
20260719,full_joint_loss,111,0.12708783864974968,0.47451588918938153,0.026243776082992554,0.14004959166049957,0.5066666603088379,0.010926869697868824,160.4933319091797,478.61334228515625,0.0
20260719,full_joint_loss,112,0.12536312580108636,0.46835045679040843,0.025706304237246513,0.14004959166049957,0.5133333206176758,0.015216312371194363,161.39999389648438,480.20001220703125,0.0
20260719,full_joint_loss,113,0.1229622817039489,0.4622651324711274,0.026305532082915306,0.14004959166049957,0.5066666603088379,0.014196901582181454,160.1199951171875,477.9599914550781,0.0
20260719,full_joint_loss,114,0.12061943292617791,0.4562588753792482,0.02573908120393753,0.14004959166049957,0.5199999809265137,0.015624012798070908,161.77333068847656,480.85333251953125,0.0
20260719,full_joint_loss,115,0.11834558963775627,0.45033065818637874,0.026201734319329262,0.14004959166049957,0.5066666603088379,0.013422193937003613,160.4933319091797,478.61334228515625,0.0
20260719,full_joint_loss,116,0.11570432901382438,0.4444794669123073,0.026201734319329262,0.14004959166049957,0.5066666603088379,0.013450512662529945,160.4933319091797,478.61334228515625,0.0
20260719,full_joint_loss,117,0.11352171897888176,0.43870430075156847,0.025769615545868874,0.14004959166049957,0.5133333206176758,0.013455269858241081,161.02667236328125,479.5466613769531,0.0
20260719,full_joint_loss,118,0.11239137411117547,0.4330041719022623,0.026201734319329262,0.14004959166049957,0.5066666603088379,0.013246024027466774,160.65333557128906,478.8933410644531,0.0
20260719,full_joint_loss,119,0.10867781639099114,0.42737810539709786,0.026305532082915306,0.14004959166049957,0.5066666603088379,0.013875315897166729,160.27999877929688,478.239990234375,0.0
20260719,full_joint_loss,120,0.10703754186630243,0.42182513893663154,0.025684330612421036,0.14004959166049957,0.5199999809265137,0.01557991374284029,162.14666748046875,481.50665283203125,0.0
20260719,full_joint_loss,121,0.10539752960205073,0.4163443227246726,0.02633608877658844,0.14004959166049957,0.5066666603088379,0.01224242988973856,160.27999877929688,478.239990234375,0.0
20260719,full_joint_loss,122,0.10194695472717281,0.4109347193058275,0.026201734319329262,0.14004959166049957,0.5066666603088379,0.01324868481606245,160.65333557128906,478.8933410644531,0.0
20260719,full_joint_loss,123,0.09998382091522214,0.40559540340515404,0.026201734319329262,0.14004959166049957,0.5066666603088379,0.013321406207978725,160.65333557128906,478.8933410644531,0.0
20260719,full_joint_loss,124,0.09719412088394162,0.4003254617699001,0.026305532082915306,0.14004959166049957,0.5066666603088379,0.013086901977658272,160.27999877929688,478.239990234375,0.0
20260719,full_joint_loss,125,0.0950607633590698,0.39512399301329765,0.026201734319329262,0.14004959166049957,0.5066666603088379,0.013300762511789799,160.65333557128906,478.8933410644531,0.0
20260719,full_joint_loss,126,0.09239903450012205,0.38999010746038726,0.02633608877658844,0.14004959166049957,0.5066666603088379,0.012286989018321037,160.27999877929688,478.239990234375,0.0
20260719,full_joint_loss,127,0.08931166172027585,0.3849229269958451,0.026232291013002396,0.14004959166049957,0.5066666603088379,0.0134190134704113,160.65333557128906,478.8933410644531,0.0
20260719,full_joint_loss,128,0.08596667289733884,0.37992158491378775,0.026232291013002396,0.14004959166049957,0.5066666603088379,0.013233572244644165,160.65333557128906,478.8933410644531,0.0
20260719,full_joint_loss,129,0.08509952783584591,0.37498522576952775,0.025320367887616158,0.14004959166049957,0.5199999809265137,0.0130371805280447,162.52000427246094,482.1600036621094,0.0
20260719,full_joint_loss,130,0.08277870655059812,0.3701130052332562,0.027418896555900574,0.14527514576911926,0.5,0.011492514982819557,159.9066619873047,477.586669921875,0.0
20260719,full_joint_loss,131,0.07897444963455198,0.36530408994562563,0.026305532082915306,0.14004959166049957,0.5066666603088379,0.013118371367454529,160.27999877929688,478.239990234375,0.0
20260719,full_joint_loss,132,0.07858931779861449,0.36055765737521017,0.026201734319329262,0.14004959166049957,0.5066666603088379,0.015099424868822098,160.65333557128906,478.8933410644531,0.0
20260719,full_joint_loss,133,0.07362704038619994,0.3558728956778169,0.02738833986222744,0.14527514576911926,0.5,0.01409078761935234,159.9066619873047,477.586669921875,0.0
20260719,full_joint_loss,134,0.0717582845687866,0.3512490035576255,0.026183003559708595,0.14004959166049957,0.5066666603088379,0.018084147945046425,160.65333557128906,478.8933410644531,0.0
20260719,full_joint_loss,135,0.06980567693710327,0.34668519013013266,0.02633608877658844,0.14004959166049957,0.5066666603088379,0.011445299722254276,160.27999877929688,478.239990234375,0.0
20260719,full_joint_loss,136,0.06683263301849365,0.3421806747868764,0.026232291013002396,0.14004959166049957,0.5066666603088379,0.011589937843382359,160.65333557128906,478.8933410644531,0.0
20260719,full_joint_loss,137,0.06423640251159668,0.3377346870619185,0.026232291013002396,0.14004959166049957,0.5066666603088379,0.012449814938008785,160.65333557128906,478.8933410644531,0.0
20260719,full_joint_loss,138,0.06226980447769166,0.3333464665000618,0.024824341759085655,0.13624855875968933,0.5133333206176758,0.014175890013575554,162.52000427246094,482.1600036621094,0.0
20260719,full_joint_loss,139,0.06093134880065918,0.3290152625267794,0.026232291013002396,0.14004959166049957,0.5066666603088379,0.011679007671773434,160.65333557128906,478.8933410644531,0.0
20260719,full_joint_loss,140,0.05836938142776489,0.32474033431983446,0.026232291013002396,0.14004959166049957,0.5066666603088379,0.0116748521104455,160.65333557128906,478.8933410644531,0.0
20260719,full_joint_loss,141,0.05709008693695068,0.32052095068256753,0.026232291013002396,0.14004959166049957,0.5066666603088379,0.011860779486596584,160.65333557128906,478.8933410644531,0.0
20260719,full_joint_loss,142,0.05418820381164551,0.31635638991883036,0.025304144248366356,0.13624855875968933,0.5066666603088379,0.012620472349226475,161.02667236328125,479.5466613769531,0.0
20260719,full_joint_loss,143,0.05310312747955322,0.312245939709545,0.025304144248366356,0.13624855875968933,0.5066666603088379,0.01253548264503479,161.02667236328125,479.5466613769531,0.0
20260719,full_joint_loss,144,0.05019623041152954,0.30818889699086655,0.025315627455711365,0.13624855875968933,0.5066666603088379,0.01168946735560894,161.02667236328125,479.5466613769531,0.0
20260719,full_joint_loss,145,0.0481639289855957,0.30418456783392883,0.024604404345154762,0.13624855875968933,0.5133333206176758,0.013262374326586723,162.89332580566406,482.8133239746094,0.0
20260719,full_joint_loss,146,0.04596876859664916,0.30023226732615294,0.025304144248366356,0.13624855875968933,0.5066666603088379,0.012756072916090488,161.02667236328125,479.5466613769531,0.0
20260719,full_joint_loss,147,0.04407793760299681,0.29633131945409746,0.025304144248366356,0.13624855875968933,0.5066666603088379,0.01182975247502327,161.02667236328125,479.5466613769531,0.0
20260719,full_joint_loss,148,0.04151396989822387,0.29248105698783144,0.025304144248366356,0.13624855875968933,0.5066666603088379,0.011803015135228634,161.02667236328125,479.5466613769531,0.0
20260719,full_joint_loss,149,0.039112784862518304,0.2886808213668089,0.025304144248366356,0.13624855875968933,0.5066666603088379,0.011810154654085636,161.02667236328125,479.5466613769531,0.0
20260719,full_joint_loss,150,0.03759455680847168,0.2849299625872271,0.02527358941733837,0.13624855875968933,0.5066666603088379,0.012613028287887573,161.02667236328125,479.5466613769531,0.0
20260719,full_joint_loss,151,0.035062179565429695,0.2812278390908475,0.025304144248366356,0.13624855875968933,0.5066666603088379,0.011798844672739506,161.02667236328125,479.5466613769531,0.0
20260719,full_joint_loss,152,0.032458283901214614,0.277573817655262,0.025304144248366356,0.13624855875968933,0.5066666603088379,0.011760332621634007,161.02667236328125,479.5466613769531,0.0
20260719,full_joint_loss,153,0.03016027688980103,0.2739672732855847,0.025304144248366356,0.13624855875968933,0.5066666603088379,0.011819761246442795,161.02667236328125,479.5466613769531,0.0
20260719,full_joint_loss,154,0.027689521312713627,0.2704075891075505,0.02527358941733837,0.13624855875968933,0.5066666603088379,0.012630850076675415,161.02667236328125,479.5466613769531,0.0
20260719,full_joint_loss,155,0.02521417379379274,0.2668941562620035,0.024796299636363983,0.13624855875968933,0.5133333206176758,0.014155532233417034,164.75999450683594,486.0799865722656,0.0
20260719,full_joint_loss,156,0.02379403829574587,0.26342637380075573,0.025304144248366356,0.13624855875968933,0.5066666603088379,0.011978162452578545,161.02667236328125,479.5466613769531,0.0
20260719,full_joint_loss,157,0.021110899448394796,0.260003648583799,0.024380993098020554,0.13624855875968933,0.5199999809265137,0.013591734692454338,163.26666259765625,483.4666748046875,0.0
20260719,full_joint_loss,158,0.01999673366546633,0.25662539517785243,0.025304144248366356,0.13624855875968933,0.5066666603088379,0.012754246592521667,161.39999389648438,480.20001220703125,0.0
20260719,full_joint_loss,159,0.0176133179664612,0.2532910357562287,0.02567727118730545,0.13624855875968933,0.4933333396911621,0.011667787097394466,161.77333068847656,480.85333251953125,0.0
20260719,full_joint_loss,160,0.015933296680450452,0.25,0.022309711202979088,0.12916971743106842,0.5400000214576721,0.014149758033454418,168.1199951171875,491.9599914550781,0.0
20260720,detection_only,1,0.0,2.0,0.022563450038433075,0.11461873352527618,0.5066666603088379,0.007826966233551502,215.0,574.0,0.12109375
20260720,detection_only,2,0.0,1.9740138000035972,0.022633876651525497,0.11436081677675247,0.5066666603088379,0.008277914486825466,215.0,574.0,0.12109375
20260720,detection_only,3,0.0,1.9483652413023211,0.022917503491044044,0.11507541686296463,0.5066666603088379,0.009084329940378666,215.0,574.0,0.12109375
20260720,detection_only,4,0.0,1.9230499368890603,0.021453190594911575,0.112123042345047,0.5133333206176758,0.010455873794853687,215.0,574.0,0.12109375
20260720,detection_only,5,0.0,1.898063556757526,0.021855682134628296,0.11334416270256042,0.5199999809265137,0.011625141836702824,215.0,574.0,0.12109375
20260720,detection_only,6,0.0,1.8734018271616335,0.021749353036284447,0.11334416270256042,0.5266666412353516,0.011746056377887726,215.0,574.0,0.12109375
20260720,detection_only,7,0.0,1.8490605298845093,0.021853609010577202,0.11601025611162186,0.5266666412353516,0.010952320881187916,215.0,574.0,0.12109375
20260720,detection_only,8,0.0,1.8250355015169928,0.021326959133148193,0.11601025611162186,0.5400000214576721,0.010467053391039371,215.0,574.0,0.12109375
20260720,detection_only,9,0.0,1.8013226327455147,0.0206300001591444,0.11334416270256042,0.54666668176651,0.010044262744486332,215.0,574.0,0.12109375
20260720,detection_only,10,0.0,1.777917867649229,0.020890042185783386,0.11334416270256042,0.5400000214576721,0.009903151541948318,215.0,574.0,0.12109375
20260720,detection_only,11,0.0,1.7548172030062736,0.02084817923605442,0.11334416270256042,0.5400000214576721,0.009929705411195755,215.0,574.0,0.12109375
20260720,detection_only,12,0.0,1.732016687609049,0.020878450945019722,0.11334416270256042,0.5400000214576721,0.01006809901446104,215.0,574.0,0.12109375
20260720,detection_only,13,0.0,1.7095124215883912,0.021099023520946503,0.11334416270256042,0.5333333611488342,0.010045523755252361,215.0,574.0,0.12109375
20260720,detection_only,14,0.0,1.687300555746526,0.021127847954630852,0.11334416270256042,0.5333333611488342,0.009546949528157711,215.0,574.0,0.12109375
20260720,detection_only,15,0.0,1.6653772908986906,0.021870270371437073,0.11334416270256042,0.5133333206176758,0.009256252087652683,214.25332641601562,572.693359375,0.11854171752929688
20260720,detection_only,16,0.0,1.6437388772233101,0.022058594971895218,0.11591263115406036,0.5133333206176758,0.009124960750341415,213.13333129882812,570.7333374023438,0.11471354961395264
20260720,detection_only,17,0.0,1.6223816136206164,0.021710243076086044,0.11334416270256042,0.5199999809265137,0.008938383311033249,212.3866729736328,569.4266967773438,0.11216151714324951
20260720,detection_only,18,0.0,1.6013018470796005,0.021930309012532234,0.11565609276294708,0.5199999809265137,0.009090964682400227,211.63999938964844,568.1199951171875,0.10960936546325684
20260720,detection_only,19,0.0,1.5804959720531906,0.022054722532629967,0.11565609276294708,0.5133333206176758,0.008755957707762718,209.77333068847656,564.8533325195312,0.10322916507720947
20260720,detection_only,20,0.0,1.559960429841549,0.02110954001545906,0.11565609276294708,0.5333333611488342,0.00886163953691721,208.27999877929688,562.239990234375,0.09812498092651367
20260720,detection_only,21,0.0,1.5396917079833807,0.022020021453499794,0.12009245902299881,0.5400000214576721,0.00905129685997963,207.16000366210938,560.280029296875,0.09429693222045898
20260720,detection_only,22,0.0,1.5196863396551512,0.021537574008107185,0.11849171668291092,0.5400000214576721,0.008779916912317276,205.6666717529297,557.6666870117188,0.08919274806976318
20260720,detection_only,23,0.0,1.4999409030781112,0.02198658138513565,0.11849171668291092,0.5333333611488342,0.009011885151267052,205.6666717529297,557.6666870117188,0.08919274806976318
20260720,detection_only,24,0.0,1.4804520209330247,0.02233833260834217,0.11849171668291092,0.5266666412353516,0.009062251076102257,205.2933349609375,557.0133056640625,0.08791661262512207
20260720,detection_only,25,0.0,1.4612163597825027,0.022857706993818283,0.12009245902299881,0.5266666412353516,0.009180971421301365,204.9199981689453,556.3599853515625,0.08664059638977051
20260720,detection_only,26,0.0,1.442230629500841,0.023223664611577988,0.12142253667116165,0.5266666412353516,0.009426645003259182,204.17333984375,555.0533447265625,0.08408856391906738
20260720,detection_only,27,0.0,1.4234915827112675,0.024719862267374992,0.12677016854286194,0.5133333206176758,0.009354908019304276,202.67999267578125,552.4400024414062,0.07898437976837158
20260720,detection_only,28,0.0,1.404996014230502,0.02404017187654972,0.12545061111450195,0.5199999809265137,0.009818142279982567,202.30667114257812,551.7866821289062,0.07770836353302002
20260720,detection_only,29,0.0,1.3867407605205309,0.023657474666833878,0.12545061111450195,0.5266666412353516,0.0094241201877594,198.1999969482422,544.5999755859375,0.06367182731628418
20260720,detection_only,30,0.0,1.3687226991475059,0.02367597259581089,0.12545061111450195,0.5266666412353516,0.009636667557060719,198.1999969482422,544.5999755859375,0.06367182731628418
20260720,detection_only,31,0.0,1.350938748247674,0.02305021323263645,0.12381312251091003,0.5266666412353516,0.010061250068247318,197.0800018310547,542.6400146484375,0.05984377861022949
20260720,detection_only,32,0.0,1.333385866000247,0.024277789518237114,0.12557265162467957,0.5266666412353516,0.010022079572081566,195.586669921875,540.0266723632812,0.05473959445953369
20260720,detection_only,33,0.0,1.3160610501071175,0.024819592013955116,0.12653784453868866,0.5199999809265137,0.00997583381831646,194.46665954589844,538.066650390625,0.05091142654418945
20260720,detection_only,34,0.0,1.2989613372793378,0.023523878306150436,0.1247890442609787,0.5266666412353516,0.010677352547645569,199.32000732421875,546.5599975585938,0.06749999523162842
20260720,detection_only,35,0.0,1.2820838027302701,0.024826830253005028,0.13144251704216003,0.5333333611488342,0.009915677830576897,188.4933319091797,527.6133422851562,0.0304948091506958
20260720,detection_only,36,0.0,1.2654255596753214,0.02539234235882759,0.13240769505500793,0.5266666412353516,0.010023537091910839,188.1199951171875,526.9600219726562,0.02921879291534424
20260720,detection_only,37,0.0,1.24898375883818,0.025274930521845818,0.1327618509531021,0.5333333611488342,0.010088437236845493,190.73333740234375,531.5333251953125,0.03815102577209473
20260720,detection_only,38,0.0,1.2327555879634662,0.0252974946051836,0.1327618509531021,0.5333333611488342,0.01039891317486763,189.98666381835938,530.2266845703125,0.0355989933013916
20260720,detection_only,39,0.0,1.2167382713357153,0.025010770186781883,0.13144251704216003,0.5199999809265137,0.009535164572298527,183.63999938964844,519.1199951171875,0.013906240463256836
20260720,detection_only,40,0.0,1.2009290693046117,0.02515055611729622,0.1327618509531021,0.5266666412353516,0.010662585496902466,187.74667358398438,526.306640625,0.027942657470703125
20260720,detection_only,41,0.0,1.18532527781639,0.024876872077584267,0.1327618509531021,0.5,0.009166671894490719,169.45333862304688,494.2933349609375,0.0
20260720,detection_only,42,0.0,1.1699242279513258,0.02565554529428482,0.1327618509531021,0.5133333206176758,0.00932287983596325,179.9066619873047,512.586669921875,0.0011458396911621094
20260720,detection_only,43,0.0,1.1547232854672358,0.025444181635975838,0.1327618509531021,0.5266666412353516,0.010974286124110222,188.1199951171875,526.9600219726562,0.02921879291534424
20260720,detection_only,44,0.0,1.1397198503489083,0.02677874267101288,0.13736413419246674,0.47999998927116394,0.009056858718395233,163.10667419433594,483.1866760253906,0.0
20260720,detection_only,45,0.0,1.12491135636339,0.0260413009673357,0.1360190510749817,0.5133333206176758,0.009722749702632427,181.39999389648438,515.2000122070312,0.00625002384185791
20260720,detection_only,46,0.0,1.110295270621048,0.02624955028295517,0.1336051970720291,0.5066666603088379,0.010101149789988995,182.89332580566406,517.8133544921875,0.011354207992553711
20260720,detection_only,47,0.0,1.0958690931423387,0.02747616171836853,0.14527514576911926,0.4866666793823242,0.009095114655792713,159.3733367919922,476.6533203125,0.0
20260720,detection_only,48,0.0,1.0816303564302021,0.023987608030438423,0.1327618509531021,0.5266666412353516,0.009895252995193005,172.44000244140625,499.5199890136719,0.0
20260720,detection_only,49,0.0,1.0675766250480143,0.025639131665229797,0.1360190510749817,0.5133333206176758,0.009379071183502674,177.2933349609375,508.0133361816406,0.0
20260720,detection_only,50,0.0,1.0537054952030231,0.027752157300710678,0.14527514576911926,0.47999998927116394,0.009091490879654884,159.74667358398438,477.3066711425781,0.0
20260720,detection_only,51,0.0,1.040014594335196,0.02568434365093708,0.1336051970720291,0.4933333396911621,0.009861008264124393,167.9600067138672,491.67999267578125,0.0
20260720,detection_only,52,0.0,1.02650158071141,0.027549177408218384,0.1405244916677475,0.47999998927116394,0.009784962981939316,161.98666381835938,481.2266540527344,0.0
20260720,detection_only,53,0.0,1.0131641430249148,0.027748756110668182,0.14527514576911926,0.4866666793823242,0.00977267138659954,159.0,476.0,0.0
20260720,detection_only,54,0.0,1.0,0.024049943313002586,0.1327618509531021,0.5266666412353516,0.010023443959653378,173.93333435058594,502.1333312988281,0.0
20260720,detection_only,55,0.0,0.9870069000017987,0.02747616171836853,0.14527514576911926,0.4866666793823242,0.009094538167119026,159.3733367919922,476.6533203125,0.0
20260720,detection_only,56,0.0,0.9741826206511606,0.027692623436450958,0.1405244916677475,0.47333332896232605,0.009097432717680931,161.98666381835938,481.2266540527344,0.0
20260720,detection_only,57,0.0,0.9615249684445302,0.025096314027905464,0.1360190510749817,0.5133333206176758,0.009288367815315723,173.55999755859375,501.4800109863281,0.0
20260720,detection_only,58,0.0,0.949031778378763,0.02789219841361046,0.14527514576911926,0.47999998927116394,0.009102817624807358,159.0,476.0,0.0
20260720,detection_only,59,0.0,0.9367009135808169,0.027748756110668182,0.14527514576911926,0.4866666793823242,0.00977267138659954,159.0,476.0,0.0
20260720,detection_only,60,0.0,0.9245302649422548,0.027748756110668182,0.14527514576911926,0.4866666793823242,0.00977267138659954,159.0,476.0,0.0
20260720,detection_only,61,0.0,0.9125177507584963,0.027748756110668182,0.14527514576911926,0.4866666793823242,0.00977267138659954,159.0,476.0,0.0
20260720,detection_only,62,0.0,0.9006613163727574,0.027082353830337524,0.14527514576911926,0.4933333396911621,0.009811454452574253,160.86666870117188,479.26666259765625,0.0
20260720,detection_only,63,0.0,0.8889589338246144,0.027748756110668182,0.14527514576911926,0.4866666793823242,0.00977267138659954,159.0,476.0,0.0
20260720,detection_only,64,0.0,0.8774086015031368,0.027748756110668182,0.14527514576911926,0.4866666793823242,0.00977267138659954,159.0,476.0,0.0
20260720,detection_only,65,0.0,0.8660083438045245,0.027748756110668182,0.14527514576911926,0.4866666793823242,0.00977267138659954,159.0,476.0,0.0
20260720,detection_only,66,0.0,0.8547562107941956,0.027748756110668182,0.14527514576911926,0.4866666793823242,0.00977267138659954,159.0,476.0,0.0
20260720,detection_only,67,0.0,0.8436502778732629,0.027748756110668182,0.14527514576911926,0.4866666793823242,0.00977267138659954,159.0,476.0,0.0
20260720,detection_only,68,0.0,0.8326886454493452,0.027748756110668182,0.14527514576911926,0.4866666793823242,0.00977267138659954,159.0,476.0,0.0
20260720,detection_only,69,0.0,0.8218694386116551,0.027748756110668182,0.14527514576911926,0.4866666793823242,0.00977267138659954,159.0,476.0,0.0
20260720,detection_only,70,0.0,0.8111908068103082,0.027475805953145027,0.14527514576911926,0.4933333396911621,0.010487218387424946,159.0,476.0,0.0
20260720,detection_only,71,0.0,0.8006509235398003,0.027475805953145027,0.14527514576911926,0.4933333396911621,0.010487218387424946,159.0,476.0,0.0
20260720,detection_only,72,0.0,0.7902479860265953,0.027748756110668182,0.14527514576911926,0.4866666793823242,0.00977267138659954,159.0,476.0,0.0
20260720,detection_only,73,0.0,0.7799802149207745,0.027475805953145027,0.14527514576911926,0.4933333396911621,0.010487218387424946,159.0,476.0,0.0
20260720,detection_only,74,0.0,0.7698458539916904,0.027748756110668182,0.14527514576911926,0.4866666793823242,0.00977267138659954,159.0,476.0,0.0
20260720,detection_only,75,0.0,0.7598431698275756,0.027430381625890732,0.14527514576911926,0.5,0.010822293348610401,159.3733367919922,476.6533203125,0.0
20260720,detection_only,76,0.0,0.7499704515390556,0.027430381625890732,0.14527514576911926,0.5,0.010132305324077606,159.3733367919922,476.6533203125,0.0
20260720,detection_only,77,0.0,0.7402260104665124,0.027430381625890732,0.14527514576911926,0.5,0.00977106299251318,159.74667358398438,477.3066711425781,0.0
20260720,detection_only,78,0.0,0.7306081798912514,0.027430381625890732,0.14527514576911926,0.5,0.009766918607056141,159.74667358398438,477.3066711425781,0.0
20260720,detection_only,79,0.0,0.7211153147504205,0.027430381625890732,0.14527514576911926,0.5,0.009753195568919182,159.74667358398438,477.3066711425781,0.0
20260720,detection_only,80,0.0,0.7117457913556338,0.027430381625890732,0.14527514576911926,0.5,0.00972837582230568,159.74667358398438,477.3066711425781,0.0
20260720,detection_only,81,0.0,0.702498007115251,0.027430381625890732,0.14527514576911926,0.5,0.009711691178381443,159.74667358398438,477.3066711425781,0.0
20260720,detection_only,82,0.0,0.6933703802602654,0.027430381625890732,0.14527514576911926,0.5,0.009700581431388855,159.74667358398438,477.3066711425781,0.0
20260720,detection_only,83,0.0,0.6843613495737529,0.026502234861254692,0.14159618318080902,0.5,0.00961778499186039,160.1199951171875,477.9599914550781,0.0
20260720,detection_only,84,0.0,0.6754693741238371,0.026502234861254692,0.14159618318080902,0.5,0.009599318727850914,160.1199951171875,477.9599914550781,0.0
20260720,detection_only,85,0.0,0.6666929330001236,0.026398437097668648,0.14159618318080902,0.5,0.010525982826948166,160.86666870117188,479.26666259765625,0.0
20260720,detection_only,86,0.0,0.6580305250535589,0.026502234861254692,0.14159618318080902,0.5,0.009641291573643684,160.4933319091797,478.61334228515625,0.0
20260720,detection_only,87,0.0,0.649480668639669,0.026502234861254692,0.14159618318080902,0.5,0.009595168754458427,160.4933319091797,478.61334228515625,0.0
20260720,detection_only,88,0.0,0.6410419013651351,0.024997040629386902,0.13624855875968933,0.5199999809265137,0.010012965649366379,162.73333740234375,482.5333251953125,0.0
20260720,detection_only,89,0.0,0.6327127798376607,0.027430381625890732,0.14527514576911926,0.5,0.009669230319559574,160.1199951171875,477.9599914550781,0.0
20260720,detection_only,90,0.0,0.62449187941909,0.027326583862304688,0.14527514576911926,0.5,0.010508950799703598,160.4933319091797,478.61334228515625,0.0
20260720,detection_only,91,0.0,0.6163777939817331,0.026243776082992554,0.14004959166049957,0.5066666603088379,0.009685065597295761,160.86666870117188,479.26666259765625,0.0
20260720,detection_only,92,0.0,0.6083691356678577,0.027430381625890732,0.14527514576911926,0.5,0.009611946530640125,160.1199951171875,477.9599914550781,0.0
20260720,detection_only,93,0.0,0.6004645346523059,0.026234760880470276,0.14004959166049957,0.5066666603088379,0.010432020761072636,161.6133270263672,480.5733337402344,0.0
20260720,detection_only,94,0.0,0.592662638908195,0.027430381625890732,0.14527514576911926,0.5,0.009564773179590702,159.74667358398438,477.3066711425781,0.0
20260720,detection_only,95,0.0,0.5849621139756629,0.027326583862304688,0.14527514576911926,0.5,0.010363209992647171,160.1199951171875,477.9599914550781,0.0
20260720,detection_only,96,0.0,0.5773616427336179,0.026243776082992554,0.14004959166049957,0.5066666603088379,0.010205179452896118,160.4933319091797,478.61334228515625,0.0
20260720,detection_only,97,0.0,0.5698599251744542,0.027326583862304688,0.14527514576911926,0.5,0.009579747915267944,160.1199951171875,477.9599914550781,0.0
20260720,detection_only,98,0.0,0.562455678181695,0.026234760880470276,0.14004959166049957,0.5066666603088379,0.010430817492306232,161.6133270263672,480.5733337402344,0.0
20260720,detection_only,99,0.0,0.555147635310524,0.027326583862304688,0.14527514576911926,0.5,0.009586219675838947,160.1199951171875,477.9599914550781,0.0
20260720,detection_only,100,0.0,0.5479345465711694,0.02621321938931942,0.14004959166049957,0.5066666603088379,0.010437214747071266,161.24000549316406,479.9200134277344,0.0
20260720,detection_only,101,0.0,0.5408151782151011,0.026243776082992554,0.14004959166049957,0.5066666603088379,0.009556827135384083,160.86666870117188,479.26666259765625,0.0
20260720,detection_only,102,0.0,0.5337883125240072,0.026243776082992554,0.14004959166049957,0.5066666603088379,0.009466885589063168,160.4933319091797,478.61334228515625,0.0
20260720,detection_only,103,0.0,0.5268527476015116,0.026243776082992554,0.14004959166049957,0.5066666603088379,0.009537647478282452,160.86666870117188,479.26666259765625,0.0
20260720,detection_only,104,0.0,0.520007297167598,0.026243776082992554,0.14004959166049957,0.5066666603088379,0.00946064107120037,160.4933319091797,478.61334228515625,0.0
20260720,detection_only,105,0.0,0.513250790355705,0.02621321938931942,0.14004959166049957,0.5066666603088379,0.010259239934384823,160.4933319091797,478.61334228515625,0.0
20260720,detection_only,106,0.0,0.5065820715124574,0.02651672624051571,0.14004959166049957,0.5,0.008721891790628433,160.4933319091797,478.61334228515625,0.0
20260720,detection_only,107,0.0,0.5,0.026486171409487724,0.14004959166049957,0.5,0.009607973508536816,160.86666870117188,479.26666259765625,0.0
20260720,detection_only,108,0.0,0.49350345000089935,0.02621321938931942,0.14004959166049957,0.5066666603088379,0.01033929456025362,160.86666870117188,479.26666259765625,0.0
20260720,detection_only,109,0.0,0.4870913103255803,0.026621052995324135,0.14004959166049957,0.4933333396911621,0.008699598722159863,161.6133270263672,480.5733337402344,0.0
20260720,detection_only,110,0.0,0.4807624842222651,0.026660168543457985,0.14004959166049957,0.4933333396911621,0.008124569430947304,160.86666870117188,479.26666259765625,0.0
20260720,detection_only,111,0.0,0.47451588918938153,0.026486171409487724,0.14004959166049957,0.5,0.009653344750404358,161.6133270263672,480.5733337402344,0.0
20260720,detection_only,112,0.0,0.46835045679040843,0.026590496301651,0.14004959166049957,0.4933333396911621,0.008850576356053352,161.98666381835938,481.2266540527344,0.0
20260720,detection_only,113,0.0,0.4622651324711274,0.026590496301651,0.14004959166049957,0.4933333396911621,0.008824010379612446,161.98666381835938,481.2266540527344,0.0
20260720,detection_only,114,0.0,0.4562588753792482,0.026590496301651,0.14004959166049957,0.4933333396911621,0.00883297249674797,161.98666381835938,481.2266540527344,0.0
20260720,detection_only,115,0.0,0.45033065818637874,0.02668389305472374,0.14004959166049957,0.4933333396911621,0.010643770918250084,161.24000549316406,479.9200134277344,0.0
20260720,detection_only,116,0.0,0.4444794669123073,0.02680843323469162,0.14004959166049957,0.4933333396911621,0.010567191056907177,161.98666381835938,481.2266540527344,0.0
20260720,detection_only,117,0.0,0.43870430075156847,0.02659079246222973,0.14004959166049957,0.4933333396911621,0.008032199926674366,162.73333740234375,482.5333251953125,0.0
20260720,detection_only,118,0.0,0.4330041719022623,0.026734108105301857,0.14004959166049957,0.4933333396911621,0.00803285464644432,162.73333740234375,482.5333251953125,0.0
20260720,detection_only,119,0.0,0.42737810539709786,0.02670384757220745,0.14004959166049957,0.4933333396911621,0.008052101358771324,162.73333740234375,482.5333251953125,0.0
20260720,detection_only,120,0.0,0.42182513893663154,0.02679695188999176,0.14004959166049957,0.4933333396911621,0.011342844925820827,161.24000549316406,479.9200134277344,0.0
20260720,detection_only,121,0.0,0.4163443227246726,0.026734108105301857,0.14004959166049957,0.4933333396911621,0.007969215512275696,161.6133270263672,480.5733337402344,0.0
20260720,detection_only,122,0.0,0.4109347193058275,0.026734108105301857,0.14004959166049957,0.4933333396911621,0.008070006035268307,162.73333740234375,482.5333251953125,0.0
20260720,detection_only,123,0.0,0.40559540340515404,0.026705259457230568,0.14004959166049957,0.4933333396911621,0.010531420819461346,163.10667419433594,483.1866760253906,0.0
20260720,detection_only,124,0.0,0.4003254617699001,0.02666872926056385,0.14004959166049957,0.4933333396911621,0.008086099289357662,163.10667419433594,483.1866760253906,0.0
20260720,detection_only,125,0.0,0.39512399301329765,0.026739053428173065,0.14004959166049957,0.4933333396911621,0.009689114056527615,162.73333740234375,482.5333251953125,0.0
20260720,detection_only,126,0.0,0.38999010746038726,0.026727572083473206,0.14004959166049957,0.4933333396911621,0.010538244619965553,162.36000061035156,481.8800048828125,0.0
20260720,detection_only,127,0.0,0.3849229269958451,0.026734108105301857,0.14004959166049957,0.4933333396911621,0.0088802520185709,162.73333740234375,482.5333251953125,0.0
20260720,detection_only,128,0.0,0.37992158491378775,0.026734108105301857,0.14004959166049957,0.4933333396911621,0.008084534667432308,162.36000061035156,481.8800048828125,0.0
20260720,detection_only,129,0.0,0.37498522576952775,0.0267938319593668,0.14004959166049957,0.4933333396911621,0.012033120729029179,161.98666381835938,481.2266540527344,0.0
20260720,detection_only,130,0.0,0.3701130052332562,0.026734108105301857,0.14004959166049957,0.4933333396911621,0.007929213345050812,161.24000549316406,479.9200134277344,0.0
20260720,detection_only,131,0.0,0.36530408994562563,0.026868918910622597,0.14004959166049957,0.4933333396911621,0.01053127832710743,161.98666381835938,481.2266540527344,0.0
20260720,detection_only,132,0.0,0.36055765737521017,0.026764752343297005,0.14004959166049957,0.4933333396911621,0.008900059387087822,162.73333740234375,482.5333251953125,0.0
20260720,detection_only,133,0.0,0.3558728956778169,0.02735859528183937,0.14004959166049957,0.47333332896232605,0.013931114226579666,163.85333251953125,484.49334716796875,0.0
20260720,detection_only,134,0.0,0.3512490035576255,0.026698989793658257,0.14004959166049957,0.4933333396911621,0.008095348253846169,163.85333251953125,484.49334716796875,0.0
20260720,detection_only,135,0.0,0.34668519013013266,0.02666872926056385,0.14004959166049957,0.4933333396911621,0.008097285404801369,164.22666931152344,485.14666748046875,0.0
20260720,detection_only,136,0.0,0.3421806747868764,0.026800520718097687,0.14004959166049957,0.4933333396911621,0.008093209937214851,164.60000610351562,485.79998779296875,0.0
20260720,detection_only,137,0.0,0.3377346870619185,0.02689080312848091,0.14004959166049957,0.4933333396911621,0.01056984905153513,163.10667419433594,483.1866760253906,0.0
20260720,detection_only,138,0.0,0.3333464665000618,0.026322949677705765,0.14004959166049957,0.5,0.011747093871235847,165.72000122070312,487.760009765625,0.0
20260720,detection_only,139,0.0,0.3290152625267794,0.02670384757220745,0.14004959166049957,0.4933333396911621,0.008064031600952148,162.36000061035156,481.8800048828125,0.0
20260720,detection_only,140,0.0,0.32474033431983446,0.02690228819847107,0.14004959166049957,0.4933333396911621,0.010505172424018383,163.85333251953125,484.49334716796875,0.0
20260720,detection_only,141,0.0,0.32052095068256753,0.02687334641814232,0.14004959166049957,0.4933333396911621,0.011254994198679924,163.10667419433594,483.1866760253906,0.0
20260720,detection_only,142,0.0,0.31635638991883036,0.02680758200585842,0.14004959166049957,0.4933333396911621,0.010576387867331505,163.47999572753906,483.8399963378906,0.0
20260720,detection_only,143,0.0,0.312245939709545,0.027097851037979126,0.14004959166049957,0.4866666793823242,0.009827216155827045,163.85333251953125,484.49334716796875,0.0
20260720,detection_only,144,0.0,0.30818889699086655,0.027097851037979126,0.14004959166049957,0.4866666793823242,0.01050579734146595,163.85333251953125,484.49334716796875,0.0
20260720,detection_only,145,0.0,0.30418456783392883,0.026935335248708725,0.14004959166049957,0.4933333396911621,0.011344563215970993,163.85333251953125,484.49334716796875,0.0
20260720,detection_only,146,0.0,0.30023226732615294,0.026836521923542023,0.14004959166049957,0.4933333396911621,0.008975367993116379,164.22666931152344,485.14666748046875,0.0
20260720,detection_only,147,0.0,0.29633131945409746,0.026836521923542023,0.14004959166049957,0.4933333396911621,0.008964287117123604,164.22666931152344,485.14666748046875,0.0
20260720,detection_only,148,0.0,0.29248105698783144,0.026935335248708725,0.14004959166049957,0.4933333396911621,0.009834127500653267,163.85333251953125,484.49334716796875,0.0
20260720,detection_only,149,0.0,0.2886808213668089,0.026935335248708725,0.14004959166049957,0.4933333396911621,0.009833828546106815,163.85333251953125,484.49334716796875,0.0
20260720,detection_only,150,0.0,0.2849299625872271,0.02713089995086193,0.14004959166049957,0.4866666793823242,0.010539555922150612,163.85333251953125,484.49334716796875,0.0
20260720,detection_only,151,0.0,0.2812278390908475,0.026869572699069977,0.14004959166049957,0.4933333396911621,0.008988659828901291,163.85333251953125,484.49334716796875,0.0
20260720,detection_only,152,0.0,0.277573817655262,0.026822945103049278,0.14004959166049957,0.4933333396911621,0.012117307633161545,164.97332763671875,486.4533386230469,0.0
20260720,detection_only,153,0.0,0.2739672732855847,0.0270911306142807,0.14004959166049957,0.4866666793823242,0.009811824187636375,163.85333251953125,484.49334716796875,0.0
20260720,detection_only,154,0.0,0.2704075891075505,0.0270911306142807,0.14004959166049957,0.4866666793823242,0.010511764325201511,163.85333251953125,484.49334716796875,0.0
20260720,detection_only,155,0.0,0.2668941562620035,0.027065137401223183,0.14004959166049957,0.4866666793823242,0.008989856578409672,163.85333251953125,484.49334716796875,0.0
20260720,detection_only,156,0.0,0.26342637380075573,0.027025366201996803,0.14004959166049957,0.4866666793823242,0.008981016464531422,163.85333251953125,484.49334716796875,0.0
20260720,detection_only,157,0.0,0.260003648583799,0.027095241472125053,0.14004959166049957,0.4866666793823242,0.01145955640822649,163.85333251953125,484.49334716796875,0.0
20260720,detection_only,158,0.0,0.25662539517785243,0.027018509805202484,0.14004959166049957,0.4866666793823242,0.010673465207219124,164.60000610351562,485.79998779296875,0.0
20260720,detection_only,159,0.0,0.2532910357562287,0.027065137401223183,0.14004959166049957,0.4866666793823242,0.008965739980340004,164.22666931152344,485.14666748046875,0.0
20260720,detection_only,160,0.0,0.25,0.027068354189395905,0.14004959166049957,0.4866666793823242,0.008921924978494644,164.97332763671875,486.4533386230469,0.0
20260720,detection_plus_rate,1,0.0011240291595458808,2.0,0.022563450038433075,0.11461873352527618,0.5066666603088379,0.007826966233551502,215.0,574.0,0.12109375
20260720,detection_plus_rate,2,0.0027709341049193983,1.9740138000035972,0.022633876651525497,0.11436081677675247,0.5066666603088379,0.008277914486825466,215.0,574.0,0.12109375
20260720,detection_plus_rate,3,0.00527396202087398,1.9483652413023211,0.022917503491044044,0.11507541686296463,0.5066666603088379,0.009084329940378666,215.0,574.0,0.12109375
20260720,detection_plus_rate,4,0.009036984443664499,1.9230499368890603,0.021453190594911575,0.112123042345047,0.5133333206176758,0.010454049333930016,215.0,574.0,0.12109375
20260720,detection_plus_rate,5,0.014167370796203562,1.898063556757526,0.021855682134628296,0.11334416270256042,0.5199999809265137,0.011624679900705814,215.0,574.0,0.12109375
20260720,detection_plus_rate,6,0.020339498519897428,1.8734018271616335,0.0217842198908329,0.11334416270256042,0.5266666412353516,0.011736308224499226,215.0,574.0,0.12109375
20260720,detection_plus_rate,7,0.02678728103637691,1.8490605298845093,0.021853609010577202,0.11601025611162186,0.5266666412353516,0.010953844524919987,215.0,574.0,0.12109375
20260720,detection_plus_rate,8,0.03317580223083492,1.8250355015169928,0.021588731557130814,0.11601025611162186,0.5333333611488342,0.010495685040950775,215.0,574.0,0.12109375
20260720,detection_plus_rate,9,0.039333195686340305,1.8013226327455147,0.020906498655676842,0.11334416270256042,0.5400000214576721,0.010156032629311085,215.0,574.0,0.12109375
20260720,detection_plus_rate,10,0.04523694992065428,1.777917867649229,0.020906999707221985,0.11334416270256042,0.5400000214576721,0.010193624533712864,215.0,574.0,0.12109375
20260720,detection_plus_rate,11,0.05095624446868894,1.7548172030062736,0.02098776586353779,0.11334416270256042,0.5400000214576721,0.010501188226044178,215.0,574.0,0.12109375
20260720,detection_plus_rate,12,0.05643850326538083,1.732016687609049,0.021356983110308647,0.11334416270256042,0.5266666412353516,0.010606914758682251,213.13333129882812,570.7333374023438,0.11471354961395264
20260720,detection_plus_rate,13,0.06137262344360349,1.7095124215883912,0.024160806089639664,0.13144229352474213,0.5066666603088379,0.00878402590751648,173.55999755859375,501.4800109863281,0.0
20260720,detection_plus_rate,14,0.06497143268585202,1.687300555746526,0.02789219841361046,0.14527514576911926,0.47999998927116394,0.009102817624807358,159.0,476.0,0.0
20260720,detection_plus_rate,15,0.06753609180450436,1.6653772908986906,0.02789219841361046,0.14527514576911926,0.47999998927116394,0.009102817624807358,159.0,476.0,0.0
20260720,detection_plus_rate,16,0.06893605232238766,1.6437388772233101,0.02789219841361046,0.14527514576911926,0.47999998927116394,0.009102817624807358,159.0,476.0,0.0
20260720,detection_plus_rate,17,0.06936220645904535,1.6223816136206164,0.02789219841361046,0.14527514576911926,0.47999998927116394,0.009102817624807358,159.0,476.0,0.0
20260720,detection_plus_rate,18,0.06936459064483637,1.6013018470796005,0.028225818648934364,0.14527514576911926,0.47999998927116394,0.010602106340229511,159.0,476.0,0.0
20260720,detection_plus_rate,19,0.06872598648071283,1.5804959720531906,0.027748756110668182,0.14527514576911926,0.4866666793823242,0.00977267138659954,159.0,476.0,0.0
20260720,detection_plus_rate,20,0.06753905296325678,1.559960429841549,0.027748756110668182,0.14527514576911926,0.4866666793823242,0.00977267138659954,159.0,476.0,0.0
20260720,detection_plus_rate,21,0.06656772851943965,1.5396917079833807,0.027748756110668182,0.14527514576911926,0.4866666793823242,0.01046468410640955,159.0,476.0,0.0
20260720,detection_plus_rate,22,0.06549183845520015,1.5196863396551512,0.027748756110668182,0.14527514576911926,0.4866666793823242,0.01046468410640955,159.0,476.0,0.0
20260720,detection_plus_rate,23,0.06430629491806027,1.4999409030781112,0.027748756110668182,0.14527514576911926,0.4866666793823242,0.01046468410640955,159.0,476.0,0.0
20260720,detection_plus_rate,24,0.0633149933815002,1.4804520209330247,0.027748756110668182,0.14527514576911926,0.4866666793823242,0.01046468410640955,159.0,476.0,0.0
20260720,detection_plus_rate,25,0.062135820388793915,1.4612163597825027,0.027748756110668182,0.14527514576911926,0.4866666793823242,0.01046468410640955,159.0,476.0,0.0
20260720,detection_plus_rate,26,0.06112325668334958,1.442230629500841,0.027748756110668182,0.14527514576911926,0.4866666793823242,0.01046468410640955,159.0,476.0,0.0
20260720,detection_plus_rate,27,0.05969989776611325,1.4234915827112675,0.027748756110668182,0.14527514576911926,0.4866666793823242,0.00977267138659954,159.0,476.0,0.0
20260720,detection_plus_rate,28,0.05839322566986081,1.404996014230502,0.027503468096256256,0.14527514576911926,0.4866666793823242,0.011052730493247509,159.0,476.0,0.0
20260720,detection_plus_rate,29,0.05740534067153927,1.3867407605205309,0.027748756110668182,0.14527514576911926,0.4866666793823242,0.01046468410640955,159.0,476.0,0.0
20260720,detection_plus_rate,30,0.05604137182235714,1.3687226991475059,0.027748756110668182,0.14527514576911926,0.4866666793823242,0.01046468410640955,159.0,476.0,0.0
20260720,detection_plus_rate,31,0.054522435665130584,1.350938748247674,0.027503468096256256,0.14527514576911926,0.4866666793823242,0.011052730493247509,159.0,476.0,0.0
20260720,detection_plus_rate,32,0.053638839721679654,1.333385866000247,0.027748756110668182,0.14527514576911926,0.4866666793823242,0.01046468410640955,159.0,476.0,0.0
20260720,detection_plus_rate,33,0.05284708023071286,1.3160610501071175,0.027748756110668182,0.14527514576911926,0.4866666793823242,0.00977267138659954,159.0,476.0,0.0
20260720,detection_plus_rate,34,0.05228305816650388,1.2989613372793378,0.027748756110668182,0.14527514576911926,0.4866666793823242,0.01046468410640955,159.0,476.0,0.0
20260720,detection_plus_rate,35,0.05190536022186277,1.2820838027302701,0.027748756110668182,0.14527514576911926,0.4866666793823242,0.01046468410640955,159.0,476.0,0.0
20260720,detection_plus_rate,36,0.05093252658843993,1.2654255596753214,0.027748756110668182,0.14527514576911926,0.4866666793823242,0.01046468410640955,159.0,476.0,0.0
20260720,detection_plus_rate,37,0.04941406488418577,1.24898375883818,0.027748756110668182,0.14527514576911926,0.4866666793823242,0.01046468410640955,159.0,476.0,0.0
20260720,detection_plus_rate,38,0.04839190959930418,1.2327555879634662,0.027503468096256256,0.14527514576911926,0.4866666793823242,0.011052730493247509,159.0,476.0,0.0
20260720,detection_plus_rate,39,0.047842464447021456,1.2167382713357153,0.027748756110668182,0.14527514576911926,0.4866666793823242,0.00977267138659954,159.0,476.0,0.0
20260720,detection_plus_rate,40,0.046878142356872536,1.2009290693046117,0.027748756110668182,0.14527514576911926,0.4866666793823242,0.01046468410640955,159.0,476.0,0.0
20260720,detection_plus_rate,41,0.04516717433929441,1.18532527781639,0.0272305179387331,0.14527514576911926,0.4933333396911621,0.011767279356718063,159.0,476.0,0.0
20260720,detection_plus_rate,42,0.043523719310760475,1.1699242279513258,0.0272305179387331,0.14527514576911926,0.4933333396911621,0.011767279356718063,159.0,476.0,0.0
20260720,detection_plus_rate,43,0.043429496288299535,1.1547232854672358,0.0272305179387331,0.14527514576911926,0.4933333396911621,0.011767279356718063,159.0,476.0,0.0
20260720,detection_plus_rate,44,0.04316135406494138,1.1397198503489083,0.027748756110668182,0.14527514576911926,0.4866666793823242,0.00977267138659954,159.0,476.0,0.0
20260720,detection_plus_rate,45,0.04236675977706906,1.12491135636339,0.027748756110668182,0.14527514576911926,0.4866666793823242,0.00977267138659954,159.0,476.0,0.0
20260720,detection_plus_rate,46,0.04230967044830319,1.110295270621048,0.027475805953145027,0.14527514576911926,0.4933333396911621,0.01117923203855753,159.0,476.0,0.0
20260720,detection_plus_rate,47,0.04160856485366818,1.0958690931423387,0.027475805953145027,0.14527514576911926,0.4933333396911621,0.01117923203855753,159.0,476.0,0.0
20260720,detection_plus_rate,48,0.04020548820495602,1.0816303564302021,0.027475805953145027,0.14527514576911926,0.4933333396911621,0.01117923203855753,159.0,476.0,0.0
20260720,detection_plus_rate,49,0.03934205770492549,1.0675766250480143,0.0272305179387331,0.14527514576911926,0.4933333396911621,0.011767279356718063,159.0,476.0,0.0
20260720,detection_plus_rate,50,0.03828111171722408,1.0537054952030231,0.0272305179387331,0.14527514576911926,0.4933333396911621,0.011767279356718063,159.0,476.0,0.0
20260720,detection_plus_rate,51,0.037084114551544145,1.040014594335196,0.0272305179387331,0.14527514576911926,0.4933333396911621,0.011767279356718063,159.0,476.0,0.0
20260720,detection_plus_rate,52,0.036333429813384964,1.02650158071141,0.027475805953145027,0.14527514576911926,0.4933333396911621,0.01117923203855753,159.0,476.0,0.0
20260720,detection_plus_rate,53,0.0359914374351501,1.0131641430249148,0.027475805953145027,0.14527514576911926,0.4933333396911621,0.010487218387424946,159.0,476.0,0.0
20260720,detection_plus_rate,54,0.03567010879516597,1.0,0.027475805953145027,0.14527514576911926,0.4933333396911621,0.010487218387424946,159.0,476.0,0.0
20260720,detection_plus_rate,55,0.03449262380599971,0.9870069000017987,0.0272305179387331,0.14527514576911926,0.4933333396911621,0.011767279356718063,159.0,476.0,0.0
20260720,detection_plus_rate,56,0.03297552108764643,0.9741826206511606,0.0272305179387331,0.14527514576911926,0.4933333396911621,0.011767279356718063,159.0,476.0,0.0
20260720,detection_plus_rate,57,0.033337225914001414,0.9615249684445302,0.027430381625890732,0.14527514576911926,0.5,0.009739506989717484,159.74667358398438,477.3066711425781,0.0
20260720,detection_plus_rate,58,0.03353452205657952,0.949031778378763,0.027748756110668182,0.14527514576911926,0.4866666793823242,0.00977267138659954,159.0,476.0,0.0
20260720,detection_plus_rate,59,0.03316785812377923,0.9367009135808169,0.027430381625890732,0.14527514576911926,0.5,0.010103665292263031,159.3733367919922,476.6533203125,0.0
20260720,detection_plus_rate,60,0.032390937805175705,0.9245302649422548,0.027185093611478806,0.14527514576911926,0.5,0.011400903575122356,159.3733367919922,476.6533203125,0.0
20260720,detection_plus_rate,61,0.031238110065460137,0.9125177507584963,0.027185093611478806,0.14527514576911926,0.5,0.01139905583113432,159.3733367919922,476.6533203125,0.0
20260720,detection_plus_rate,62,0.03092952966690057,0.9006613163727574,0.026502234861254692,0.14159618318080902,0.5,0.010381271131336689,160.1199951171875,477.9599914550781,0.0
20260720,detection_plus_rate,63,0.03006502866744989,0.8889589338246144,0.027430381625890732,0.14527514576911926,0.5,0.01010128390043974,159.3733367919922,476.6533203125,0.0
20260720,detection_plus_rate,64,0.028191244602203305,0.8774086015031368,0.026256946846842766,0.14159618318080902,0.5,0.010988518595695496,160.1199951171875,477.9599914550781,0.0
20260720,detection_plus_rate,65,0.02736505985260003,0.8660083438045245,0.026256946846842766,0.14159618318080902,0.5,0.011006856337189674,160.1199951171875,477.9599914550781,0.0
20260720,detection_plus_rate,66,0.027644433975219675,0.8547562107941956,0.026502234861254692,0.14159618318080902,0.5,0.009614643640816212,160.1199951171875,477.9599914550781,0.0
20260720,detection_plus_rate,67,0.026922280788421585,0.8436502778732629,0.026502234861254692,0.14159618318080902,0.5,0.009595727548003197,160.1199951171875,477.9599914550781,0.0
20260720,detection_plus_rate,68,0.026530716419219915,0.8326886454493452,0.026502234861254692,0.14159618318080902,0.5,0.010332672856748104,160.1199951171875,477.9599914550781,0.0
20260720,detection_plus_rate,69,0.026112966537475527,0.8218694386116551,0.026256946846842766,0.14159618318080902,0.5,0.01092581544071436,160.1199951171875,477.9599914550781,0.0
20260720,detection_plus_rate,70,0.024489996433258002,0.8111908068103082,0.026256946846842766,0.14159618318080902,0.5,0.010926816612482071,160.1199951171875,477.9599914550781,0.0
20260720,detection_plus_rate,71,0.023996720314025825,0.8006509235398003,0.02519054338335991,0.13624855875968933,0.5133333206176758,0.010530080646276474,161.24000549316406,479.9200134277344,0.0
20260720,detection_plus_rate,72,0.023439564704894972,0.7902479860265953,0.026502234861254692,0.14159618318080902,0.5,0.00959259644150734,160.1199951171875,477.9599914550781,0.0
20260720,detection_plus_rate,73,0.02238337755203242,0.7799802149207745,0.025294341146945953,0.13624855875968933,0.5133333206176758,0.01040347758680582,161.24000549316406,479.9200134277344,0.0
20260720,detection_plus_rate,74,0.021731059551238958,0.7698458539916904,0.02541942521929741,0.13624855875968933,0.5066666603088379,0.010233219712972641,160.4933319091797,478.61334228515625,0.0
20260720,detection_plus_rate,75,0.020404956340789742,0.7598431698275756,0.026502234861254692,0.14159618318080902,0.5,0.010286814533174038,160.1199951171875,477.9599914550781,0.0
20260720,detection_plus_rate,76,0.01895489454269404,0.7499704515390556,0.024906141683459282,0.13624855875968933,0.5133333206176758,0.010930424556136131,161.98666381835938,481.2266540527344,0.0
20260720,detection_plus_rate,77,0.018323547840118363,0.7402260104665124,0.02515142783522606,0.13624855875968933,0.5133333206176758,0.01027760375291109,161.98666381835938,481.2266540527344,0.0
20260720,detection_plus_rate,78,0.017366104125976525,0.7306081798912514,0.02515142783522606,0.13624855875968933,0.5133333206176758,0.009554489515721798,161.98666381835938,481.2266540527344,0.0
20260720,detection_plus_rate,79,0.01674535274505611,0.7211153147504205,0.02515142783522606,0.13624855875968933,0.5133333206176758,0.01027192547917366,161.98666381835938,481.2266540527344,0.0
20260720,detection_plus_rate,80,0.01620713710784907,0.7117457913556338,0.02515142783522606,0.13624855875968933,0.5133333206176758,0.01019155140966177,161.6133270263672,480.5733337402344,0.0
20260720,detection_plus_rate,81,0.014865682125091498,0.702498007115251,0.02515142783522606,0.13624855875968933,0.5133333206176758,0.010239262133836746,161.98666381835938,481.2266540527344,0.0
20260720,detection_plus_rate,82,0.013760957717895452,0.6933703802602654,0.02515142783522606,0.13624855875968933,0.5133333206176758,0.010243321768939495,161.98666381835938,481.2266540527344,0.0
20260720,detection_plus_rate,83,0.013625171184539743,0.6843613495737529,0.025276511907577515,0.13624855875968933,0.5066666603088379,0.009464574046432972,162.36000061035156,481.8800048828125,0.0
20260720,detection_plus_rate,84,0.01219264507293696,0.6754693741238371,0.02515142783522606,0.13624855875968933,0.5133333206176758,0.009475376456975937,161.98666381835938,481.2266540527344,0.0
20260720,detection_plus_rate,85,0.010760259628295856,0.6666929330001236,0.025000669062137604,0.13624855875968933,0.5066666603088379,0.011626126244664192,161.98666381835938,481.2266540527344,0.0
20260720,detection_plus_rate,86,0.011352596282958951,0.6580305250535589,0.025276511907577515,0.13624855875968933,0.5066666603088379,0.0101728281006217,161.98666381835938,481.2266540527344,0.0
20260720,detection_plus_rate,87,0.00988514423370357,0.649480668639669,0.025276511907577515,0.13624855875968933,0.5066666603088379,0.009342937730252743,161.6133270263672,480.5733337402344,0.0
20260720,detection_plus_rate,88,0.009040422439575148,0.6410419013651351,0.025276511907577515,0.13624855875968933,0.5066666603088379,0.009495552629232407,162.73333740234375,482.5333251953125,0.0
20260720,detection_plus_rate,89,0.00950195074081417,0.6327127798376607,0.025276511907577515,0.13624855875968933,0.5066666603088379,0.0094160046428442,161.98666381835938,481.2266540527344,0.0
20260720,detection_plus_rate,90,0.007766489982604942,0.62449187941909,0.025276511907577515,0.13624855875968933,0.5066666603088379,0.010112126357853413,161.98666381835938,481.2266540527344,0.0
20260720,detection_plus_rate,91,0.007446775436401334,0.6163777939817331,0.025276511907577515,0.13624855875968933,0.5066666603088379,0.010195441544055939,162.36000061035156,481.8800048828125,0.0
20260720,detection_plus_rate,92,0.006855270862579312,0.6083691356678577,0.025276511907577515,0.13624855875968933,0.5066666603088379,0.00939656887203455,162.73333740234375,482.5333251953125,0.0
20260720,detection_plus_rate,93,0.006375620365142789,0.6004645346523059,0.025276511907577515,0.13624855875968933,0.5066666603088379,0.010143990628421307,163.10667419433594,483.1866760253906,0.0
20260720,detection_plus_rate,94,0.005537655353546113,0.592662638908195,0.025276511907577515,0.13624855875968933,0.5066666603088379,0.010132954455912113,162.36000061035156,481.8800048828125,0.0
20260720,detection_plus_rate,95,0.004639277458190884,0.5849621139756629,0.025276511907577515,0.13624855875968933,0.5066666603088379,0.010113393887877464,162.73333740234375,482.5333251953125,0.0
20260720,detection_plus_rate,96,0.003994805812835668,0.5773616427336179,0.025276511907577515,0.13624855875968933,0.5066666603088379,0.010081927292048931,162.36000061035156,481.8800048828125,0.0
20260720,detection_plus_rate,97,0.0022926712036132517,0.5698599251744542,0.025276511907577515,0.13624855875968933,0.5066666603088379,0.010075376369059086,162.36000061035156,481.8800048828125,0.0
20260720,detection_plus_rate,98,0.0012428331375121686,0.562455678181695,0.024969832971692085,0.13624855875968933,0.5066666603088379,0.01109137199819088,163.47999572753906,483.8399963378906,0.0
20260720,detection_plus_rate,99,0.0013355326652526383,0.555147635310524,0.025276511907577515,0.13624855875968933,0.5066666603088379,0.010095085017383099,163.47999572753906,483.8399963378906,0.0
20260720,detection_plus_rate,100,0.0,0.5479345465711694,0.025276511907577515,0.13624855875968933,0.5066666603088379,0.009368625469505787,163.10667419433594,483.1866760253906,0.0
20260720,detection_plus_rate,101,0.0,0.5408151782151011,0.02502458356320858,0.13624855875968933,0.5066666603088379,0.01090210024267435,163.47999572753906,483.8399963378906,0.0
20260720,detection_plus_rate,102,0.0,0.5337883125240072,0.025276511907577515,0.13624855875968933,0.5066666603088379,0.010030402801930904,162.36000061035156,481.8800048828125,0.0
20260720,detection_plus_rate,103,0.0,0.5268527476015116,0.025276511907577515,0.13624855875968933,0.5066666603088379,0.01002283301204443,162.36000061035156,481.8800048828125,0.0
20260720,detection_plus_rate,104,0.0,0.520007297167598,0.025276511907577515,0.13624855875968933,0.5066666603088379,0.010026652365922928,162.36000061035156,481.8800048828125,0.0
20260720,detection_plus_rate,105,0.0,0.513250790355705,0.02524595521390438,0.13624855875968933,0.5066666603088379,0.010830172337591648,162.36000061035156,481.8800048828125,0.0
20260720,detection_plus_rate,106,0.0,0.5065820715124574,0.02502458356320858,0.13624855875968933,0.5066666603088379,0.010861554183065891,163.85333251953125,484.49334716796875,0.0
20260720,detection_plus_rate,107,0.0,0.5,0.025026336312294006,0.13624855875968933,0.5066666603088379,0.009407158009707928,164.22666931152344,485.14666748046875,0.0
20260720,detection_plus_rate,108,0.0,0.49350345000089935,0.02519858442246914,0.13624855875968933,0.5,0.00868241861462593,163.85333251953125,484.49334716796875,0.0
20260720,detection_plus_rate,109,0.0,0.4870913103255803,0.024852335453033447,0.13624855875968933,0.5133333206176758,0.010844457894563675,163.47999572753906,483.8399963378906,0.0
20260720,detection_plus_rate,110,0.0,0.4807624842222651,0.025692906230688095,0.13624855875968933,0.4933333396911621,0.0085790129378438,162.73333740234375,482.5333251953125,0.0
20260720,detection_plus_rate,111,0.0,0.47451588918938153,0.025692906230688095,0.13624855875968933,0.4933333396911621,0.008645359426736832,163.10667419433594,483.1866760253906,0.0
20260720,detection_plus_rate,112,0.0,0.46835045679040843,0.02529928646981716,0.13624855875968933,0.5,0.008671446703374386,163.85333251953125,484.49334716796875,0.0
20260720,detection_plus_rate,113,0.0,0.4622651324711274,0.025692906230688095,0.13624855875968933,0.4933333396911621,0.00856032781302929,162.73333740234375,482.5333251953125,0.0
20260720,detection_plus_rate,114,0.0,0.4562588753792482,0.024906616657972336,0.13624855875968933,0.5133333206176758,0.012548225000500679,164.22666931152344,485.14666748046875,0.0
20260720,detection_plus_rate,115,0.0,0.45033065818637874,0.02529928646981716,0.13624855875968933,0.5,0.007967309094965458,164.22666931152344,485.14666748046875,0.0
20260720,detection_plus_rate,116,0.0,0.4444794669123073,0.02529928646981716,0.13624855875968933,0.5,0.007984706200659275,164.22666931152344,485.14666748046875,0.0
20260720,detection_plus_rate,117,0.0,0.43870430075156847,0.02529928646981716,0.13624855875968933,0.5,0.008017404936254025,164.22666931152344,485.14666748046875,0.0
20260720,detection_plus_rate,118,0.0,0.4330041719022623,0.02533840388059616,0.13624855875968933,0.5,0.007895143702626228,163.10667419433594,483.1866760253906,0.0
20260720,detection_plus_rate,119,0.0,0.42737810539709786,0.025692906230688095,0.13624855875968933,0.4933333396911621,0.007884543389081955,162.73333740234375,482.5333251953125,0.0
20260720,detection_plus_rate,120,0.0,0.42182513893663154,0.02571663074195385,0.13624855875968933,0.4933333396911621,0.011050371453166008,162.73333740234375,482.5333251953125,0.0
20260720,detection_plus_rate,121,0.0,0.4163443227246726,0.02533840388059616,0.13624855875968933,0.5,0.00871001835912466,164.22666931152344,485.14666748046875,0.0
20260720,detection_plus_rate,122,0.0,0.4109347193058275,0.02533840388059616,0.13624855875968933,0.5,0.008026555180549622,164.22666931152344,485.14666748046875,0.0
20260720,detection_plus_rate,123,0.0,0.40559540340515404,0.02533840388059616,0.13624855875968933,0.5,0.008042057044804096,164.22666931152344,485.14666748046875,0.0
20260720,detection_plus_rate,124,0.0,0.4003254617699001,0.025797784328460693,0.13624855875968933,0.4933333396911621,0.008770573884248734,162.73333740234375,482.5333251953125,0.0
20260720,detection_plus_rate,125,0.0,0.39512399301329765,0.02540416643023491,0.13624855875968933,0.5,0.00878849532455206,163.10667419433594,483.1866760253906,0.0
20260720,detection_plus_rate,126,0.0,0.38999010746038726,0.02533840388059616,0.13624855875968933,0.5,0.007954662665724754,163.85333251953125,484.49334716796875,0.0
20260720,detection_plus_rate,127,0.0,0.3849229269958451,0.02533840388059616,0.13624855875968933,0.5,0.00803705956786871,164.22666931152344,485.14666748046875,0.0
20260720,detection_plus_rate,128,0.0,0.37992158491378775,0.02533840388059616,0.13624855875968933,0.5,0.007967947982251644,163.47999572753906,483.8399963378906,0.0
20260720,detection_plus_rate,129,0.0,0.37498522576952775,0.025797784328460693,0.13624855875968933,0.4933333396911621,0.008787139318883419,162.73333740234375,482.5333251953125,0.0
20260720,detection_plus_rate,130,0.0,0.3701130052332562,0.025910841301083565,0.13624855875968933,0.4933333396911621,0.0094902403652668,162.73333740234375,482.5333251953125,0.0
20260720,detection_plus_rate,131,0.0,0.36530408994562563,0.025845078751444817,0.13624855875968933,0.4933333396911621,0.008012744598090649,163.47999572753906,483.8399963378906,0.0
20260720,detection_plus_rate,132,0.0,0.36055765737521017,0.025797784328460693,0.13624855875968933,0.4933333396911621,0.008809343911707401,163.10667419433594,483.1866760253906,0.0
20260720,detection_plus_rate,133,0.0,0.3558728956778169,0.025726808235049248,0.13624855875968933,0.4933333396911621,0.011362425982952118,163.85333251953125,484.49334716796875,0.0
20260720,detection_plus_rate,134,0.0,0.3512490035576255,0.02533840388059616,0.13624855875968933,0.5,0.008016616106033325,164.22666931152344,485.14666748046875,0.0
20260720,detection_plus_rate,135,0.0,0.34668519013013266,0.025845078751444817,0.13624855875968933,0.4933333396911621,0.008037460967898369,164.22666931152344,485.14666748046875,0.0
20260720,detection_plus_rate,136,0.0,0.3421806747868764,0.025845078751444817,0.13624855875968933,0.4933333396911621,0.008073972538113594,164.22666931152344,485.14666748046875,0.0
20260720,detection_plus_rate,137,0.0,0.3377346870619185,0.025910841301083565,0.13624855875968933,0.4933333396911621,0.0087596345692873,162.36000061035156,481.8800048828125,0.0
20260720,detection_plus_rate,138,0.0,0.3333464665000618,0.02550574019551277,0.13624855875968933,0.5,0.009717770852148533,163.85333251953125,484.49334716796875,0.0
20260720,detection_plus_rate,139,0.0,0.3290152625267794,0.025910841301083565,0.13624855875968933,0.4933333396911621,0.008744019083678722,162.73333740234375,482.5333251953125,0.0
20260720,detection_plus_rate,140,0.0,0.32474033431983446,0.025910841301083565,0.13624855875968933,0.4933333396911621,0.008856362663209438,163.47999572753906,483.8399963378906,0.0
20260720,detection_plus_rate,141,0.0,0.32052095068256753,0.025910841301083565,0.13624855875968933,0.4933333396911621,0.00878168921917677,162.36000061035156,481.8800048828125,0.0
20260720,detection_plus_rate,142,0.0,0.31635638991883036,0.025910841301083565,0.13624855875968933,0.4933333396911621,0.008775155991315842,162.36000061035156,481.8800048828125,0.0
20260720,detection_plus_rate,143,0.0,0.312245939709545,0.025910841301083565,0.13624855875968933,0.4933333396911621,0.0089037474244833,163.85333251953125,484.49334716796875,0.0
20260720,detection_plus_rate,144,0.0,0.30818889699086655,0.025910841301083565,0.13624855875968933,0.4933333396911621,0.008773606270551682,162.73333740234375,482.5333251953125,0.0
20260720,detection_plus_rate,145,0.0,0.30418456783392883,0.026676960289478302,0.13922937214374542,0.4866666793823242,0.009182428009808064,163.85333251953125,484.49334716796875,0.0
20260720,detection_plus_rate,146,0.0,0.30023226732615294,0.025910841301083565,0.13624855875968933,0.4933333396911621,0.008932643570005894,163.85333251953125,484.49334716796875,0.0
20260720,detection_plus_rate,147,0.0,0.29633131945409746,0.025910841301083565,0.13624855875968933,0.4933333396911621,0.008787184022367,162.73333740234375,482.5333251953125,0.0
20260720,detection_plus_rate,148,0.0,0.29248105698783144,0.026676960289478302,0.13922937214374542,0.4866666793823242,0.008838883601129055,163.10667419433594,483.1866760253906,0.0
20260720,detection_plus_rate,149,0.0,0.2886808213668089,0.026578150689601898,0.13922937214374542,0.4866666793823242,0.00795438326895237,162.36000061035156,481.8800048828125,0.0
20260720,detection_plus_rate,150,0.0,0.2849299625872271,0.025910841301083565,0.13624855875968933,0.4933333396911621,0.008931375108659267,163.85333251953125,484.49334716796875,0.0
20260720,detection_plus_rate,151,0.0,0.2812278390908475,0.025910841301083565,0.13624855875968933,0.4933333396911621,0.008784160017967224,162.36000061035156,481.8800048828125,0.0
20260720,detection_plus_rate,152,0.0,0.277573817655262,0.026676960289478302,0.13922937214374542,0.4866666793823242,0.008981775492429733,163.85333251953125,484.49334716796875,0.0
20260720,detection_plus_rate,153,0.0,0.2739672732855847,0.025910841301083565,0.13624855875968933,0.4933333396911621,0.008839502930641174,161.98666381835938,481.2266540527344,0.0
20260720,detection_plus_rate,154,0.0,0.2704075891075505,0.026676960289478302,0.13922937214374542,0.4866666793823242,0.008855891413986683,161.98666381835938,481.2266540527344,0.0
20260720,detection_plus_rate,155,0.0,0.2668941562620035,0.026676960289478302,0.13922937214374542,0.4866666793823242,0.008925611153244972,163.47999572753906,483.8399963378906,0.0
20260720,detection_plus_rate,156,0.0,0.26342637380075573,0.026676960289478302,0.13922937214374542,0.4866666793823242,0.00883009284734726,162.73333740234375,482.5333251953125,0.0
20260720,detection_plus_rate,157,0.0,0.260003648583799,0.026676960289478302,0.13922937214374542,0.4866666793823242,0.008824687451124191,162.36000061035156,481.8800048828125,0.0
20260720,detection_plus_rate,158,0.0,0.25662539517785243,0.026564570143818855,0.13922937214374542,0.4866666793823242,0.0099616264924407,164.22666931152344,485.14666748046875,0.0
20260720,detection_plus_rate,159,0.0,0.2532910357562287,0.026676960289478302,0.13922937214374542,0.4866666793823242,0.008833604864776134,161.98666381835938,481.2266540527344,0.0
20260720,detection_plus_rate,160,0.0,0.25,0.026676960289478302,0.13922937214374542,0.4866666793823242,0.008931271731853485,163.47999572753906,483.8399963378906,0.0
20260720,detection_plus_resource,1,0.0,2.0,0.02323678880929947,0.11661507189273834,0.5,0.007822886109352112,215.0,574.0,0.12109375
20260720,detection_plus_resource,2,0.0,1.9740138000035972,0.022516487166285515,0.11436081677675247,0.5066666603088379,0.008252463303506374,215.0,574.0,0.12109375
20260720,detection_plus_resource,3,0.0,1.9483652413023211,0.021484585478901863,0.112871915102005,0.5133333206176758,0.009052091278135777,215.0,574.0,0.12109375
20260720,detection_plus_resource,4,0.0,1.9230499368890603,0.02090310864150524,0.11334416270256042,0.5266666412353516,0.010442067869007587,215.0,574.0,0.12109375
20260720,detection_plus_resource,5,0.0,1.898063556757526,0.021731246262788773,0.11334416270256042,0.5199999809265137,0.011688814498484135,215.0,574.0,0.12109375
20260720,detection_plus_resource,6,0.0,1.8734018271616335,0.02163863554596901,0.11530987173318863,0.5333333611488342,0.01188472006469965,215.0,574.0,0.12109375
20260720,detection_plus_resource,7,0.0,1.8490605298845093,0.022076476365327835,0.11761099845170975,0.5333333611488342,0.01105706300586462,215.0,574.0,0.12109375
20260720,detection_plus_resource,8,0.0,1.8250355015169928,0.02204977720975876,0.11761099845170975,0.5333333611488342,0.01045824121683836,215.0,574.0,0.12109375
20260720,detection_plus_resource,9,0.0,1.8013226327455147,0.0228729248046875,0.1201055720448494,0.5333333611488342,0.009953989647328854,215.0,574.0,0.12109375
20260720,detection_plus_resource,10,0.0,1.777917867649229,0.02139647863805294,0.11530987173318863,0.5400000214576721,0.00980942603200674,215.0,574.0,0.12109375
20260720,detection_plus_resource,11,0.0,1.7548172030062736,0.020810645073652267,0.11530987173318863,0.5533333420753479,0.009790320880711079,215.0,574.0,0.12109375
20260720,detection_plus_resource,12,0.0,1.732016687609049,0.021909531205892563,0.11761099845170975,0.5400000214576721,0.009905308485031128,215.0,574.0,0.12109375
20260720,detection_plus_resource,13,0.0,1.7095124215883912,0.022014297544956207,0.11761099845170975,0.5400000214576721,0.009884921833872795,215.0,574.0,0.12109375
20260720,detection_plus_resource,14,0.0,1.687300555746526,0.021403837949037552,0.11601025611162186,0.5400000214576721,0.00940013024955988,215.0,574.0,0.12109375
20260720,detection_plus_resource,15,0.0,1.6653772908986906,0.021014362573623657,0.11334416270256042,0.5333333611488342,0.009339532814919949,215.0,574.0,0.12109375
20260720,detection_plus_resource,16,0.0,1.6437388772233101,0.021264169365167618,0.11334416270256042,0.5199999809265137,0.009045939892530441,213.8800048828125,572.0399780273438,0.11726558208465576
20260720,detection_plus_resource,17,0.0,1.6223816136206164,0.021639617159962654,0.11334416270256042,0.5066666603088379,0.008993455208837986,213.13333129882812,570.7333374023438,0.11471354961395264
20260720,detection_plus_resource,18,0.0,1.6013018470796005,0.021410666406154633,0.11334416270256042,0.5133333206176758,0.009233376942574978,212.75999450683594,570.0800170898438,0.11343753337860107
20260720,detection_plus_resource,19,0.0,1.5804959720531906,0.02090660110116005,0.11334416270256042,0.5266666412353516,0.008836653083562851,211.26666259765625,567.4666748046875,0.10833334922790527
20260720,detection_plus_resource,20,0.0,1.559960429841549,0.02178904227912426,0.11761099845170975,0.5333333611488342,0.008912310004234314,210.52000427246094,566.1599731445312,0.1057811975479126
20260720,detection_plus_resource,21,0.0,1.5396917079833807,0.022423045709729195,0.11858692020177841,0.5266666412353516,0.008917035534977913,209.77333068847656,564.8533325195312,0.10322916507720947
20260720,detection_plus_resource,22,0.0,1.5196863396551512,0.022026609629392624,0.11858692020177841,0.5333333611488342,0.008772040717303753,207.53334045410156,560.933349609375,0.09557294845581055
20260720,detection_plus_resource,23,0.0,1.4999409030781112,0.021115416660904884,0.11530987173318863,0.5400000214576721,0.009018591605126858,207.53334045410156,560.933349609375,0.09557294845581055
20260720,detection_plus_resource,24,0.0,1.4804520209330247,0.020684024319052696,0.11530987173318863,0.54666668176651,0.008902921341359615,207.16000366210938,560.280029296875,0.09429693222045898
20260720,detection_plus_resource,25,0.0,1.4612163597825027,0.021818572655320168,0.11761099845170975,0.5333333611488342,0.008963147178292274,206.7866668701172,559.6266479492188,0.09302079677581787
20260720,detection_plus_resource,26,0.0,1.442230629500841,0.022363007068634033,0.12171933799982071,0.5333333611488342,0.009146022610366344,206.7866668701172,559.6266479492188,0.09302079677581787
20260720,detection_plus_resource,27,0.0,1.4234915827112675,0.024197518825531006,0.12552036345005035,0.5199999809265137,0.00901735108345747,205.2933349609375,557.0133056640625,0.08791661262512207
20260720,detection_plus_resource,28,0.0,1.404996014230502,0.022069411352276802,0.11761099845170975,0.5266666412353516,0.009302731603384018,206.413330078125,558.9733276367188,0.09174478054046631
20260720,detection_plus_resource,29,0.0,1.3867407605205309,0.023752493783831596,0.12389339506626129,0.5199999809265137,0.009204641915857792,205.2933349609375,557.0133056640625,0.08791661262512207
20260720,detection_plus_resource,30,0.0,1.3687226991475059,0.024615898728370667,0.12727265059947968,0.5133333206176758,0.009171015582978725,205.2933349609375,557.0133056640625,0.08791661262512207
20260720,detection_plus_resource,31,0.0,1.350938748247674,0.023670971393585205,0.12389339506626129,0.5199999809265137,0.009272877126932144,205.2933349609375,557.0133056640625,0.08791661262512207
20260720,detection_plus_resource,32,0.0,1.333385866000247,0.0241563618183136,0.12552036345005035,0.5199999809265137,0.009315934032201767,205.2933349609375,557.0133056640625,0.08791661262512207
20260720,detection_plus_resource,33,0.0,1.3160610501071175,0.02376590482890606,0.12552036345005035,0.5266666412353516,0.00911553855985403,204.54666137695312,555.7066650390625,0.08536458015441895
20260720,detection_plus_resource,34,0.0,1.2989613372793378,0.0220473725348711,0.12008184939622879,0.5400000214576721,0.009722367860376835,206.7866668701172,559.6266479492188,0.09302079677581787
20260720,detection_plus_resource,35,0.0,1.2820838027302701,0.023275380954146385,0.12389339506626129,0.5266666412353516,0.009321177378296852,205.2933349609375,557.0133056640625,0.08791661262512207
20260720,detection_plus_resource,36,0.0,1.2654255596753214,0.024117691442370415,0.12727265059947968,0.5199999809265137,0.009093498811125755,204.17333984375,555.0533447265625,0.08408856391906738
20260720,detection_plus_resource,37,0.0,1.24898375883818,0.023258954286575317,0.12389339506626129,0.5266666412353516,0.009386027231812477,205.2933349609375,557.0133056640625,0.08791661262512207
20260720,detection_plus_resource,38,0.0,1.2327555879634662,0.023072119802236557,0.12389339506626129,0.5333333611488342,0.009568031877279282,205.2933349609375,557.0133056640625,0.08791661262512207
20260720,detection_plus_resource,39,0.0,1.2167382713357153,0.02344166673719883,0.12389339506626129,0.5266666412353516,0.009198685176670551,204.17333984375,555.0533447265625,0.08408856391906738
20260720,detection_plus_resource,40,0.0,1.2009290693046117,0.02350807748734951,0.12389339506626129,0.5266666412353516,0.009661063551902771,205.2933349609375,557.0133056640625,0.08791661262512207
20260720,detection_plus_resource,41,0.0,1.18532527781639,0.023872315883636475,0.12389339506626129,0.5199999809265137,0.009230413474142551,203.42666625976562,553.7466430664062,0.08153641223907471
20260720,detection_plus_resource,42,0.0,1.1699242279513258,0.024096278473734856,0.12552036345005035,0.5199999809265137,0.00947999395430088,204.17333984375,555.0533447265625,0.08408856391906738
20260720,detection_plus_resource,43,0.0,1.1547232854672358,0.022280629724264145,0.12008184939622879,0.5266666412353516,0.00998169556260109,205.6666717529297,557.6666870117188,0.08919274806976318
20260720,detection_plus_resource,44,0.0,1.1397198503489083,0.023186437785625458,0.12389339506626129,0.5333333611488342,0.009093536995351315,201.55999755859375,550.47998046875,0.07515621185302734
20260720,detection_plus_resource,45,0.0,1.12491135636339,0.023051073774695396,0.12389339506626129,0.5333333611488342,0.009544980712234974,203.8000030517578,554.4000244140625,0.08281254768371582
20260720,detection_plus_resource,46,0.0,1.110295270621048,0.02211831510066986,0.12008184939622879,0.5333333611488342,0.010064235888421535,204.9199981689453,556.3599853515625,0.08664059638977051
20260720,detection_plus_resource,47,0.0,1.0958690931423387,0.023107364773750305,0.12389339506626129,0.5333333611488342,0.009255477227270603,200.44000244140625,548.52001953125,0.07132816314697266
20260720,detection_plus_resource,48,0.0,1.0816303564302021,0.023296426981687546,0.12142253667116165,0.5266666412353516,0.009423485957086086,201.93333435058594,551.1333618164062,0.07643234729766846
20260720,detection_plus_resource,49,0.0,1.0675766250480143,0.023028463125228882,0.12389339506626129,0.5333333611488342,0.009824519045650959,204.17333984375,555.0533447265625,0.08408856391906738
20260720,detection_plus_resource,50,0.0,1.0537054952030231,0.023028463125228882,0.12389339506626129,0.5333333611488342,0.009637991897761822,203.05332946777344,553.0933227539062,0.08026039600372314
20260720,detection_plus_resource,51,0.0,1.040014594335196,0.022965066134929657,0.12389339506626129,0.5333333611488342,0.009576750919222832,200.81333923339844,549.17333984375,0.07260417938232422
20260720,detection_plus_resource,52,0.0,1.02650158071141,0.02300695888698101,0.12389339506626129,0.5333333611488342,0.010086189955472946,203.05332946777344,553.0933227539062,0.08026039600372314
20260720,detection_plus_resource,53,0.0,1.0131641430249148,0.023884063586592674,0.12552036345005035,0.5266666412353516,0.009305438958108425,196.3333282470703,541.3333129882812,0.057291626930236816
20260720,detection_plus_resource,54,0.0,1.0,0.02331719733774662,0.12389339506626129,0.5266666412353516,0.009858507663011551,200.44000244140625,548.52001953125,0.07132816314697266
20260720,detection_plus_resource,55,0.0,0.9870069000017987,0.023089366033673286,0.12389339506626129,0.5333333611488342,0.00951909739524126,198.57333374023438,545.2533569335938,0.06494796276092529
20260720,detection_plus_resource,56,0.0,0.9741826206511606,0.023185396566987038,0.12389339506626129,0.5333333611488342,0.009433609433472157,197.82666015625,543.9466552734375,0.06239581108093262
20260720,detection_plus_resource,57,0.0,0.9615249684445302,0.022957850247621536,0.12347163259983063,0.5266666412353516,0.009943673387169838,202.67999267578125,552.4400024414062,0.07898437976837158
20260720,detection_plus_resource,58,0.0,0.949031778378763,0.0242946557700634,0.1306716501712799,0.5333333611488342,0.0094224838539958,195.586669921875,540.0266723632812,0.05473959445953369
20260720,detection_plus_resource,59,0.0,0.9367009135808169,0.0220255795866251,0.12347163259983063,0.5400000214576721,0.009875204414129257,199.69332885742188,547.2133178710938,0.06877601146697998
20260720,detection_plus_resource,60,0.0,0.9245302649422548,0.024450646713376045,0.1306716501712799,0.5266666412353516,0.009161040186882019,190.36000061035156,530.8800048828125,0.036875009536743164
20260720,detection_plus_resource,61,0.0,0.9125177507584963,0.02463659457862377,0.12825779616832733,0.5199999809265137,0.009777511470019817,192.97332763671875,535.4533081054688,0.04580724239349365
20260720,detection_plus_resource,62,0.0,0.9006613163727574,0.022864358499646187,0.12445677071809769,0.5333333611488342,0.010104915127158165,195.2133331298828,539.3733520507812,0.05346357822418213
20260720,detection_plus_resource,63,0.0,0.8889589338246144,0.024758046492934227,0.1307934820652008,0.5266666412353516,0.008522799238562584,182.52000427246094,517.1599731445312,0.010078072547912598
20260720,detection_plus_resource,64,0.0,0.8774086015031368,0.024804463610053062,0.1306716501712799,0.5199999809265137,0.009549231268465519,189.6133270263672,529.5733032226562,0.03432285785675049
20260720,detection_plus_resource,65,0.0,0.8660083438045245,0.023050371557474136,0.12348084151744843,0.5266666412353516,0.009919814765453339,190.36000061035156,530.8800048828125,0.036875009536743164
20260720,detection_plus_resource,66,0.0,0.8547562107941956,0.024527721107006073,0.1307934820652008,0.5199999809265137,0.008511031046509743,176.9199981689453,507.3599853515625,0.0
20260720,detection_plus_resource,67,0.0,0.8436502778732629,0.0238850936293602,0.12729239463806152,0.5333333611488342,0.009470607154071331,186.6266632080078,524.3466796875,0.024114608764648438
20260720,detection_plus_resource,68,0.0,0.8326886454493452,0.023856978863477707,0.12741443514823914,0.5333333611488342,0.008943223394453526,179.53334045410156,511.9333190917969,0.0
20260720,detection_plus_resource,69,0.0,0.8218694386116551,0.02304917760193348,0.1271955519914627,0.5400000214576721,0.008803542703390121,173.93333435058594,502.1333312988281,0.0
20260720,detection_plus_resource,70,0.0,0.8111908068103082,0.024599438533186913,0.1307934820652008,0.5199999809265137,0.009022505953907967,175.05332946777344,504.09332275390625,0.0
20260720,detection_plus_resource,71,0.0,0.8006509235398003,0.0238448865711689,0.12816095352172852,0.5266666412353516,0.00906049832701683,175.05332946777344,504.09332275390625,0.0
20260720,detection_plus_resource,72,0.0,0.7902479860265953,0.02388538233935833,0.1305748075246811,0.5333333611488342,0.008959386497735977,174.30667114257812,502.7866516113281,0.0
20260720,detection_plus_resource,73,0.0,0.7799802149207745,0.022976264357566833,0.1245788186788559,0.5333333611488342,0.009049735963344574,177.6666717529297,508.6666564941406,0.0
20260720,detection_plus_resource,74,0.0,0.7698458539916904,0.023860853165388107,0.12741443514823914,0.5266666412353516,0.008611984550952911,172.44000244140625,499.5199890136719,0.0
20260720,detection_plus_resource,75,0.0,0.7598431698275756,0.02238382212817669,0.12554055452346802,0.5333333611488342,0.009257928468286991,179.9066619873047,512.586669921875,0.0011458396911621094
20260720,detection_plus_resource,76,0.0,0.7499704515390556,0.023458128795027733,0.1245788186788559,0.5266666412353516,0.00905503612011671,175.42666625976562,504.7466735839844,0.0
20260720,detection_plus_resource,77,0.0,0.7402260104665124,0.02361508272588253,0.12699267268180847,0.5266666412353516,0.009024213999509811,173.93333435058594,502.1333312988281,0.0
20260720,detection_plus_resource,78,0.0,0.7306081798912514,0.023720791563391685,0.12699267268180847,0.5266666412353516,0.009286108426749706,174.30667114257812,502.7866516113281,0.0
20260720,detection_plus_resource,79,0.0,0.7211153147504205,0.02416050247848034,0.13174334168434143,0.5266666412353516,0.00907255057245493,170.1999969482422,495.6000061035156,0.0
20260720,detection_plus_resource,80,0.0,0.7117457913556338,0.024080464616417885,0.13174334168434143,0.5266666412353516,0.009136167354881763,171.69332885742188,498.2133483886719,0.0
20260720,detection_plus_resource,81,0.0,0.702498007115251,0.02336105704307556,0.13174311816692352,0.5333333611488342,0.00882568396627903,168.3333282470703,492.3333435058594,0.0
20260720,detection_plus_resource,82,0.0,0.6933703802602654,0.02383621782064438,0.13063333928585052,0.5199999809265137,0.008852547034621239,166.0933380126953,488.413330078125,0.0
20260720,detection_plus_resource,83,0.0,0.6843613495737529,0.023176422342658043,0.13063333928585052,0.5333333611488342,0.00895636435598135,167.586669921875,491.02667236328125,0.0
20260720,detection_plus_resource,84,0.0,0.6754693741238371,0.025492781773209572,0.13624855875968933,0.5,0.00846338551491499,161.6133270263672,480.5733337402344,0.0
20260720,detection_plus_resource,85,0.0,0.6666929330001236,0.0223124660551548,0.12576085329055786,0.5400000214576721,0.00972838792949915,173.93333435058594,502.1333312988281,0.0
20260720,detection_plus_resource,86,0.0,0.6580305250535589,0.023964064195752144,0.13063333928585052,0.5199999809265137,0.00954451598227024,165.34666442871094,487.1066589355469,0.0
20260720,detection_plus_resource,87,0.0,0.649480668639669,0.025404319167137146,0.13624855875968933,0.5,0.009132263250648975,161.24000549316406,479.9200134277344,0.0
20260720,detection_plus_resource,88,0.0,0.6410419013651351,0.023104330524802208,0.13174311816692352,0.5400000214576721,0.010437293909490108,169.0800018310547,493.6400146484375,0.0
20260720,detection_plus_resource,89,0.0,0.6327127798376607,0.02567727118730545,0.13624855875968933,0.4933333396911621,0.008360137231647968,161.24000549316406,479.9200134277344,0.0
20260720,detection_plus_resource,90,0.0,0.62449187941909,0.024406002834439278,0.13063333928585052,0.5133333206176758,0.008538169786334038,163.10667419433594,483.1866760253906,0.0
20260720,detection_plus_resource,91,0.0,0.6163777939817331,0.02526087686419487,0.13624855875968933,0.5066666603088379,0.009807582013309002,161.24000549316406,479.9200134277344,0.0
20260720,detection_plus_resource,92,0.0,0.6083691356678577,0.02526087686419487,0.13624855875968933,0.5066666603088379,0.009849967435002327,161.24000549316406,479.9200134277344,0.0
20260720,detection_plus_resource,93,0.0,0.6004645346523059,0.025219831615686417,0.13624855875968933,0.5066666603088379,0.009185481816530228,161.6133270263672,480.5733337402344,0.0
20260720,detection_plus_resource,94,0.0,0.592662638908195,0.026332467794418335,0.14004959166049957,0.5,0.009122260846197605,160.86666870117188,479.26666259765625,0.0
20260720,detection_plus_resource,95,0.0,0.5849621139756629,0.025404319167137146,0.13624855875968933,0.5,0.009087330661714077,161.24000549316406,479.9200134277344,0.0
20260720,detection_plus_resource,96,0.0,0.5773616427336179,0.025732023641467094,0.13624855875968933,0.4933333396911621,0.008150916546583176,160.86666870117188,479.26666259765625,0.0
20260720,detection_plus_resource,97,0.0,0.5698599251744542,0.02526087686419487,0.13624855875968933,0.5066666603088379,0.010472609661519527,161.24000549316406,479.9200134277344,0.0
20260720,detection_plus_resource,98,0.0,0.562455678181695,0.025057978928089142,0.13624855875968933,0.5133333206176758,0.010003002360463142,162.73333740234375,482.5333251953125,0.0
20260720,detection_plus_resource,99,0.0,0.555147635310524,0.026621052995324135,0.14004959166049957,0.4933333396911621,0.00791397038847208,160.86666870117188,479.26666259765625,0.0
20260720,detection_plus_resource,100,0.0,0.5479345465711694,0.0256588626652956,0.13624855875968933,0.4933333396911621,0.008257294073700905,163.85333251953125,484.49334716796875,0.0
20260720,detection_plus_resource,101,0.0,0.5408151782151011,0.02563815377652645,0.13624855875968933,0.4933333396911621,0.008050992153584957,161.6133270263672,480.5733337402344,0.0
20260720,detection_plus_resource,102,0.0,0.5337883125240072,0.02541995607316494,0.13624855875968933,0.5,0.008633038029074669,161.24000549316406,479.9200134277344,0.0
20260720,detection_plus_resource,103,0.0,0.5268527476015116,0.025276511907577515,0.13624855875968933,0.5066666603088379,0.010055150836706161,161.24000549316406,479.9200134277344,0.0
20260720,detection_plus_resource,104,0.0,0.520007297167598,0.026621052995324135,0.14004959166049957,0.4933333396911621,0.00795732717961073,160.86666870117188,479.26666259765625,0.0
20260720,detection_plus_resource,105,0.0,0.513250790355705,0.026621052995324135,0.14004959166049957,0.4933333396911621,0.00795475672930479,160.86666870117188,479.26666259765625,0.0
20260720,detection_plus_resource,106,0.0,0.5065820715124574,0.02634810097515583,0.14004959166049957,0.5,0.008684574626386166,160.86666870117188,479.26666259765625,0.0
20260720,detection_plus_resource,107,0.0,0.5,0.02634810097515583,0.14004959166049957,0.5,0.008716175332665443,160.86666870117188,479.26666259765625,0.0
20260720,detection_plus_resource,108,0.0,0.49350345000089935,0.02634810097515583,0.14004959166049957,0.5,0.00878116674721241,161.24000549316406,479.9200134277344,0.0
20260720,detection_plus_resource,109,0.0,0.4870913103255803,0.026621052995324135,0.14004959166049957,0.4933333396911621,0.007998350076377392,162.36000061035156,481.8800048828125,0.0
20260720,detection_plus_resource,110,0.0,0.4807624842222651,0.026621052995324135,0.14004959166049957,0.4933333396911621,0.007943984121084213,161.24000549316406,479.9200134277344,0.0
20260720,detection_plus_resource,111,0.0,0.47451588918938153,0.026621052995324135,0.14004959166049957,0.4933333396911621,0.008112702518701553,163.85333251953125,484.49334716796875,0.0
20260720,detection_plus_resource,112,0.0,0.46835045679040843,0.026621052995324135,0.14004959166049957,0.4933333396911621,0.00817172322422266,163.10667419433594,483.1866760253906,0.0
20260720,detection_plus_resource,113,0.0,0.4622651324711274,0.026621052995324135,0.14004959166049957,0.4933333396911621,0.00804954208433628,161.98666381835938,481.2266540527344,0.0
20260720,detection_plus_resource,114,0.0,0.4562588753792482,0.026621052995324135,0.14004959166049957,0.4933333396911621,0.00804954394698143,161.98666381835938,481.2266540527344,0.0
20260720,detection_plus_resource,115,0.0,0.45033065818637874,0.026621052995324135,0.14004959166049957,0.4933333396911621,0.008014478720724583,161.6133270263672,480.5733337402344,0.0
20260720,detection_plus_resource,116,0.0,0.4444794669123073,0.025692906230688095,0.13624855875968933,0.4933333396911621,0.008002747781574726,162.73333740234375,482.5333251953125,0.0
20260720,detection_plus_resource,117,0.0,0.43870430075156847,0.02571370266377926,0.13624855875968933,0.4933333396911621,0.008318504318594933,165.34666442871094,487.1066589355469,0.0
20260720,detection_plus_resource,118,0.0,0.4330041719022623,0.0266418494284153,0.14004959166049957,0.4933333396911621,0.00816861167550087,164.60000610351562,485.79998779296875,0.0
20260720,detection_plus_resource,119,0.0,0.42737810539709786,0.02571370266377926,0.13624855875968933,0.4933333396911621,0.00810066144913435,164.97332763671875,486.4533386230469,0.0
20260720,detection_plus_resource,120,0.0,0.42182513893663154,0.0266418494284153,0.14004959166049957,0.4933333396911621,0.008070288226008415,163.10667419433594,483.1866760253906,0.0
20260720,detection_plus_resource,121,0.0,0.4163443227246726,0.026621052995324135,0.14004959166049957,0.4933333396911621,0.008206399157643318,163.47999572753906,483.8399963378906,0.0
20260720,detection_plus_resource,122,0.0,0.4109347193058275,0.02571370266377926,0.13624855875968933,0.4933333396911621,0.009090112522244453,164.60000610351562,485.79998779296875,0.0
20260720,detection_plus_resource,123,0.0,0.40559540340515404,0.02571370266377926,0.13624855875968933,0.4933333396911621,0.008208679035305977,164.97332763671875,486.4533386230469,0.0
20260720,detection_plus_resource,124,0.0,0.4003254617699001,0.02571370266377926,0.13624855875968933,0.4933333396911621,0.008163384161889553,164.97332763671875,486.4533386230469,0.0
20260720,detection_plus_resource,125,0.0,0.39512399301329765,0.02571370266377926,0.13624855875968933,0.4933333396911621,0.00825833436101675,164.97332763671875,486.4533386230469,0.0
20260720,detection_plus_resource,126,0.0,0.38999010746038726,0.026707613840699196,0.14004959166049957,0.4933333396911621,0.009169197641313076,164.60000610351562,485.79998779296875,0.0
20260720,detection_plus_resource,127,0.0,0.3849229269958451,0.02571370266377926,0.13624855875968933,0.4933333396911621,0.008260304108262062,164.97332763671875,486.4533386230469,0.0
20260720,detection_plus_resource,128,0.0,0.37992158491378775,0.02571370266377926,0.13624855875968933,0.4933333396911621,0.008244171738624573,164.97332763671875,486.4533386230469,0.0
20260720,detection_plus_resource,129,0.0,0.37498522576952775,0.0266418494284153,0.14004959166049957,0.4933333396911621,0.008285329677164555,164.22666931152344,485.14666748046875,0.0
20260720,detection_plus_resource,130,0.0,0.3701130052332562,0.02571370266377926,0.13624855875968933,0.4933333396911621,0.008346759714186192,164.60000610351562,485.79998779296875,0.0
20260720,detection_plus_resource,131,0.0,0.36530408994562563,0.02571370266377926,0.13624855875968933,0.4933333396911621,0.00821036659181118,164.22666931152344,485.14666748046875,0.0
20260720,detection_plus_resource,132,0.0,0.36055765737521017,0.0266418494284153,0.14004959166049957,0.4933333396911621,0.008387221954762936,164.97332763671875,486.4533386230469,0.0
20260720,detection_plus_resource,133,0.0,0.3558728956778169,0.026707613840699196,0.14004959166049957,0.4933333396911621,0.009332191199064255,165.34666442871094,487.1066589355469,0.0
20260720,detection_plus_resource,134,0.0,0.3512490035576255,0.0266418494284153,0.14004959166049957,0.4933333396911621,0.00844353437423706,164.97332763671875,486.4533386230469,0.0
20260720,detection_plus_resource,135,0.0,0.34668519013013266,0.02571370266377926,0.13624855875968933,0.4933333396911621,0.009149176068603992,164.60000610351562,485.79998779296875,0.0
20260720,detection_plus_resource,136,0.0,0.3421806747868764,0.02571370266377926,0.13624855875968933,0.4933333396911621,0.008442248217761517,165.34666442871094,487.1066589355469,0.0
20260720,detection_plus_resource,137,0.0,0.3377346870619185,0.026707613840699196,0.14004959166049957,0.4933333396911621,0.009342069737613201,164.60000610351562,485.79998779296875,0.0
20260720,detection_plus_resource,138,0.0,0.3333464665000618,0.025750529021024704,0.13624855875968933,0.4933333396911621,0.011044804938137531,165.34666442871094,487.1066589355469,0.0
20260720,detection_plus_resource,139,0.0,0.3290152625267794,0.02668096497654915,0.14004959166049957,0.4933333396911621,0.0083949388936162,164.22666931152344,485.14666748046875,0.0
20260720,detection_plus_resource,140,0.0,0.32474033431983446,0.0266418494284153,0.14004959166049957,0.4933333396911621,0.008525282144546509,164.60000610351562,485.79998779296875,0.0
20260720,detection_plus_resource,141,0.0,0.32052095068256753,0.0266418494284153,0.14004959166049957,0.4933333396911621,0.008550407364964485,164.60000610351562,485.79998779296875,0.0
20260720,detection_plus_resource,142,0.0,0.31635638991883036,0.025752820074558258,0.13624855875968933,0.4933333396911621,0.008520800620317459,165.34666442871094,487.1066589355469,0.0
20260720,detection_plus_resource,143,0.0,0.312245939709545,0.0266418494284153,0.14004959166049957,0.4933333396911621,0.008569844998419285,164.97332763671875,486.4533386230469,0.0
20260720,detection_plus_resource,144,0.0,0.30818889699086655,0.0266418494284153,0.14004959166049957,0.4933333396911621,0.008555111475288868,164.60000610351562,485.79998779296875,0.0
20260720,detection_plus_resource,145,0.0,0.30418456783392883,0.02571370266377926,0.13624855875968933,0.4933333396911621,0.009379660710692406,165.34666442871094,487.1066589355469,0.0
20260720,detection_plus_resource,146,0.0,0.30023226732615294,0.02571370266377926,0.13624855875968933,0.4933333396911621,0.008611931465566158,165.34666442871094,487.1066589355469,0.0
20260720,detection_plus_resource,147,0.0,0.29633131945409746,0.02668096497654915,0.14004959166049957,0.4933333396911621,0.00862875021994114,164.97332763671875,486.4533386230469,0.0
20260720,detection_plus_resource,148,0.0,0.29248105698783144,0.025752820074558258,0.13624855875968933,0.4933333396911621,0.009428923949599266,165.34666442871094,487.1066589355469,0.0
20260720,detection_plus_resource,149,0.0,0.2886808213668089,0.02668096497654915,0.14004959166049957,0.4933333396911621,0.00936368852853775,163.85333251953125,484.49334716796875,0.0
20260720,detection_plus_resource,150,0.0,0.2849299625872271,0.026678675785660744,0.14004959166049957,0.4933333396911621,0.01030702143907547,164.60000610351562,485.79998779296875,0.0
20260720,detection_plus_resource,151,0.0,0.2812278390908475,0.02668096497654915,0.14004959166049957,0.4933333396911621,0.008504635654389858,163.47999572753906,483.8399963378906,0.0
20260720,detection_plus_resource,152,0.0,0.277573817655262,0.02668096497654915,0.14004959166049957,0.4933333396911621,0.00864438060671091,164.60000610351562,485.79998779296875,0.0
20260720,detection_plus_resource,153,0.0,0.2739672732855847,0.026746731251478195,0.14004959166049957,0.4933333396911621,0.00934115145355463,163.10667419433594,483.1866760253906,0.0
20260720,detection_plus_resource,154,0.0,0.2704075891075505,0.02668096497654915,0.14004959166049957,0.4933333396911621,0.0093509741127491,163.10667419433594,483.1866760253906,0.0
20260720,detection_plus_resource,155,0.0,0.2668941562620035,0.02668096497654915,0.14004959166049957,0.4933333396911621,0.00935619417577982,163.10667419433594,483.1866760253906,0.0
20260720,detection_plus_resource,156,0.0,0.26342637380075573,0.026631230488419533,0.14004959166049957,0.4933333396911621,0.009212959557771683,162.73333740234375,482.5333251953125,0.0
20260720,detection_plus_resource,157,0.0,0.260003648583799,0.02668096497654915,0.14004959166049957,0.4933333396911621,0.00842663086950779,162.73333740234375,482.5333251953125,0.0
20260720,detection_plus_resource,158,0.0,0.25662539517785243,0.025752820074558258,0.13624855875968933,0.4933333396911621,0.009368162602186203,163.85333251953125,484.49334716796875,0.0
20260720,detection_plus_resource,159,0.0,0.2532910357562287,0.026660168543457985,0.14004959166049957,0.4933333396911621,0.00908538606017828,161.98666381835938,481.2266540527344,0.0
20260720,detection_plus_resource,160,0.0,0.25,0.025967640802264214,0.13624855875968933,0.4933333396911621,0.011124270036816597,163.47999572753906,483.8399963378906,0.0
20260720,full_joint_loss,1,0.0011298274993896574,2.0,0.02240883931517601,0.11461873352527618,0.5133333206176758,0.007834306918084621,215.0,574.0,0.12109375
20260720,full_joint_loss,2,0.0028082752227783113,1.9740138000035972,0.023578239604830742,0.11587078869342804,0.5,0.008342461660504341,215.0,574.0,0.12109375
20260720,full_joint_loss,3,0.0054300212860107335,1.9483652413023211,0.02196713536977768,0.11025790870189667,0.5199999809265137,0.009408910758793354,215.0,574.0,0.12109375
20260720,full_joint_loss,4,0.009607195854187012,1.9230499368890603,0.02341282367706299,0.11695604026317596,0.5,0.01158599928021431,215.0,574.0,0.12109375
20260720,full_joint_loss,5,0.01594085693359375,1.898063556757526,0.021965790539979935,0.11334416270256042,0.5,0.014686676673591137,215.0,574.0,0.12109375
20260720,full_joint_loss,6,0.024478683471679696,1.8734018271616335,0.022781802341341972,0.11725683510303497,0.5133333206176758,0.016655679792165756,215.0,574.0,0.12109375
20260720,full_joint_loss,7,0.034141201972961444,1.8490605298845093,0.022911395877599716,0.12268473953008652,0.5266666412353516,0.01566312462091446,215.0,574.0,0.12109375
20260720,full_joint_loss,8,0.04404676914215089,1.8250355015169928,0.022497616708278656,0.12347163259983063,0.5333333611488342,0.014248520135879517,215.0,574.0,0.12109375
20260720,full_joint_loss,9,0.053608131408691403,1.8013226327455147,0.021239392459392548,0.11911080777645111,0.54666668176651,0.012761303223669529,215.0,574.0,0.12109375
20260720,full_joint_loss,10,0.06281360149383546,1.777917867649229,0.021249141544103622,0.11911080777645111,0.54666668176651,0.012255626730620861,215.0,574.0,0.12109375
20260720,full_joint_loss,11,0.07208852767944336,1.7548172030062736,0.02144281007349491,0.11911080777645111,0.54666668176651,0.01231992058455944,215.0,574.0,0.12109375
20260720,full_joint_loss,12,0.08178210735321044,1.732016687609049,0.021432017907500267,0.11911080777645111,0.54666668176651,0.01290085818618536,215.0,574.0,0.12109375
20260720,full_joint_loss,13,0.09189051151275632,1.7095124215883912,0.022457389160990715,0.12347163259983063,0.5333333611488342,0.013425680808722973,215.0,574.0,0.12109375
20260720,full_joint_loss,14,0.10163356304168697,1.687300555746526,0.023011643439531326,0.12347163259983063,0.5266666412353516,0.013280585408210754,215.0,574.0,0.12109375
20260720,full_joint_loss,15,0.11059475421905512,1.6653772908986906,0.022743243724107742,0.12347163259983063,0.5333333611488342,0.013669445179402828,215.0,574.0,0.12109375
20260720,full_joint_loss,16,0.11833203792572014,1.6437388772233101,0.02188079059123993,0.1179572120308876,0.5199999809265137,0.013379974290728569,213.8800048828125,572.0399780273438,0.11726558208465576
20260720,full_joint_loss,17,0.12472204208374015,1.6223816136206164,0.021900100633502007,0.11761099845170975,0.5266666412353516,0.012232246808707714,207.9066619873047,561.586669921875,0.09684896469116211
20260720,full_joint_loss,18,0.13006825923919668,1.6013018470796005,0.026946233585476875,0.13426676392555237,0.5066666603088379,0.011652039363980293,190.36000061035156,530.8800048828125,0.036875009536743164
20260720,full_joint_loss,19,0.13419005393981923,1.5804959720531906,0.02789219841361046,0.14527514576911926,0.47999998927116394,0.010468355379998684,159.0,476.0,0.0
20260720,full_joint_loss,20,0.13683350563049307,1.559960429841549,0.027748756110668182,0.14527514576911926,0.4866666793823242,0.01183022279292345,159.0,476.0,0.0
20260720,full_joint_loss,21,0.13852980613708488,1.5396917079833807,0.027403943240642548,0.14182701706886292,0.4866666793823242,0.01309637539088726,159.0,476.0,0.0
20260720,full_joint_loss,22,0.13950260162353506,1.5196863396551512,0.027748756110668182,0.14527514576911926,0.4866666793823242,0.012470499612390995,159.0,476.0,0.0
20260720,full_joint_loss,23,0.1408289432525634,1.4999409030781112,0.027748756110668182,0.14527514576911926,0.4866666793823242,0.01183022279292345,159.0,476.0,0.0
20260720,full_joint_loss,24,0.14283406734466544,1.4804520209330247,0.027748756110668182,0.14527514576911926,0.4866666793823242,0.011000786907970905,159.0,476.0,0.0
20260720,full_joint_loss,25,0.14497767925262442,1.4612163597825027,0.027863498777151108,0.14527514576911926,0.47999998927116394,0.011020495556294918,160.1199951171875,477.9599914550781,0.0
20260720,full_joint_loss,26,0.14724283695220938,1.442230629500841,0.027748756110668182,0.14527514576911926,0.4866666793823242,0.01164106372743845,159.0,476.0,0.0
20260720,full_joint_loss,27,0.14839201450347891,1.4234915827112675,0.027748756110668182,0.14527514576911926,0.4866666793823242,0.011000786907970905,159.0,476.0,0.0
20260720,full_joint_loss,28,0.14972129344940177,1.404996014230502,0.027748756110668182,0.14527514576911926,0.4866666793823242,0.012470499612390995,159.0,476.0,0.0
20260720,full_joint_loss,29,0.15200101375579828,1.3867407605205309,0.027748756110668182,0.14527514576911926,0.4866666793823242,0.01164106372743845,159.0,476.0,0.0
20260720,full_joint_loss,30,0.15383773326873773,1.3687226991475059,0.027748756110668182,0.14527514576911926,0.4866666793823242,0.01046468410640955,159.0,476.0,0.0
20260720,full_joint_loss,31,0.1548254203796386,1.350938748247674,0.027748756110668182,0.14527514576911926,0.4866666793823242,0.01046468410640955,159.0,476.0,0.0
20260720,full_joint_loss,32,0.15597302913665761,1.333385866000247,0.0272305179387331,0.14527514576911926,0.4933333396911621,0.012303382158279419,159.0,476.0,0.0
20260720,full_joint_loss,33,0.15702383518218985,1.3160610501071175,0.027748756110668182,0.14527514576911926,0.4866666793823242,0.01046468410640955,159.0,476.0,0.0
20260720,full_joint_loss,34,0.15835112094879142,1.2989613372793378,0.0272305179387331,0.14527514576911926,0.4933333396911621,0.012407557107508183,159.0,476.0,0.0
20260720,full_joint_loss,35,0.15994195461273186,1.2820838027302701,0.027475805953145027,0.14527514576911926,0.4933333396911621,0.01117923203855753,159.0,476.0,0.0
20260720,full_joint_loss,36,0.16087405681610098,1.2654255596753214,0.027475805953145027,0.14527514576911926,0.4933333396911621,0.01117923203855753,159.0,476.0,0.0
20260720,full_joint_loss,37,0.16116615295410147,1.24898375883818,0.0272305179387331,0.14527514576911926,0.4933333396911621,0.012943660840392113,159.0,476.0,0.0
20260720,full_joint_loss,38,0.16206466197967517,1.2327555879634662,0.0272305179387331,0.14527514576911926,0.4933333396911621,0.012303382158279419,159.0,476.0,0.0
20260720,full_joint_loss,39,0.1633730840682982,1.2167382713357153,0.027503468096256256,0.14527514576911926,0.4866666793823242,0.011052730493247509,159.0,476.0,0.0
20260720,full_joint_loss,40,0.16475976943969714,1.2009290693046117,0.0272305179387331,0.14527514576911926,0.4933333396911621,0.011767279356718063,159.0,476.0,0.0
20260720,full_joint_loss,41,0.16560940265655502,1.18532527781639,0.0272305179387331,0.14527514576911926,0.4933333396911621,0.011767279356718063,159.0,476.0,0.0
20260720,full_joint_loss,42,0.16594678878784164,1.1699242279513258,0.0272305179387331,0.14527514576911926,0.4933333396911621,0.011767279356718063,159.0,476.0,0.0
20260720,full_joint_loss,43,0.16705413818359358,1.1547232854672358,0.0272305179387331,0.14527514576911926,0.4933333396911621,0.012943660840392113,159.0,476.0,0.0
20260720,full_joint_loss,44,0.16844249248504622,1.1397198503489083,0.027748756110668182,0.14527514576911926,0.4866666793823242,0.01046468410640955,159.0,476.0,0.0
20260720,full_joint_loss,45,0.16968475818634018,1.12491135636339,0.027748756110668182,0.14527514576911926,0.4866666793823242,0.01046468410640955,159.0,476.0,0.0
20260720,full_joint_loss,46,0.1708905220031737,1.110295270621048,0.0272305179387331,0.14527514576911926,0.4933333396911621,0.011767279356718063,159.0,476.0,0.0
20260720,full_joint_loss,47,0.17174613475799547,1.0958690931423387,0.0272305179387331,0.14527514576911926,0.4933333396911621,0.011767279356718063,159.0,476.0,0.0
20260720,full_joint_loss,48,0.1723289585113524,1.0816303564302021,0.027475805953145027,0.14527514576911926,0.4933333396911621,0.01117923203855753,159.0,476.0,0.0
20260720,full_joint_loss,49,0.17284888267517076,1.0675766250480143,0.0272305179387331,0.14527514576911926,0.4933333396911621,0.011767279356718063,159.0,476.0,0.0
20260720,full_joint_loss,50,0.17328517913818345,1.0537054952030231,0.0272305179387331,0.14527514576911926,0.4933333396911621,0.013205860741436481,159.0,476.0,0.0
20260720,full_joint_loss,51,0.17400903701782214,1.040014594335196,0.0272305179387331,0.14527514576911926,0.4933333396911621,0.012407557107508183,159.0,476.0,0.0
20260720,full_joint_loss,52,0.17481760978698718,1.02650158071141,0.0272305179387331,0.14527514576911926,0.4933333396911621,0.012407557107508183,159.0,476.0,0.0
20260720,full_joint_loss,53,0.17525698184967028,1.0131641430249148,0.0272305179387331,0.14527514576911926,0.4933333396911621,0.011767279356718063,159.0,476.0,0.0
20260720,full_joint_loss,54,0.1755408453941344,1.0,0.0272305179387331,0.14527514576911926,0.4933333396911621,0.012407557107508183,159.0,476.0,0.0
20260720,full_joint_loss,55,0.17582708120346055,0.9870069000017987,0.0272305179387331,0.14527514576911926,0.4933333396911621,0.011767279356718063,159.0,476.0,0.0
20260720,full_joint_loss,56,0.17592113733291612,0.9741826206511606,0.0272305179387331,0.14527514576911926,0.4933333396911621,0.011767279356718063,159.0,476.0,0.0
20260720,full_joint_loss,57,0.17580519437789902,0.9615249684445302,0.0272305179387331,0.14527514576911926,0.4933333396911621,0.013205860741436481,159.0,476.0,0.0
20260720,full_joint_loss,58,0.17625811815261824,0.949031778378763,0.0272305179387331,0.14527514576911926,0.4933333396911621,0.013205860741436481,159.0,476.0,0.0
20260720,full_joint_loss,59,0.17705884218215928,0.9367009135808169,0.0272305179387331,0.14527514576911926,0.4933333396911621,0.013205860741436481,159.0,476.0,0.0
20260720,full_joint_loss,60,0.17710635900497423,0.9245302649422548,0.027475805953145027,0.14527514576911926,0.4933333396911621,0.01117923203855753,159.0,476.0,0.0
20260720,full_joint_loss,61,0.17643544912338244,0.9125177507584963,0.0272305179387331,0.14527514576911926,0.4933333396911621,0.013205860741436481,159.0,476.0,0.0
20260720,full_joint_loss,62,0.17694171190261826,0.9006613163727574,0.0272305179387331,0.14527514576911926,0.4933333396911621,0.013205860741436481,159.0,476.0,0.0
20260720,full_joint_loss,63,0.17783756494522082,0.8889589338246144,0.027475805953145027,0.14527514576911926,0.4933333396911621,0.01117923203855753,159.0,476.0,0.0
20260720,full_joint_loss,64,0.17670493125915515,0.8774086015031368,0.0272305179387331,0.14527514576911926,0.4933333396911621,0.011767279356718063,159.0,476.0,0.0
20260720,full_joint_loss,65,0.17571741819381703,0.8660083438045245,0.026386095210909843,0.14004959166049957,0.5,0.019547436386346817,159.0,476.0,0.0
20260720,full_joint_loss,66,0.1772412657737731,0.8547562107941956,0.0272305179387331,0.14527514576911926,0.4933333396911621,0.013205860741436481,159.0,476.0,0.0
20260720,full_joint_loss,67,0.1776532554626464,0.8436502778732629,0.027475805953145027,0.14527514576911926,0.4933333396911621,0.01117923203855753,159.0,476.0,0.0
20260720,full_joint_loss,68,0.1761536169052123,0.8326886454493452,0.027475805953145027,0.14527514576911926,0.4933333396911621,0.01117923203855753,159.0,476.0,0.0
20260720,full_joint_loss,69,0.1747387647628783,0.8218694386116551,0.0272305179387331,0.14527514576911926,0.4933333396911621,0.015367989428341389,159.0,476.0,0.0
20260720,full_joint_loss,70,0.1748272490501403,0.8111908068103082,0.027105433866381645,0.14527514576911926,0.5,0.013406665995717049,159.32000732421875,476.55999755859375,0.0
20260720,full_joint_loss,71,0.17524689912796013,0.8006509235398003,0.02735072188079357,0.14527514576911926,0.5,0.011387445963919163,159.32000732421875,476.55999755859375,0.0
20260720,full_joint_loss,72,0.17436504125595084,0.7902479860265953,0.027311604470014572,0.14527514576911926,0.5,0.011170754209160805,159.47999572753906,476.8399963378906,0.0
20260720,full_joint_loss,73,0.17346729755401605,0.7799802149207745,0.02735072188079357,0.14527514576911926,0.5,0.014390247873961926,159.32000732421875,476.55999755859375,0.0
20260720,full_joint_loss,74,0.17281848907470695,0.7698458539916904,0.02735072188079357,0.14527514576911926,0.5,0.012826026417315006,159.32000732421875,476.55999755859375,0.0
20260720,full_joint_loss,75,0.17137025594711297,0.7598431698275756,0.02735072188079357,0.14527514576911926,0.5,0.011387445963919163,159.32000732421875,476.55999755859375,0.0
20260720,full_joint_loss,76,0.16991313934326163,0.7499704515390556,0.027066320180892944,0.14527514576911926,0.5,0.013223249465227127,159.47999572753906,476.8399963378906,0.0
20260720,full_joint_loss,77,0.16879420757293692,0.7402260104665124,0.027311604470014572,0.14527514576911926,0.5,0.012624090537428856,159.47999572753906,476.8399963378906,0.0
20260720,full_joint_loss,78,0.1673632049560546,0.7306081798912514,0.027436688542366028,0.14527514576911926,0.4933333396911621,0.012616566382348537,159.47999572753906,476.8399963378906,0.0
20260720,full_joint_loss,79,0.16519451618194572,0.7211153147504205,0.0271914005279541,0.14527514576911926,0.4933333396911621,0.013204614631831646,159.47999572753906,476.8399963378906,0.0
20260720,full_joint_loss,80,0.1645663857460021,0.7117457913556338,0.0271914005279541,0.14527514576911926,0.4933333396911621,0.013215725310146809,159.47999572753906,476.8399963378906,0.0
20260720,full_joint_loss,81,0.16400893211364737,0.702498007115251,0.027436688542366028,0.14527514576911926,0.4933333396911621,0.011189097538590431,159.47999572753906,476.8399963378906,0.0
20260720,full_joint_loss,82,0.16169491767883293,0.6933703802602654,0.027475805953145027,0.14527514576911926,0.4933333396911621,0.011320317164063454,159.16000366210938,476.2799987792969,0.0
20260720,full_joint_loss,83,0.15988664865493768,0.6843613495737529,0.0271914005279541,0.14527514576911926,0.4933333396911621,0.01562761887907982,159.47999572753906,476.8399963378906,0.0
20260720,full_joint_loss,84,0.1580827951431274,0.6754693741238371,0.027436688542366028,0.14527514576911926,0.4933333396911621,0.011989722959697247,159.47999572753906,476.8399963378906,0.0
20260720,full_joint_loss,85,0.15623223781585688,0.6666929330001236,0.027436688542366028,0.14527514576911926,0.4933333396911621,0.011989722959697247,159.47999572753906,476.8399963378906,0.0
20260720,full_joint_loss,86,0.15532794475555414,0.6580305250535589,0.027436688542366028,0.14527514576911926,0.4933333396911621,0.01264851912856102,159.47999572753906,476.8399963378906,0.0
20260720,full_joint_loss,87,0.15316388607025141,0.649480668639669,0.027475805953145027,0.14527514576911926,0.4933333396911621,0.012132646515965462,159.16000366210938,476.2799987792969,0.0
20260720,full_joint_loss,88,0.15071527719497677,0.6410419013651351,0.027143051847815514,0.14527514576911926,0.5,0.013685342855751514,160.06666564941406,477.8666687011719,0.0
20260720,full_joint_loss,89,0.15036102294921871,0.6327127798376607,0.027430381625890732,0.14527514576911926,0.5,0.01044081337749958,160.22666931152344,478.14666748046875,0.0
20260720,full_joint_loss,90,0.1485205554962158,0.62449187941909,0.027475805953145027,0.14527514576911926,0.4933333396911621,0.011399487964808941,159.32000732421875,476.55999755859375,0.0
20260720,full_joint_loss,91,0.14539995193481442,0.6163777939817331,0.027418896555900574,0.14527514576911926,0.5,0.013682871125638485,159.9066619873047,477.586669921875,0.0
20260720,full_joint_loss,92,0.1444386577606201,0.6083691356678577,0.027430381625890732,0.14527514576911926,0.5,0.011878719553351402,160.06666564941406,477.8666687011719,0.0
20260720,full_joint_loss,93,0.14236471176147458,0.6004645346523059,0.027475805953145027,0.14527514576911926,0.4933333396911621,0.011334342882037163,159.16000366210938,476.2799987792969,0.0
20260720,full_joint_loss,94,0.13907973051071165,0.592662638908195,0.02709929086267948,0.14527514576911926,0.5,0.01322531420737505,159.74667358398438,477.3066711425781,0.0
20260720,full_joint_loss,95,0.1377733254432678,0.5849621139756629,0.0272194966673851,0.14527514576911926,0.5066666603088379,0.01278739608824253,160.06666564941406,477.8666687011719,0.0
20260720,full_joint_loss,96,0.1354577350616455,0.5773616427336179,0.027371272444725037,0.14527514576911926,0.4933333396911621,0.014164131134748459,159.0,476.0,0.0
20260720,full_joint_loss,97,0.131210618019104,0.5698599251744542,0.027093829587101936,0.14527514576911926,0.5133333206176758,0.017290165647864342,159.74667358398438,477.3066711425781,0.0
20260720,full_joint_loss,98,0.1292452025413513,0.562455678181695,0.02732584998011589,0.14527514576911926,0.5,0.0125281298533082,159.74667358398438,477.3066711425781,0.0
20260720,full_joint_loss,99,0.12674770593643186,0.555147635310524,0.027475805953145027,0.14527514576911926,0.4933333396911621,0.011900564655661583,159.0,476.0,0.0
20260720,full_joint_loss,100,0.12293292284011839,0.5479345465711694,0.027430381625890732,0.14527514576911926,0.5,0.01271821465343237,159.74667358398438,477.3066711425781,0.0
20260720,full_joint_loss,101,0.12093971252441404,0.5408151782151011,0.0275778416544199,0.14527514576911926,0.4933333396911621,0.014175658114254475,160.06666564941406,477.8666687011719,0.0
20260720,full_joint_loss,102,0.11902750968933104,0.5337883125240072,0.02761988341808319,0.14527514576911926,0.4933333396911621,0.011537479236721992,160.06666564941406,477.8666687011719,0.0
20260720,full_joint_loss,103,0.11575006723403929,0.5268527476015116,0.02761988341808319,0.14527514576911926,0.4933333396911621,0.010713189840316772,160.06666564941406,477.8666687011719,0.0
20260720,full_joint_loss,104,0.11330394029617308,0.520007297167598,0.02738010697066784,0.14527514576911926,0.5,0.020296093076467514,159.74667358398438,477.3066711425781,0.0
20260720,full_joint_loss,105,0.11087974071502685,0.513250790355705,0.02802877128124237,0.1467898041009903,0.5066666603088379,0.02365856058895588,160.06666564941406,477.8666687011719,0.0
20260720,full_joint_loss,106,0.10902541399002075,0.5065820715124574,0.02482941932976246,0.14004959166049957,0.5333333611488342,0.015684939920902252,160.86666870117188,479.26666259765625,0.0
20260720,full_joint_loss,107,0.1057481551170349,0.5,0.027325140312314034,0.14527514576911926,0.5,0.011791191063821316,159.74667358398438,477.3066711425781,0.0
20260720,full_joint_loss,108,0.10358697414398192,0.49350345000089935,0.02730785310268402,0.14527514576911926,0.5,0.012012739665806293,160.1199951171875,477.9599914550781,0.0
20260720,full_joint_loss,109,0.10165575265884398,0.4870913103255803,0.02750460058450699,0.14527514576911926,0.4933333396911621,0.012276501394808292,160.27999877929688,478.239990234375,0.0
20260720,full_joint_loss,110,0.0998112392425537,0.4807624842222651,0.025369487702846527,0.14004959166049957,0.5133333206176758,0.011629795655608177,161.39999389648438,480.20001220703125,0.0
20260720,full_joint_loss,111,0.09610920667648314,0.47451588918938153,0.025948485359549522,0.14004959166049957,0.5066666603088379,0.012967575341463089,160.7066650390625,478.9866638183594,0.0
20260720,full_joint_loss,112,0.09272154569625853,0.46835045679040843,0.027474043890833855,0.14527514576911926,0.4933333396911621,0.017331600189208984,160.44000244140625,478.5199890136719,0.0
20260720,full_joint_loss,113,0.0908801460266113,0.4622651324711274,0.02741929143667221,0.14527514576911926,0.4933333396911621,0.014599449001252651,160.81333923339844,479.17333984375,0.0
20260720,full_joint_loss,114,0.08923083305358884,0.4562588753792482,0.025790125131607056,0.14004959166049957,0.5066666603088379,0.011202046647667885,161.0800018310547,479.6400146484375,0.0
20260720,full_joint_loss,115,0.08626339435577389,0.45033065818637874,0.02606208622455597,0.14004959166049957,0.5,0.010998781770467758,160.54666137695312,478.7066650390625,0.0
20260720,full_joint_loss,116,0.0836054158210754,0.4444794669123073,0.02639123611152172,0.14004959166049957,0.5,0.01575622521340847,160.60000610351562,478.79998779296875,0.0
20260720,full_joint_loss,117,0.08105083227157589,0.43870430075156847,0.02589879371225834,0.14004959166049957,0.5,0.017690502107143402,160.9199981689453,479.3599853515625,0.0
20260720,full_joint_loss,118,0.07975896596908566,0.4330041719022623,0.02583320438861847,0.14004959166049957,0.5066666603088379,0.013832539319992065,161.0800018310547,479.6400146484375,0.0
20260720,full_joint_loss,119,0.076293728351593,0.42737810539709786,0.02606208622455597,0.14004959166049957,0.5,0.01260474231094122,160.54666137695312,478.7066650390625,0.0
20260720,full_joint_loss,120,0.0733793807029724,0.42182513893663154,0.023843441158533096,0.13431231677532196,0.5266666412353516,0.016076426953077316,164.7066650390625,485.9866638183594,0.0
20260720,full_joint_loss,121,0.07258561849594115,0.4163443227246726,0.025958288460969925,0.14004959166049957,0.5,0.012879520654678345,160.9199981689453,479.3599853515625,0.0
20260720,full_joint_loss,122,0.0687907290458679,0.4109347193058275,0.0258939228951931,0.14004959166049957,0.5066666603088379,0.012831459753215313,160.7066650390625,478.9866638183594,0.0
20260720,full_joint_loss,123,0.06655791282653807,0.40559540340515404,0.02318367175757885,0.13431231677532196,0.5333333611488342,0.014282625168561935,165.77333068847656,487.85333251953125,0.0
20260720,full_joint_loss,124,0.0644319200515747,0.4003254617699001,0.025725724175572395,0.13992753624916077,0.5066666603088379,0.012683173641562462,161.72000122070312,480.760009765625,0.0
20260720,full_joint_loss,125,0.061725690364837646,0.39512399301329765,0.02491402067244053,0.13992753624916077,0.5133333206176758,0.01620694249868393,163.53334045410156,483.9333190917969,0.0
20260720,full_joint_loss,126,0.05947240591049195,0.38999010746038726,0.02529362589120865,0.13992753624916077,0.5066666603088379,0.01304937805980444,161.82666015625,480.9466552734375,0.0
20260720,full_joint_loss,127,0.05675864696502687,0.3849229269958451,0.023398827761411667,0.13431231677532196,0.5333333611488342,0.01403969805687666,164.97332763671875,486.4533386230469,0.0
20260720,full_joint_loss,128,0.055047833919525155,0.37992158491378775,0.025023335590958595,0.13992753624916077,0.5133333206176758,0.011790442280471325,162.57333374023438,482.2533264160156,0.0
20260720,full_joint_loss,129,0.05273133516311646,0.37498522576952775,0.02563992142677307,0.13992753624916077,0.5066666603088379,0.011362341232597828,162.0933380126953,481.413330078125,0.0
20260720,full_joint_loss,130,0.050033481121063234,0.3701130052332562,0.02517642080783844,0.13992753624916077,0.5066666603088379,0.013431760482490063,162.413330078125,481.97332763671875,0.0
20260720,full_joint_loss,131,0.047187757492065434,0.36530408994562563,0.025151683017611504,0.13992753624916077,0.5066666603088379,0.014623322524130344,163.16000366210938,483.2799987792969,0.0
20260720,full_joint_loss,132,0.04648266553878784,0.36055765737521017,0.024767180904746056,0.13992753624916077,0.5199999809265137,0.012246672995388508,163.05332946777344,483.09332275390625,0.0
20260720,full_joint_loss,133,0.04271250486373901,0.3558728956778169,0.0251021608710289,0.1359369307756424,0.5133333206176758,0.02886897139251232,161.98666381835938,481.2266540527344,0.0
20260720,full_joint_loss,134,0.045668666362762456,0.3512490035576255,0.021944601088762283,0.10543002933263779,0.46000000834465027,0.08898763358592987,207.10667419433594,560.1866455078125,0.09411454200744629
20260720,full_joint_loss,135,0.06033942461013793,0.34668519013013266,0.022104062139987946,0.10935228317975998,0.4866666793823242,0.08112718164920807,209.24000549316406,563.9199829101562,0.10140621662139893
20260720,full_joint_loss,136,0.07223649740219117,0.3421806747868764,0.021669160574674606,0.1056753620505333,0.47999998927116394,0.0654171034693718,208.4933319091797,562.6133422851562,0.0988541841506958
20260720,full_joint_loss,137,0.08532525777816774,0.3377346870619185,0.023686649277806282,0.1105087548494339,0.46000000834465027,0.05491306260228157,212.3333282470703,569.3333129882812,0.11197912693023682
20260720,full_joint_loss,138,0.10396748781204226,0.3333464665000618,0.022927256301045418,0.10942219942808151,0.4933333396911621,0.04777374491095543,213.39999389648438,571.2000122070312,0.11562502384185791
20260720,full_joint_loss,139,0.12497173547744754,0.3290152625267794,0.022007571533322334,0.09987260401248932,0.47333332896232605,0.043369751423597336,213.93333435058594,572.1333618164062,0.11744797229766846
20260720,full_joint_loss,140,0.14637789964675907,0.32474033431983446,0.021469619125127792,0.09749235957860947,0.4866666793823242,0.03997449204325676,213.93333435058594,572.1333618164062,0.11744797229766846
20260720,full_joint_loss,141,0.1676333069801331,0.32052095068256753,0.021180996671319008,0.09749235957860947,0.47999998927116394,0.03673025220632553,213.55999755859375,571.47998046875,0.11617183685302734
20260720,full_joint_loss,142,0.1886220288276673,0.31635638991883036,0.02110893651843071,0.09647803008556366,0.47999998927116394,0.033761922270059586,212.4933319091797,569.6133422851562,0.1125260591506958
20260720,full_joint_loss,143,0.2091841816902161,0.312245939709545,0.020989378914237022,0.09647803008556366,0.47999998927116394,0.031102491542696953,212.1199951171875,568.9600219726562,0.11125004291534424
20260720,full_joint_loss,144,0.2289686226844788,0.30818889699086655,0.02079821191728115,0.09806770831346512,0.47999998927116394,0.0288596972823143,211.2133331298828,567.3733520507812,0.10815107822418213
20260720,full_joint_loss,145,0.24837868452072148,0.30418456783392883,0.021103059872984886,0.09806770831346512,0.47999998927116394,0.02680254355072975,209.93333435058594,565.1333618164062,0.10377609729766846
20260720,full_joint_loss,146,0.2672410130500794,0.30023226732615294,0.021653253585100174,0.10392475873231888,0.4866666793823242,0.025091752409934998,208.60000610351562,562.7999877929688,0.09921872615814209
20260720,full_joint_loss,147,0.2852579760551453,0.29633131945409746,0.02112797275185585,0.10127618908882141,0.47999998927116394,0.023553192615509033,207.47999572753906,560.8400268554688,0.0953906774520874
20260720,full_joint_loss,148,0.3020929312705994,0.29248105698783144,0.021599290892481804,0.10127618908882141,0.47333332896232605,0.022165220230817795,205.98666381835938,558.2266845703125,0.0902864933013916
20260720,full_joint_loss,149,0.316469566822052,0.2886808213668089,0.023030566051602364,0.11124022305011749,0.4866666793823242,0.02073252573609352,201.13333129882812,549.7333374023438,0.07369792461395264
20260720,full_joint_loss,150,0.32438016653060914,0.2849299625872271,0.02718784287571907,0.14067289233207703,0.4933333396911621,0.02085324190557003,162.67999267578125,482.44000244140625,0.0
20260720,full_joint_loss,151,0.32450295686721803,0.2812278390908475,0.024952637031674385,0.11976181715726852,0.4866666793823242,0.017121680080890656,188.17333984375,527.0533447265625,0.029401063919067383
20260720,full_joint_loss,152,0.3303811812400818,0.277573817655262,0.024718279018998146,0.11815492063760757,0.47999998927116394,0.01768272928893566,191.53334045410156,532.933349609375,0.04088544845581055
20260720,full_joint_loss,153,0.3333273196220398,0.2739672732855847,0.026347702369093895,0.13687185943126678,0.4933333396911621,0.020094212144613266,161.0800018310547,479.6400146484375,0.0
20260720,full_joint_loss,154,0.3321465706825257,0.2704075891075505,0.02520267851650715,0.13071134686470032,0.5066666603088379,0.017293935641646385,163.10667419433594,483.1866760253906,0.0
20260720,full_joint_loss,155,0.33257339239120487,0.2668941562620035,0.02520267851650715,0.13071134686470032,0.5066666603088379,0.017198238521814346,163.10667419433594,483.1866760253906,0.0
20260720,full_joint_loss,156,0.3314972853660584,0.26342637380075573,0.02508600801229477,0.13071134686470032,0.5133333206176758,0.01838291622698307,161.24000549316406,479.9200134277344,0.0
20260720,full_joint_loss,157,0.3309728837013245,0.260003648583799,0.02499064989387989,0.13071134686470032,0.5133333206176758,0.01842045783996582,160.7066650390625,478.9866638183594,0.0
20260720,full_joint_loss,158,0.32738360643386843,0.25662539517785243,0.02591879852116108,0.13532525300979614,0.5133333206176758,0.01852501556277275,160.3333282470703,478.3333435058594,0.0
20260720,full_joint_loss,159,0.32587110042572026,0.2532910357562287,0.025974873453378677,0.13532525300979614,0.5066666603088379,0.019855471327900887,160.4933319091797,478.61334228515625,0.0
20260720,full_joint_loss,160,0.32305803298950203,0.25,0.025673508644104004,0.13532525300979614,0.5133333206176758,0.019294217228889465,160.1199951171875,477.9599914550781,0.0
